# 3ds Max Wavefront OBJ Exporter v0.97b - (c)2007 guruware
# File Created: 09.08.2016 17:38:23

mtllib Generic_Bike_v01_w_Biker.mtl

#
# object Wheel_R
#

v  60.232403 61.018402 -506.656311
v  -55.789715 61.018402 -506.656342
v  -55.789700 14.617676 -596.310669
v  60.232418 14.617676 -596.310669
v  60.232395 131.747253 -435.927490
v  -55.789722 131.747253 -435.927490
v  60.232388 427.758850 -389.526764
v  -55.789730 427.758850 -389.526764
v  -55.789734 324.581512 -372.859283
v  60.232384 324.581512 -372.859283
v  60.232418 634.545288 -596.310669
v  60.232433 651.212769 -699.490540
v  -55.789684 651.212769 -699.490601
v  -55.789700 634.545288 -596.310669
v  60.232449 634.545288 -802.667908
v  -55.789669 634.545288 -802.667908
v  60.232464 588.144653 -892.322266
v  -55.789654 588.144653 -892.322327
v  60.232471 517.415771 -963.051147
v  60.232479 427.758850 -1009.451904
v  -55.789639 427.758850 -1009.451904
v  -55.789646 517.415771 -963.051147
v  60.232483 324.581512 -1026.119385
v  60.232479 221.404175 -1009.451904
v  -55.789639 221.404175 -1009.451904
v  -55.789635 324.581512 -1026.119385
v  60.232471 131.747253 -963.051147
v  -55.789646 131.747253 -963.051147
v  60.232449 14.617676 -802.667908
v  -55.789669 14.617676 -802.667908
v  -55.789654 61.018402 -892.322327
v  60.232464 61.018402 -892.322266
v  -55.789684 -2.049774 -699.490601
v  -121.118477 39.344604 -699.490601
v  -121.118462 53.901337 -789.592041
v  -121.118492 53.901337 -609.386658
v  -121.118500 94.419403 -531.093628
v  -121.118515 156.187134 -469.328491
v  -55.789730 221.404175 -389.526764
v  -121.118515 234.480087 -428.807922
v  -121.118523 324.581512 -414.253723
v  -121.118515 414.682922 -428.807922
v  -55.789722 517.415771 -435.927490
v  -121.118515 492.975891 -469.328491
v  -55.789715 588.144653 -506.656342
v  -121.118500 554.741089 -531.093628
v  -121.118492 595.261658 -609.386658
v  -121.118477 609.815857 -699.490601
v  -121.118462 595.261658 -789.592041
v  -121.118454 554.741089 -867.884949
v  -121.118439 492.975891 -929.650208
v  -121.118439 414.682922 -970.170776
v  -121.118431 324.581512 -984.725037
v  -121.118439 234.480087 -970.170776
v  -121.118439 156.184601 -929.650208
v  -121.118454 94.419403 -867.884949
v  -100.122849 83.637115 -699.490601
v  -100.122833 95.930725 -775.599182
v  -100.122864 95.930725 -623.379517
v  -100.122871 130.159760 -557.242981
v  -100.122879 182.333893 -505.068848
v  -100.122887 248.470413 -470.839783
v  -100.122887 324.581512 -458.546204
v  -100.122887 400.692627 -470.839783
v  -100.122879 466.826599 -505.068848
v  -100.122871 519.003296 -557.242981
v  -100.122864 553.229797 -623.379517
v  -100.122849 565.525879 -699.490601
v  -100.122833 553.229797 -775.599182
v  -100.122826 519.003296 -841.735718
v  -100.122818 466.826599 -893.909851
v  -100.122810 400.692627 -928.138855
v  -100.122810 324.581512 -940.434998
v  -100.122810 248.470413 -928.138855
v  -100.122818 182.333893 -893.909851
v  -100.122826 130.159760 -841.735718
v  -100.122849 104.510834 -699.490601
v  -100.122841 115.740189 -769.007874
v  -100.122856 115.740189 -629.970825
v  -100.122871 147.002487 -569.564514
v  -100.122879 194.657974 -521.911560
v  -100.122879 255.064240 -490.649292
v  -100.122879 324.581512 -479.417419
v  -100.122879 394.098785 -490.649292
v  -100.122879 454.505066 -521.911560
v  -100.122871 502.160522 -569.564514
v  -100.122856 533.422852 -629.970825
v  -100.122849 544.652222 -699.490601
v  -100.122841 533.422852 -769.007874
v  -100.122826 502.160522 -829.414185
v  -100.122818 454.505066 -877.067078
v  -100.122818 394.098785 -908.329407
v  -100.122818 324.581512 -919.561279
v  -100.122818 255.064240 -908.329407
v  -100.122818 194.657974 -877.067078
v  -100.122826 147.002487 -829.414185
v  2.221376 118.468124 -699.490601
v  2.221385 128.986267 -764.598389
v  2.221366 128.986267 -634.380188
v  2.221357 158.267395 -577.806824
v  2.221351 202.897736 -533.173950
v  2.221346 259.473694 -503.895355
v  2.221344 324.581512 -493.377197
v  2.221346 389.689331 -503.895355
v  2.221351 446.262756 -533.173950
v  2.221357 490.895630 -577.806824
v  2.221366 520.176758 -634.380188
v  2.221376 530.692383 -699.490601
v  2.221385 520.176758 -764.598389
v  2.221394 490.895630 -821.171814
v  2.221401 446.262756 -865.804749
v  2.221405 389.689331 -895.083252
v  2.221407 324.581512 -905.601440
v  2.221405 259.473694 -895.083252
v  2.221401 202.897736 -865.804749
v  2.221394 158.267395 -821.171814
v  60.232433 -2.049774 -699.490540
v  60.232388 221.404175 -389.526764
v  60.232395 517.415771 -435.927490
v  60.232403 588.144653 -506.656311
v  125.561241 53.901337 -789.591980
v  125.561226 39.344604 -699.490540
v  125.561211 53.901337 -609.386597
v  125.561203 94.419403 -531.093628
v  125.561188 156.187134 -469.328430
v  125.561188 234.480087 -428.807861
v  125.561180 324.581512 -414.253662
v  125.561188 414.682922 -428.807861
v  125.561188 492.975891 -469.328430
v  125.561203 554.741089 -531.093628
v  125.561211 595.261658 -609.386597
v  125.561226 609.815857 -699.490540
v  125.561241 595.261658 -789.591980
v  125.561249 554.741089 -867.884949
v  125.561264 492.975891 -929.650146
v  125.561264 414.682922 -970.170715
v  125.561272 324.581512 -984.724976
v  125.561264 234.480087 -970.170715
v  125.561264 156.187134 -929.650146
v  125.561249 94.419403 -867.884949
v  104.565613 95.930725 -775.599121
v  104.565598 83.637115 -699.490540
v  104.565582 95.930725 -623.379456
v  104.565575 130.159760 -557.242920
v  104.565567 182.333893 -505.068787
v  104.565559 248.470413 -470.839752
v  104.565559 324.581512 -458.546143
v  104.565559 400.692627 -470.839752
v  104.565567 466.829163 -505.068787
v  104.565575 519.003296 -557.242920
v  104.565582 553.229797 -623.379456
v  104.565598 565.525879 -699.490540
v  104.565613 553.229797 -775.599121
v  104.565620 519.003296 -841.735657
v  104.565628 466.826599 -893.909790
v  104.565636 400.692627 -928.138794
v  104.565636 324.581512 -940.432434
v  104.565636 248.470413 -928.138794
v  104.565628 182.333893 -893.909790
v  104.565620 130.159760 -841.735657
v  104.565605 115.740189 -769.007813
v  104.565598 104.510834 -699.490540
v  104.565590 115.740189 -629.970764
v  104.565575 147.002487 -569.564453
v  104.565567 194.657974 -521.911499
v  104.565567 255.064240 -490.649231
v  104.565567 324.581512 -479.417358
v  104.565567 394.098785 -490.649231
v  104.565567 454.505066 -521.911499
v  104.565575 502.160522 -569.564453
v  104.565590 533.422852 -629.970764
v  104.565598 544.652222 -699.490540
v  104.565605 533.422852 -769.007813
v  104.565620 502.160522 -829.414124
v  104.565628 454.505066 -877.067017
v  104.565628 394.098785 -908.329346
v  104.565628 324.581512 -919.561218
v  104.565628 255.064240 -908.329346
v  104.565628 194.657974 -877.067017
v  104.565620 147.002487 -829.414124
v  7.654437 520.796509 -708.022400
v  7.654438 512.871704 -711.085693
v  7.654438 513.585449 -719.119690
v  7.654439 520.595825 -722.469971
v  7.654451 493.186707 -804.684692
v  7.654451 486.643677 -801.710327
v  7.654452 482.404419 -810.353943
v  7.654453 485.881653 -816.980774
v  7.654465 372.587524 -895.675110
v  7.654464 366.996979 -889.276855
v  7.654465 359.605560 -891.923523
v  7.654466 358.226349 -899.886353
v  7.654465 272.844269 -894.158752
v  7.654464 273.397949 -886.993408
v  7.654464 263.827240 -885.964661
v  7.654465 258.787903 -891.499268
v  7.654452 150.068268 -809.703735
v  7.654451 154.802841 -802.650146
v  7.654450 150.332443 -796.193420
v  7.654450 142.285721 -796.922424
v  7.654438 120.616974 -716.785461
v  7.654438 127.683258 -715.469727
v  7.654437 125.803650 -706.907349
v  7.654436 119.151398 -703.470764
v  7.654417 161.795456 -573.765625
v  7.654417 170.042831 -575.800232
v  7.654416 174.581818 -569.391785
v  7.654415 171.142654 -562.081665
v  7.654408 240.306854 -513.836914
v  7.654408 243.959381 -520.024353
v  7.654408 252.389618 -515.376160
v  7.654407 253.344681 -507.951721
v  7.654407 391.147278 -510.651733
v  7.654408 390.911072 -517.845032
v  7.654409 398.673309 -521.091187
v  7.654408 404.992828 -516.267700
v  7.654417 467.187256 -571.936890
v  7.654418 471.055664 -579.864197
v  7.654417 479.379272 -577.397827
v  7.654415 471.563690 -563.468506
v  9.427361 367.309387 -734.860107
v  9.427361 359.255066 -735.931946
v  9.427359 372.859283 -719.579407
v  9.427357 368.213623 -713.696777
v  9.427351 353.839783 -667.641479
v  10.247771 358.475281 -668.103760
v  9.427349 334.220825 -657.108154
v  9.427349 342.018616 -654.850098
v  9.427347 296.852356 -649.663391
v  9.427349 303.390289 -656.419800
v  9.427351 283.243011 -669.427124
v  9.427349 279.768280 -660.458435
v  9.427358 250.954529 -714.270813
v  9.427357 255.986282 -708.639709
v  9.427361 264.520660 -731.159302
v  9.427361 256.720337 -730.719849
v  9.427366 310.939178 -771.702759
v  9.427365 306.585602 -766.452637
v  9.427364 329.587830 -759.205994
v  9.427366 327.906372 -767.509277
v  7.654455 487.659668 -827.963745
v  7.654451 506.295654 -801.001709
v  7.654436 530.867554 -698.164673
v  7.654441 529.114990 -734.395264
v  7.654418 493.514404 -579.315552
v  7.654413 472.117371 -550.971680
v  7.654405 386.382233 -497.499634
v  7.654408 421.446930 -512.762512
v  7.654405 258.185913 -497.936523
v  7.654407 227.457001 -509.333496
v  7.654413 170.952164 -551.352722
v  7.654417 149.598373 -575.602051
v  7.654435 111.792999 -694.545166
v  7.654440 111.991150 -727.321350
v  7.654450 132.140961 -793.432495
v  7.654454 147.624786 -821.794189
v  7.654466 249.077484 -896.927368
v  7.654467 280.786835 -905.217834
v  7.654467 352.229401 -908.781494
v  7.654466 383.631409 -901.166504
v  108.588959 313.189636 -775.205444
v  108.588959 346.326447 -766.325562
v  108.588959 280.050232 -766.325562
v  108.588951 370.588531 -675.787231
v  108.588951 255.788162 -675.787231
v  108.588951 246.910843 -708.926636
v  108.588951 379.465820 -708.926636
v  108.588959 255.788162 -742.066040
v  108.588959 370.588531 -742.066040
v  108.588943 346.326447 -651.527771
v  108.588943 280.050232 -651.527771
v  108.588943 313.189636 -642.647888
v  -5.952338 359.255066 -735.931946
v  -4.176867 482.404419 -810.353943
v  -4.176866 485.881653 -816.980774
v  -4.176864 487.659668 -827.963745
v  -4.176868 506.295654 -801.001709
v  -4.176868 493.186707 -804.684692
v  -4.176868 486.643677 -801.710327
v  -5.952338 367.309387 -734.860107
v  -5.952341 372.859283 -719.579407
v  -4.176881 513.585449 -719.119690
v  -4.176880 520.595825 -722.469971
v  -4.176878 529.114990 -734.395264
v  -4.176884 530.867554 -698.164673
v  -4.176882 520.796509 -708.022400
v  -4.176882 512.871704 -711.085693
v  -5.952342 368.213623 -713.696777
v  -6.770229 358.475281 -668.103760
v  -4.176902 471.055664 -579.864197
v  -4.176902 479.379272 -577.397827
v  -4.176902 493.514404 -579.315552
v  -4.176906 472.117371 -550.971680
v  -4.176904 471.563690 -563.468506
v  -4.176903 467.187256 -571.936890
v  -5.952349 353.839783 -667.641479
v  -5.952351 342.018616 -654.850098
v  -4.176910 398.673309 -521.091187
v  -4.176911 404.992828 -516.267700
v  -4.176912 421.446930 -512.762512
v  -4.176914 386.382233 -497.499634
v  -4.176912 391.147278 -510.651733
v  -4.176911 390.911072 -517.845032
v  -5.952351 334.220825 -657.108154
v  -5.952351 303.390289 -656.419800
v  -4.176911 252.389618 -515.376160
v  -4.176913 253.344681 -507.951721
v  -4.176914 258.185913 -497.936523
v  -4.176912 227.457001 -509.333496
v  -4.176912 240.306854 -513.836914
v  -4.176911 243.959381 -520.024353
v  -5.952352 296.852356 -649.663391
v  -5.952350 279.768280 -660.458435
v  -4.176903 174.581818 -569.391785
v  -4.176905 171.142654 -562.081665
v  -4.176906 170.952164 -551.352722
v  -4.176902 149.598373 -575.602051
v  -4.176903 161.795456 -573.765625
v  -4.176902 170.042831 -575.800232
v  -5.952349 283.243011 -669.427124
v  -5.952343 255.986282 -708.639709
v  -4.176883 125.803650 -706.907349
v  -4.176883 119.151398 -703.470764
v  -4.176885 111.792999 -694.545166
v  -4.176879 111.991150 -727.321350
v  -4.176881 120.616974 -716.785461
v  -4.176881 127.683258 -715.469727
v  -5.952342 250.954529 -714.270813
v  -5.952339 256.720337 -730.719849
v  -4.176869 150.332443 -796.193420
v  -4.176869 142.285721 -796.922424
v  -4.176869 132.140961 -793.432495
v  -4.176865 147.624786 -821.794189
v  -4.176867 150.068268 -809.703735
v  -4.176868 154.802841 -802.650146
v  -5.952339 264.520660 -731.159302
v  -5.952333 306.585602 -766.452637
v  -4.176856 263.827240 -885.964661
v  -4.176855 258.787903 -891.499268
v  -4.176854 249.077484 -896.927368
v  -4.176853 280.786835 -905.217834
v  -4.176854 272.844269 -894.158752
v  -4.176856 273.397949 -886.993408
v  -5.952333 310.939178 -771.702759
v  -5.952333 327.906372 -767.509277
v  -4.176855 359.605560 -891.923523
v  -4.176854 358.226349 -899.886353
v  -4.176852 352.229401 -908.781494
v  -4.176853 383.631409 -901.166504
v  -4.176854 372.587524 -895.675110
v  -4.176855 366.996979 -889.276855
v  -5.952335 329.587830 -759.205994
v  -105.113937 346.326447 -766.325623
v  -105.113937 313.187073 -775.205444
v  -105.113937 370.585999 -742.066101
v  -105.113945 379.465820 -708.926697
v  -105.113945 370.588531 -675.787292
v  -105.113953 346.326447 -651.527771
v  -105.113953 313.187073 -642.647949
v  -105.113953 280.050232 -651.527771
v  -105.113945 255.788162 -675.787292
v  -105.113945 246.910843 -708.926697
v  -105.113937 255.788162 -742.066101
v  -105.113937 280.050232 -766.325623
v  125.850777 382.981201 -621.408386
v  125.850777 360.954315 -607.395264
v  125.850784 366.382294 -626.747498
v  125.850784 382.115051 -637.766052
v  125.850784 394.098785 -669.549011
v  125.850784 400.182068 -673.724792
v  125.850792 424.299377 -686.772766
v  125.850784 415.368713 -661.809692
v  125.850784 401.358093 -639.785339
v  125.850784 381.281921 -666.800720
v  125.850792 354.721130 -677.161377
v  125.850792 366.102875 -700.468445
v  125.850784 372.767853 -673.674011
v  125.850784 367.682770 -670.359314
v  125.850792 405.170624 -694.121033
v  125.850792 427.436249 -713.953369
v  125.850792 404.395935 -715.398621
v  125.850792 398.523468 -718.906311
v  125.850792 390.047485 -722.408997
v  125.850800 400.890747 -742.274353
v  125.850792 393.245300 -714.435913
v  125.850792 388.340576 -693.856873
v  125.850800 354.721130 -750.745239
v  125.850800 373.664459 -750.869690
v  125.850800 385.089386 -728.347534
v  125.850800 366.102875 -727.435669
v  125.850792 386.283203 -722.111816
v  125.850800 357.217957 -760.590271
v  125.850800 359.102661 -754.819397
v  125.850800 334.678009 -766.810730
v  125.850807 374.909058 -776.287476
v  125.850800 394.322296 -760.323547
v  125.850800 366.059723 -767.034241
v  125.850800 368.239014 -773.658569
v  125.850800 415.368713 -766.094421
v  125.850800 424.299377 -741.133850
v  125.850807 401.358093 -788.118774
v  125.850792 388.896851 -674.486816
v  125.850807 325.579742 -788.012085
v  125.850807 333.867737 -794.481445
v  125.850807 350.446320 -781.342041
v  125.850807 326.590637 -791.651917
v  125.850807 332.049103 -801.154053
v  125.850807 311.627502 -808.634399
v  125.850807 337.708221 -804.997131
v  125.850807 382.981201 -806.495728
v  125.850807 373.697479 -783.564575
v  125.850807 357.319580 -796.706543
v  125.850807 360.954315 -820.508850
v  125.850815 335.993713 -829.439514
v  125.850815 308.813202 -832.576416
v  125.850815 281.632660 -829.439514
v  125.850807 292.420044 -808.634399
v  125.850800 308.813202 -772.797546
v  125.850800 285.546783 -773.658569
v  125.850807 294.241211 -785.990295
v  125.850807 319.311005 -789.023010
v  125.850800 282.948364 -766.810730
v  125.850800 262.905243 -750.745239
v  125.850800 279.481262 -773.861755
v  125.850807 269.816559 -796.053772
v  125.850807 276.448486 -784.374817
v  125.850807 270.629395 -788.929077
v  125.850807 234.645203 -806.495728
v  125.850807 256.672058 -820.508850
v  125.850807 262.470886 -796.764954
v  125.850807 245.539246 -784.349426
v  125.850807 216.268280 -788.118774
v  125.850800 232.455719 -767.549866
v  125.850784 367.637054 -655.271729
v  125.850784 334.678009 -661.093384
v  125.850784 348.838501 -638.406128
v  125.850784 343.126038 -635.640076
v  125.850784 308.813202 -655.106567
v  125.850784 330.354919 -628.817627
v  125.850784 309.234833 -630.072388
v  125.850784 344.385895 -632.078979
v  125.850784 335.671143 -624.395508
v  125.850777 335.993713 -598.464600
v  125.850777 333.237854 -618.002258
v  125.850777 308.813202 -595.330261
v  125.850777 312.417450 -613.544617
v  125.850777 281.632660 -598.464600
v  125.850777 286.296082 -620.181580
v  125.850777 291.464996 -614.916199
v  125.850777 256.672058 -607.395264
v  125.850784 263.850128 -628.230835
v  125.850784 285.846527 -633.559814
v  125.850784 290.255951 -626.160767
v  125.850777 234.645203 -621.408386
v  125.850784 216.268280 -639.785339
v  125.850784 202.257660 -661.809692
v  125.850784 248.117355 -639.246826
v  125.850784 287.106354 -637.120850
v  125.850784 282.948364 -661.093384
v  125.850784 281.391357 -639.889465
v  125.850784 262.595337 -656.752502
v  125.850792 262.905243 -677.161377
v  125.850784 262.547089 -671.840088
v  125.850792 251.523499 -700.468445
v  125.850792 257.462006 -675.154846
v  125.850792 193.327011 -686.772766
v  125.850792 221.129852 -676.666138
v  125.850784 232.440491 -658.627075
v  125.850792 190.190125 -713.953369
v  125.850792 218.434906 -703.480896
v  125.850792 215.252289 -696.823547
v  125.850784 248.947937 -668.281555
v  125.850792 235.574829 -685.309753
v  125.850800 217.045532 -742.601990
v  125.850792 215.371674 -723.468140
v  125.850800 193.327011 -741.133850
v  125.850800 202.257660 -766.094421
v  125.850792 230.985046 -707.085144
v  125.850792 234.698532 -707.773499
v  125.850792 225.407211 -701.807007
v  125.850784 239.280685 -658.525452
v  125.850784 241.617493 -665.035461
v  125.850792 234.238800 -714.105713
v  125.850800 251.523499 -727.435669
v  125.850800 242.605560 -756.399231
v  125.850800 234.701080 -761.088135
v  125.850800 241.617493 -761.118591
v  125.850800 239.445801 -738.817383
v  125.850800 252.488708 -746.401855
v  125.850800 252.816345 -752.462280
v  125.850800 258.602478 -773.732178
v  -106.884331 324.599304 -605.152466
v  -106.884331 359.021362 -616.460571
v  -106.884323 344.004883 -645.114258
v  -106.884323 319.679321 -637.250427
v  -106.884331 288.368713 -605.635010
v  -106.884323 294.157410 -637.689880
v  -106.884331 254.256546 -617.854980
v  -106.884323 270.177246 -646.358887
v  -106.884323 225.963470 -640.488892
v  -106.884323 250.304291 -662.304993
v  -106.884323 206.550247 -671.083252
v  -106.884315 236.656860 -683.813721
v  -106.884315 198.125076 -706.323242
v  -106.884315 230.692963 -708.586365
v  -106.884308 201.597260 -742.388672
v  -106.884308 233.062775 -733.973633
v  -106.884300 216.590866 -775.375610
v  -106.884308 243.535202 -757.255310
v  -106.884300 241.485413 -801.702698
v  -106.884300 261.010406 -775.914124
v  -106.884300 273.578308 -818.522583
v  -106.884300 283.631653 -787.915649
v  -106.884300 309.392334 -824.011597
v  -106.884300 308.965576 -791.918701
v  -106.884300 345.048828 -817.572632
v  -106.884300 334.258911 -787.453369
v  -106.884300 369.572540 -803.874451
v  -106.884300 350.723175 -778.291565
v  -106.884300 390.212585 -787.166321
v  -106.884308 366.641357 -766.076660
v  -106.884308 380.227814 -744.661987
v  -106.884308 409.361633 -756.991089
v  -106.884308 384.401031 -725.157288
v  -106.884308 415.691345 -729.294983
v  -106.884315 417.489624 -703.404724
v  -106.884315 385.643127 -706.470520
v  -106.884323 408.127197 -668.401001
v  -106.884315 378.909576 -681.682678
v  -106.884323 387.908813 -638.335022
v  -106.884323 364.497620 -660.468567
v  -106.884323 317.619354 -650.704834
v  -106.884323 337.629486 -657.278320
v  -106.884323 333.184509 -665.761963
v  -106.884323 316.169037 -660.173950
v  -106.884323 296.557678 -650.984192
v  -106.884323 298.259491 -660.412720
v  -106.884323 276.727905 -658.088623
v  -106.884323 281.398987 -666.452820
v  -106.884323 260.278870 -671.245789
v  -106.884315 267.413727 -677.638977
v  -106.884315 248.993652 -689.030884
v  -106.884315 257.817627 -692.762146
v  -106.884315 244.096527 -709.518494
v  -106.884315 253.652023 -710.181458
v  -106.884308 246.113281 -730.483643
v  -106.884308 255.369049 -728.009766
v  -106.884308 254.830566 -749.658142
v  -106.884308 262.780792 -744.313965
v  -106.884308 269.303497 -764.964172
v  -106.884308 275.084534 -757.326416
v  -106.884308 287.959778 -774.743164
v  -106.884308 290.949371 -765.639771
v  -106.884300 308.780182 -777.933411
v  -106.884308 308.653168 -768.352539
v  -106.884308 329.506561 -774.189453
v  -106.884308 326.275696 -765.169922
v  -106.884308 344.121735 -766.833618
v  -106.884308 339.387177 -758.654785
v  -106.884308 356.105469 -756.693909
v  -106.884308 349.067108 -750.387085
v  -106.884308 358.531158 -735.469727
v  -106.884308 367.235748 -739.150146
v  -106.884315 362.198914 -722.261658
v  -106.884315 371.411499 -723.193909
v  -106.884315 371.619781 -707.819275
v  -106.884315 362.084595 -708.738708
v  -106.884315 366.176544 -687.471313
v  -106.884315 357.456726 -691.436218
v  -106.884323 354.423981 -669.993530
v  -106.884315 347.461823 -676.574707
# 571 vertices

vn 0.271598 -0.776805 0.568163
vn -0.271599 -0.776805 0.568162
vn -0.271461 -0.913916 0.301773
vn 0.271461 -0.913916 0.301773
vn 0.271596 -0.568159 0.776808
vn -0.271597 -0.568159 0.776808
vn 0.271457 0.301771 0.913918
vn -0.271457 0.301771 0.913918
vn -0.271360 0.000000 0.962478
vn 0.271359 0.000000 0.962478
vn 0.271467 0.913914 0.301772
vn 0.271372 0.962475 -0.000002
vn -0.271372 0.962475 -0.000002
vn -0.271467 0.913914 0.301772
vn 0.271467 0.913914 -0.301774
vn -0.271467 0.913914 -0.301774
vn 0.271603 0.776804 -0.568161
vn -0.271603 0.776804 -0.568161
vn 0.271599 0.568160 -0.776806
vn 0.271457 0.301771 -0.913918
vn -0.271456 0.301771 -0.913918
vn -0.271599 0.568160 -0.776806
vn 0.271360 0.000000 -0.962478
vn 0.271457 -0.301771 -0.913918
vn -0.271455 -0.301770 -0.913918
vn -0.271359 0.000000 -0.962478
vn 0.271597 -0.568159 -0.776808
vn -0.271593 -0.568159 -0.776809
vn 0.271461 -0.913915 -0.301774
vn -0.271461 -0.913915 -0.301775
vn -0.271596 -0.776806 -0.568161
vn 0.271599 -0.776805 -0.568162
vn -0.271366 -0.962476 -0.000002
vn -0.535240 -0.844700 -0.000002
vn -0.535298 -0.802121 -0.264683
vn -0.535298 -0.802122 0.264681
vn -0.535166 -0.681840 0.498691
vn -0.535162 -0.498685 0.681846
vn -0.271457 -0.301771 0.913918
vn -0.535290 -0.264681 0.802127
vn -0.535227 0.000000 0.844708
vn -0.535290 0.264681 0.802127
vn -0.271599 0.568160 0.776806
vn -0.535167 0.498687 0.681841
vn -0.271603 0.776804 0.568161
vn -0.535175 0.681834 0.498690
vn -0.535310 0.802115 0.264679
vn -0.535251 0.844693 -0.000002
vn -0.535310 0.802114 -0.264681
vn -0.535174 0.681834 -0.498690
vn -0.535167 0.498687 -0.681841
vn -0.535290 0.264681 -0.802127
vn -0.535227 0.000000 -0.844708
vn -0.535287 -0.264679 -0.802130
vn -0.535156 -0.498691 -0.681847
vn -0.535161 -0.681844 -0.498689
vn -0.903642 0.406671 0.134347
vn -0.903615 0.428346 0.000001
vn -0.903642 0.406734 0.134157
vn -0.903642 0.406671 -0.134346
vn -0.903642 0.406734 -0.134157
vn -0.903588 0.345781 -0.252912
vn -0.903588 0.345788 -0.252902
vn -0.903587 0.252910 -0.345784
vn -0.903587 0.252903 -0.345789
vn -0.903645 0.134343 -0.406668
vn -0.903644 0.134158 -0.406729
vn -0.903618 -0.000000 -0.428339
vn -0.903646 -0.134343 -0.406665
vn -0.903646 -0.134159 -0.406726
vn -0.903588 -0.252911 -0.345780
vn -0.903588 -0.252901 -0.345788
vn -0.903588 -0.345780 -0.252913
vn -0.903588 -0.345789 -0.252901
vn -0.903642 -0.406672 -0.134346
vn -0.903642 -0.406734 -0.134157
vn -0.903615 -0.428346 0.000001
vn -0.903615 -0.428347 0.000001
vn -0.903642 -0.406671 0.134346
vn -0.903642 -0.406734 0.134158
vn -0.903588 -0.345780 0.252913
vn -0.903588 -0.345789 0.252901
vn -0.903588 -0.252911 0.345780
vn -0.903588 -0.252901 0.345787
vn -0.903643 -0.134347 0.406669
vn -0.903643 -0.134163 0.406730
vn -0.903614 0.000000 0.428348
vn -0.903614 -0.000000 0.428348
vn -0.903643 0.134345 0.406670
vn -0.903643 0.134160 0.406731
vn -0.903591 0.252908 0.345777
vn -0.903591 0.252898 0.345784
vn -0.903589 0.345780 0.252908
vn -0.903590 0.345787 0.252898
vn -1.000000 0.000000 -0.000000
vn -0.787640 0.616135 0.000002
vn -0.787335 0.585440 0.193299
vn -0.787335 0.585440 -0.193298
vn -0.786271 0.498720 -0.364769
vn -0.786264 0.364768 -0.498732
vn -0.787330 0.193299 -0.585446
vn -0.787652 0.000000 -0.616120
vn -0.787331 -0.193301 -0.585444
vn -0.786265 -0.364767 -0.498731
vn -0.786272 -0.498716 -0.364772
vn -0.787337 -0.585439 -0.193291
vn -0.787644 -0.616131 0.000002
vn -0.787337 -0.585439 0.193293
vn -0.786272 -0.498716 0.364771
vn -0.786265 -0.364767 0.498731
vn -0.787331 -0.193301 0.585444
vn -0.787652 0.000000 0.616120
vn -0.787330 0.193299 0.585446
vn -0.786263 0.364768 0.498732
vn -0.786271 0.498720 0.364769
vn -0.000000 1.000000 0.000003
vn -0.000000 0.949600 0.313466
vn 0.000000 0.949600 -0.313463
vn 0.000000 0.807147 -0.590351
vn 0.000000 0.590340 -0.807154
vn 0.000000 0.313462 -0.949601
vn 0.000000 0.000000 -1.000000
vn 0.000000 -0.313467 -0.949599
vn 0.000000 -0.590337 -0.807157
vn 0.000000 -0.807143 -0.590356
vn 0.000000 -0.949603 -0.313455
vn -0.000000 -1.000000 0.000003
vn -0.000000 -0.949602 0.313457
vn -0.000000 -0.807143 0.590356
vn -0.000000 -0.590337 0.807157
vn -0.000000 -0.313467 0.949599
vn -0.000000 0.000000 1.000000
vn -0.000000 0.313462 0.949601
vn -0.000000 0.590340 0.807154
vn -0.000000 0.807147 0.590350
vn 0.271366 -0.962476 -0.000002
vn 0.271456 -0.301771 0.913918
vn 0.271599 0.568160 0.776806
vn 0.271603 0.776804 0.568161
vn 0.535298 -0.802121 -0.264683
vn 0.535239 -0.844700 -0.000002
vn 0.535298 -0.802122 0.264682
vn 0.535166 -0.681840 0.498691
vn 0.535162 -0.498685 0.681846
vn 0.535290 -0.264681 0.802128
vn 0.535227 0.000000 0.844708
vn 0.535290 0.264681 0.802128
vn 0.535167 0.498687 0.681841
vn 0.535174 0.681834 0.498690
vn 0.535310 0.802115 0.264679
vn 0.535251 0.844693 -0.000002
vn 0.535310 0.802114 -0.264680
vn 0.535175 0.681834 -0.498690
vn 0.535167 0.498687 -0.681841
vn 0.535290 0.264681 -0.802127
vn 0.535227 0.000000 -0.844708
vn 0.535290 -0.264681 -0.802127
vn 0.535162 -0.498685 -0.681846
vn 0.535166 -0.681840 -0.498691
vn 0.903642 0.406671 0.134347
vn 0.903642 0.406734 0.134158
vn 0.903615 0.428346 0.000001
vn 0.903642 0.406734 -0.134156
vn 0.903642 0.406671 -0.134346
vn 0.903588 0.345788 -0.252902
vn 0.903588 0.345781 -0.252912
vn 0.903588 0.252903 -0.345789
vn 0.903587 0.252910 -0.345784
vn 0.903645 0.134158 -0.406729
vn 0.903645 0.134343 -0.406667
vn 0.903618 -0.000000 -0.428339
vn 0.903645 -0.134158 -0.406729
vn 0.903645 -0.134343 -0.406667
vn 0.903586 -0.252907 -0.345790
vn 0.903586 -0.252914 -0.345785
vn 0.903586 -0.345794 -0.252901
vn 0.903586 -0.345785 -0.252914
vn 0.903642 -0.406734 -0.134157
vn 0.903642 -0.406672 -0.134345
vn 0.903615 -0.428347 0.000001
vn 0.903615 -0.428346 0.000001
vn 0.903642 -0.406734 0.134158
vn 0.903642 -0.406671 0.134347
vn 0.903588 -0.345789 0.252901
vn 0.903588 -0.345780 0.252913
vn 0.903588 -0.252901 0.345788
vn 0.903588 -0.252911 0.345780
vn 0.903646 -0.134159 0.406726
vn 0.903646 -0.134343 0.406665
vn 0.903618 -0.000000 0.428339
vn 0.903644 0.134158 0.406729
vn 0.903645 0.134343 0.406667
vn 0.903587 0.252902 0.345789
vn 0.903587 0.252910 0.345784
vn 0.903588 0.345788 0.252902
vn 0.903588 0.345781 0.252912
vn 1.000000 0.000000 0.000000
vn 0.787335 0.585440 0.193299
vn 0.787640 0.616135 0.000002
vn 0.787335 0.585440 -0.193297
vn 0.786271 0.498720 -0.364769
vn 0.786264 0.364768 -0.498732
vn 0.787330 0.193299 -0.585446
vn 0.787652 0.000000 -0.616120
vn 0.787331 -0.193301 -0.585444
vn 0.786266 -0.364767 -0.498730
vn 0.786272 -0.498716 -0.364771
vn 0.787337 -0.585439 -0.193291
vn 0.787644 -0.616131 0.000002
vn 0.787337 -0.585439 0.193293
vn 0.786272 -0.498716 0.364772
vn 0.786265 -0.364767 0.498731
vn 0.787331 -0.193301 0.585444
vn 0.787652 0.000000 0.616120
vn 0.787330 0.193299 0.585446
vn 0.786263 0.364768 0.498733
vn 0.786271 0.498720 0.364769
vn 0.603231 -0.557895 0.569970
vn 0.759977 -0.011730 0.649844
vn 0.799183 0.001964 -0.601085
vn 0.586984 -0.658769 -0.470610
vn 0.681150 -0.198032 0.704853
vn 0.710731 0.343805 0.613726
vn 0.811988 -0.301884 -0.499541
vn 0.544342 -0.828083 -0.134056
vn 0.586658 0.360565 0.725138
vn 0.775427 0.606838 0.174530
vn 0.796322 -0.586147 -0.149343
vn 0.578502 -0.676331 0.455973
vn 0.681035 0.594756 0.427149
vn 0.710501 0.669116 -0.217879
vn 0.811692 -0.549948 0.196757
vn 0.544303 -0.409323 0.732249
vn 0.586720 0.793742 -0.160415
vn 0.775305 0.344798 -0.529165
vn 0.796235 -0.317086 0.515233
vn 0.578555 0.265332 0.771280
vn 0.689738 0.560246 -0.458678
vn 0.696531 0.006978 -0.717493
vn 0.819266 0.007630 0.573363
vn 0.530996 0.653829 0.539028
vn 0.586661 0.120571 -0.800807
vn 0.775647 -0.402269 -0.486366
vn 0.796439 0.395813 0.457183
vn 0.578652 0.815446 0.014478
vn 0.681188 -0.242138 -0.690906
vn 0.710808 -0.651266 -0.265718
vn 0.812106 0.548737 0.198421
vn 0.544175 0.755352 -0.365127
vn 0.612860 -0.742934 -0.269167
vn 0.773923 -0.586544 0.238766
vn 0.797648 0.555361 -0.235227
vn 0.551045 0.173866 -0.816162
vn 0.813082 -0.375566 0.444800
vn 0.737802 0.416408 -0.531274
vn 0.651113 -0.102036 -0.752091
vn 0.532539 -0.845576 0.037465
vn 0.999908 0.008417 -0.010650
vn 0.999912 0.012372 0.004765
vn 0.997397 -0.032946 0.064141
vn 0.999920 0.000803 0.012653
vn 0.999902 0.001950 0.013847
vn 0.999882 -0.015337 0.001062
vn 0.999897 -0.013982 0.003105
vn 0.999876 -0.007710 -0.013720
vn 0.999897 -0.005899 -0.013082
vn 0.999865 0.012663 -0.010492
vn 0.000000 -0.517214 -0.855856
vn -0.811985 -0.301886 -0.499545
vn 0.000000 -0.885498 -0.464643
vn 0.000000 -0.987148 -0.159807
vn -0.544342 -0.828083 -0.134056
vn 0.000000 0.822621 -0.568589
vn -0.681150 -0.198032 0.704853
vn -0.000000 -0.270482 0.962725
vn -0.000000 0.413831 0.910354
vn -0.000000 0.488732 0.872434
vn -0.710727 0.343807 0.613729
vn 0.000000 0.003267 -0.999995
vn -0.799179 0.001964 -0.601090
vn 0.000000 -0.431188 -0.902262
vn 0.000000 -0.813698 -0.581288
vn -0.586984 -0.658769 -0.470610
vn 0.000000 0.998832 -0.048316
vn -0.603231 -0.557895 0.569970
vn -0.000000 -0.699496 0.714636
vn -0.000000 -0.360545 0.932742
vn -0.000000 -0.018047 0.999837
vn -0.759974 -0.011730 0.649848
vn 0.000000 0.616885 -0.787053
vn -0.737802 0.416408 -0.531274
vn 0.000000 0.284102 -0.958794
vn 0.000000 -0.134438 -0.990922
vn -0.651112 -0.102036 -0.752091
vn -0.000000 0.798116 0.602504
vn -0.532539 -0.845576 0.037465
vn -0.000000 -0.999020 0.044264
vn -0.000000 -0.888379 0.459110
vn -0.000000 -0.645137 0.764067
vn -0.813080 -0.375568 0.444803
vn 0.000000 0.920808 -0.390016
vn -0.797645 0.555364 -0.235229
vn 0.000000 0.606726 -0.794911
vn 0.000000 0.208354 -0.978053
vn -0.551045 0.173866 -0.816162
vn -0.000000 0.399108 0.916904
vn -0.612860 -0.742934 -0.269167
vn 0.000000 -0.940195 -0.340635
vn -0.000000 -0.999461 0.032821
vn -0.000000 -0.926201 0.377031
vn -0.773920 -0.586547 0.238767
vn -0.000000 0.940408 0.340047
vn -0.812104 0.548741 0.198422
vn 0.000000 0.991828 -0.127586
vn 0.000000 0.900330 -0.435207
vn -0.544175 0.755352 -0.365127
vn -0.000000 -0.347741 0.937591
vn -0.681188 -0.242138 -0.690907
vn 0.000000 -0.330741 -0.943722
vn 0.000000 -0.861153 -0.508346
vn 0.000000 -0.925900 -0.377769
vn -0.710803 -0.651269 -0.265719
vn -0.000000 0.654541 0.756027
vn -0.796436 0.395816 0.457186
vn -0.000000 0.904861 0.425707
vn -0.000000 0.999842 0.017752
vn -0.578652 0.815446 0.014478
vn -0.000000 -0.750493 0.660879
vn -0.586660 0.120571 -0.800807
vn 0.000000 0.148884 -0.988855
vn 0.000000 -0.239512 -0.970893
vn 0.000000 -0.637341 -0.770582
vn 0.000000 -0.637341 -0.770581
vn -0.775643 -0.402272 -0.486369
vn -0.000000 0.013306 0.999911
vn -0.819263 0.007630 0.573367
vn -0.000000 0.458979 0.888447
vn -0.000000 0.771594 0.636116
vn -0.530996 0.653829 0.539028
vn 0.000000 -0.999982 -0.006045
vn -0.689738 0.560246 -0.458678
vn 0.000000 0.773758 -0.633482
vn 0.000000 0.183050 -0.983104
vn 0.000000 0.009725 -0.999953
vn -0.696526 0.006978 -0.717498
vn -0.000000 -0.524121 0.851644
vn -0.796232 -0.317089 0.515237
vn -0.000000 -0.090224 0.995922
vn -0.000000 0.325304 0.945609
vn -0.578556 0.265332 0.771280
vn 0.000000 -0.877716 -0.479182
vn -0.586720 0.793742 -0.160416
vn 0.000000 0.980183 -0.198095
vn 0.000000 0.830298 -0.557320
vn 0.000000 0.545923 -0.837835
vn -0.775302 0.344800 -0.529169
vn -0.000000 -0.941553 0.336864
vn -0.811689 -0.549952 0.196759
vn -0.000000 -0.739417 0.673247
vn -0.000000 -0.487935 0.872880
vn -0.544303 -0.409323 0.732249
vn 0.000000 -0.252950 -0.967479
vn -0.681035 0.594756 0.427149
vn -0.000000 0.812230 0.583337
vn 0.000000 0.997028 -0.077044
vn 0.000000 0.950860 -0.309621
vn -0.710497 0.669121 -0.217881
vn 0.000000 -0.969041 -0.246899
vn -0.796318 -0.586152 -0.149344
vn -0.000000 -0.985329 0.170663
vn -0.000000 -0.829162 0.559009
vn -0.578502 -0.676331 0.455973
vn 0.000000 0.235668 -0.971833
vn -0.586658 0.360565 0.725138
vn -0.000000 0.445233 0.895415
vn -0.000000 0.753039 0.657976
vn -0.000000 0.961042 0.276401
vn -0.775423 0.606842 0.174531
vn -0.999908 0.008429 -0.010666
vn -0.999912 0.012390 0.004771
vn -0.997412 -0.032806 0.063982
vn -0.999919 0.000805 0.012671
vn -0.999902 0.001953 0.013867
vn -0.999882 -0.015359 0.001063
vn -0.999881 -0.015359 0.001063
vn -0.999897 -0.014002 0.003109
vn -0.999876 -0.007722 -0.013740
vn -0.999897 -0.005908 -0.013101
vn -0.999864 0.012682 -0.010508
vn -0.000003 0.499995 -0.866029
vn 0.000000 0.000002 -1.000000
vn 0.000000 -0.000002 -1.000000
vn -0.000005 0.866026 -0.499999
vn -0.000005 0.866027 -0.499997
vn -0.000003 1.000000 -0.000018
vn -0.000000 0.866029 0.499994
vn -0.000001 0.499983 0.866035
vn -0.000000 -0.000002 1.000000
vn -0.000000 0.000002 1.000000
vn 0.000001 -0.499983 0.866035
vn -0.000000 -0.866029 0.499994
vn 0.000000 -1.000000 -0.000000
vn 0.000000 -0.866029 -0.499994
vn 0.000001 -0.499983 -0.866035
# 404 vertex normals

vt 0.455300 0.068500 0.000000
vt 0.521400 0.068500 0.000000
vt 0.521400 0.129900 0.000000
vt 0.455300 0.129900 0.000000
vt 0.455300 0.008400 0.000000
vt 0.521400 0.008400 0.000000
vt 0.545400 0.068500 0.000000
vt 0.545400 0.129900 0.000000
vt 0.545400 0.008400 0.000000
vt 0.840500 0.612200 0.000000
vt 0.883100 0.605100 0.000000
vt 0.883100 0.613700 0.000000
vt 0.842900 0.620400 0.000000
vt 0.925100 0.612700 0.000000
vt 0.922700 0.620900 0.000000
vt 0.950000 0.626100 0.000000
vt 0.945100 0.633000 0.000000
vt 0.969500 0.645600 0.000000
vt 0.962900 0.650700 0.000000
vt 0.982400 0.670500 0.000000
vt 0.974500 0.673200 0.000000
vt 0.987000 0.699000 0.000000
vt 0.978700 0.699000 0.000000
vt 0.982400 0.727600 0.000000
vt 0.974500 0.724900 0.000000
vt 0.969500 0.752400 0.000000
vt 0.962900 0.747300 0.000000
vt 0.949000 0.770500 0.000000
vt 0.945100 0.765000 0.000000
vt 0.925100 0.783300 0.000000
vt 0.922700 0.775100 0.000000
vt 0.883100 0.790400 0.000000
vt 0.883100 0.784000 0.000000
vt 0.840500 0.783800 0.000000
vt 0.842900 0.775600 0.000000
vt 0.814700 0.770500 0.000000
vt 0.820500 0.765000 0.000000
vt 0.796100 0.752400 0.000000
vt 0.802800 0.747300 0.000000
vt 0.783200 0.727600 0.000000
vt 0.791100 0.724900 0.000000
vt 0.778600 0.699000 0.000000
vt 0.787000 0.699000 0.000000
vt 0.783200 0.670500 0.000000
vt 0.791100 0.673200 0.000000
vt 0.796100 0.645600 0.000000
vt 0.802800 0.650700 0.000000
vt 0.815700 0.626100 0.000000
vt 0.820500 0.633000 0.000000
vt 0.883100 0.620700 0.000000
vt 0.845200 0.627100 0.000000
vt 0.920400 0.627600 0.000000
vt 0.941000 0.638700 0.000000
vt 0.957100 0.654900 0.000000
vt 0.967800 0.675400 0.000000
vt 0.971600 0.699000 0.000000
vt 0.967800 0.722600 0.000000
vt 0.957100 0.743100 0.000000
vt 0.941000 0.759300 0.000000
vt 0.920400 0.768400 0.000000
vt 0.883100 0.776900 0.000000
vt 0.845200 0.768900 0.000000
vt 0.824700 0.759300 0.000000
vt 0.808500 0.743100 0.000000
vt 0.797900 0.722600 0.000000
vt 0.794100 0.699000 0.000000
vt 0.797900 0.675400 0.000000
vt 0.808500 0.654900 0.000000
vt 0.824700 0.638700 0.000000
vt 0.883100 0.625500 0.000000
vt 0.846700 0.631600 0.000000
vt 0.919000 0.632100 0.000000
vt 0.938200 0.642600 0.000000
vt 0.953300 0.657700 0.000000
vt 0.963300 0.676900 0.000000
vt 0.966800 0.699000 0.000000
vt 0.963300 0.721100 0.000000
vt 0.953300 0.740300 0.000000
vt 0.938200 0.755500 0.000000
vt 0.919000 0.763900 0.000000
vt 0.883100 0.772200 0.000000
vt 0.846700 0.764400 0.000000
vt 0.827500 0.755500 0.000000
vt 0.812300 0.740300 0.000000
vt 0.802400 0.721100 0.000000
vt 0.798800 0.699000 0.000000
vt 0.802400 0.676900 0.000000
vt 0.812300 0.657700 0.000000
vt 0.827500 0.642600 0.000000
vt 0.418100 0.129900 0.000000
vt 0.418100 0.068500 0.000000
vt 0.418100 0.008400 0.000000
vt 0.632400 0.102000 0.000000
vt 0.627600 0.098700 0.000000
vt 0.629500 0.092700 0.000000
vt 0.635400 0.091500 0.000000
vt 0.559500 0.078900 0.000000
vt 0.561300 0.072200 0.000000
vt 0.642900 0.086400 0.000000
vt 0.636800 0.110700 0.000000
vt 0.160300 0.979300 0.000000
vt 0.155200 0.987100 0.000000
vt 0.160900 0.970000 0.000000
vt 0.129900 0.985600 0.000000
vt 0.139700 0.956100 0.000000
vt 0.148900 0.956600 0.000000
vt 0.137600 0.990700 0.000000
vt 0.156700 0.961700 0.000000
vt 0.146900 0.991200 0.000000
vt 0.125700 0.977300 0.000000
vt 0.131400 0.960200 0.000000
vt 0.126300 0.968000 0.000000
vt 0.833200 0.593700 0.000000
vt 0.845600 0.593700 0.000000
vt 0.845600 0.598100 0.000000
vt 0.833200 0.598100 0.000000
vt 0.849300 0.593700 0.000000
vt 0.849300 0.598100 0.000000
vt 0.850000 0.593700 0.000000
vt 0.850000 0.598100 0.000000
vt 0.850400 0.593700 0.000000
vt 0.850400 0.598100 0.000000
vt 0.851500 0.593700 0.000000
vt 0.851500 0.598100 0.000000
vt 0.852000 0.593700 0.000000
vt 0.852000 0.598100 0.000000
vt 0.863700 0.593700 0.000000
vt 0.863700 0.598100 0.000000
vt 0.853000 0.593700 0.000000
vt 0.853000 0.598100 0.000000
vt 0.932400 0.474700 0.000000
vt 0.944900 0.474700 0.000000
vt 0.944900 0.478100 0.000000
vt 0.932400 0.478100 0.000000
vt 0.948600 0.474800 0.000000
vt 0.948600 0.478100 0.000000
vt 0.949300 0.474800 0.000000
vt 0.949300 0.478100 0.000000
vt 0.949600 0.474800 0.000000
vt 0.949600 0.478100 0.000000
vt 0.951300 0.474800 0.000000
vt 0.951300 0.478100 0.000000
vt 0.952400 0.474800 0.000000
vt 0.952400 0.478100 0.000000
vt 0.963000 0.474800 0.000000
vt 0.963000 0.478100 0.000000
vt 0.374800 0.121600 0.000000
vt 0.374800 0.126800 0.000000
vt 0.362300 0.126800 0.000000
vt 0.362300 0.121600 0.000000
vt 0.387400 0.121600 0.000000
vt 0.387400 0.126800 0.000000
vt 0.400000 0.121600 0.000000
vt 0.400000 0.126800 0.000000
vt 0.261700 0.121600 0.000000
vt 0.261700 0.126800 0.000000
vt 0.249200 0.126800 0.000000
vt 0.249200 0.121600 0.000000
vt 0.274300 0.121600 0.000000
vt 0.274300 0.126800 0.000000
vt 0.286900 0.121600 0.000000
vt 0.286900 0.126800 0.000000
vt 0.299400 0.121600 0.000000
vt 0.299400 0.126800 0.000000
vt 0.312000 0.121600 0.000000
vt 0.312000 0.126800 0.000000
vt 0.324600 0.121600 0.000000
vt 0.324600 0.126800 0.000000
vt 0.337100 0.121600 0.000000
vt 0.337100 0.126800 0.000000
vt 0.349700 0.121600 0.000000
vt 0.349700 0.126800 0.000000
vt 0.515000 0.696700 0.000000
vt 0.512600 0.692900 0.000000
vt 0.515900 0.693800 0.000000
vt 0.517800 0.696500 0.000000
vt 0.523200 0.698600 0.000000
vt 0.523900 0.699600 0.000000
vt 0.526200 0.703700 0.000000
vt 0.521900 0.702200 0.000000
vt 0.518100 0.699800 0.000000
vt 0.522800 0.696400 0.000000
vt 0.524500 0.691800 0.000000
vt 0.528500 0.693800 0.000000
vt 0.523900 0.694900 0.000000
vt 0.523400 0.694000 0.000000
vt 0.527400 0.700500 0.000000
vt 0.530800 0.704300 0.000000
vt 0.531100 0.700300 0.000000
vt 0.531700 0.699300 0.000000
vt 0.532300 0.697900 0.000000
vt 0.535700 0.699700 0.000000
vt 0.530900 0.698400 0.000000
vt 0.527400 0.697600 0.000000
vt 0.537200 0.691800 0.000000
vt 0.537200 0.695100 0.000000
vt 0.533300 0.697000 0.000000
vt 0.533200 0.693800 0.000000
vt 0.532300 0.697200 0.000000
vt 0.538900 0.692200 0.000000
vt 0.537900 0.692600 0.000000
vt 0.539900 0.688400 0.000000
vt 0.541600 0.695300 0.000000
vt 0.538800 0.698600 0.000000
vt 0.540000 0.693700 0.000000
vt 0.541100 0.694100 0.000000
vt 0.539800 0.702200 0.000000
vt 0.535500 0.703700 0.000000
vt 0.543600 0.699800 0.000000
vt 0.524100 0.697700 0.000000
vt 0.543600 0.686800 0.000000
vt 0.544700 0.688200 0.000000
vt 0.542400 0.691100 0.000000
vt 0.544200 0.687000 0.000000
vt 0.545800 0.687900 0.000000
vt 0.547100 0.684400 0.000000
vt 0.546500 0.688900 0.000000
vt 0.546700 0.696700 0.000000
vt 0.542800 0.695100 0.000000
vt 0.545100 0.692200 0.000000
vt 0.549100 0.692900 0.000000
vt 0.550700 0.688600 0.000000
vt 0.551200 0.683900 0.000000
vt 0.550700 0.679300 0.000000
vt 0.547100 0.681100 0.000000
vt 0.541000 0.683900 0.000000
vt 0.541100 0.679900 0.000000
vt 0.543200 0.681400 0.000000
vt 0.543700 0.685700 0.000000
vt 0.539900 0.679500 0.000000
vt 0.537200 0.676000 0.000000
vt 0.541100 0.678900 0.000000
vt 0.544900 0.677200 0.000000
vt 0.542900 0.678400 0.000000
vt 0.543700 0.677400 0.000000
vt 0.546700 0.671200 0.000000
vt 0.549100 0.675000 0.000000
vt 0.545100 0.676000 0.000000
vt 0.542900 0.673100 0.000000
vt 0.543600 0.668000 0.000000
vt 0.540100 0.670800 0.000000
vt 0.520800 0.694000 0.000000
vt 0.521800 0.688400 0.000000
vt 0.517900 0.690800 0.000000
vt 0.517400 0.689800 0.000000
vt 0.520700 0.683900 0.000000
vt 0.516200 0.687600 0.000000
vt 0.516400 0.684000 0.000000
vt 0.516800 0.690000 0.000000
vt 0.515500 0.688500 0.000000
vt 0.511000 0.688600 0.000000
vt 0.514400 0.688100 0.000000
vt 0.510500 0.683900 0.000000
vt 0.513600 0.684500 0.000000
vt 0.511000 0.679300 0.000000
vt 0.514800 0.680100 0.000000
vt 0.513800 0.680900 0.000000
vt 0.512600 0.675000 0.000000
vt 0.516100 0.676200 0.000000
vt 0.517000 0.680000 0.000000
vt 0.515800 0.680700 0.000000
vt 0.515000 0.671200 0.000000
vt 0.518100 0.668000 0.000000
vt 0.521900 0.665600 0.000000
vt 0.518000 0.673500 0.000000
vt 0.517700 0.680200 0.000000
vt 0.521800 0.679500 0.000000
vt 0.518100 0.679200 0.000000
vt 0.521000 0.676000 0.000000
vt 0.524500 0.676000 0.000000
vt 0.523600 0.676000 0.000000
vt 0.528500 0.674100 0.000000
vt 0.524200 0.675100 0.000000
vt 0.526200 0.664100 0.000000
vt 0.524400 0.668900 0.000000
vt 0.521400 0.670800 0.000000
vt 0.530800 0.663600 0.000000
vt 0.529100 0.668400 0.000000
vt 0.527900 0.667900 0.000000
vt 0.523000 0.673600 0.000000
vt 0.525900 0.671300 0.000000
vt 0.535800 0.668200 0.000000
vt 0.532500 0.667900 0.000000
vt 0.535500 0.664100 0.000000
vt 0.539800 0.665600 0.000000
vt 0.529700 0.670600 0.000000
vt 0.529800 0.671200 0.000000
vt 0.528800 0.669600 0.000000
vt 0.521300 0.672000 0.000000
vt 0.522500 0.672400 0.000000
vt 0.530900 0.671100 0.000000
vt 0.533200 0.674100 0.000000
vt 0.538100 0.672600 0.000000
vt 0.538900 0.671200 0.000000
vt 0.538900 0.672400 0.000000
vt 0.535100 0.672000 0.000000
vt 0.536400 0.674300 0.000000
vt 0.537500 0.674300 0.000000
vt 0.541100 0.675300 0.000000
vt 0.596100 0.961100 0.000000
vt 0.591000 0.973500 0.000000
vt 0.580800 0.967300 0.000000
vt 0.584300 0.958500 0.000000
vt 0.596800 0.947700 0.000000
vt 0.584800 0.949000 0.000000
vt 0.593100 0.934800 0.000000
vt 0.582200 0.940000 0.000000
vt 0.585500 0.923800 0.000000
vt 0.576800 0.932200 0.000000
vt 0.574600 0.915800 0.000000
vt 0.569200 0.926600 0.000000
vt 0.561800 0.911800 0.000000
vt 0.560200 0.923800 0.000000
vt 0.548400 0.912200 0.000000
vt 0.550700 0.924100 0.000000
vt 0.535800 0.917000 0.000000
vt 0.541900 0.927400 0.000000
vt 0.525500 0.925500 0.000000
vt 0.534500 0.933400 0.000000
vt 0.518500 0.937000 0.000000
vt 0.529500 0.941400 0.000000
vt 0.515600 0.950100 0.000000
vt 0.527400 0.950700 0.000000
vt 0.517100 0.963400 0.000000
vt 0.528500 0.960200 0.000000
vt 0.521500 0.972800 0.000000
vt 0.531400 0.966500 0.000000
vt 0.527200 0.980800 0.000000
vt 0.535600 0.972600 0.000000
vt 0.543100 0.978200 0.000000
vt 0.537900 0.988700 0.000000
vt 0.550200 0.980200 0.000000
vt 0.547900 0.991700 0.000000
vt 0.557500 0.993000 0.000000
vt 0.557100 0.981200 0.000000
vt 0.570600 0.990400 0.000000
vt 0.566400 0.979300 0.000000
vt 0.582200 0.983700 0.000000
vt 0.574600 0.974500 0.000000
vt 0.579400 0.957400 0.000000
vt 0.576500 0.964600 0.000000
vt 0.573500 0.962800 0.000000
vt 0.576000 0.956600 0.000000
vt 0.579800 0.949600 0.000000
vt 0.576300 0.950000 0.000000
vt 0.577700 0.942100 0.000000
vt 0.574500 0.943600 0.000000
vt 0.573200 0.935700 0.000000
vt 0.570700 0.938200 0.000000
vt 0.567000 0.931100 0.000000
vt 0.565400 0.934200 0.000000
vt 0.559500 0.928800 0.000000
vt 0.559000 0.932300 0.000000
vt 0.551700 0.929000 0.000000
vt 0.552400 0.932500 0.000000
vt 0.544400 0.931700 0.000000
vt 0.546200 0.934800 0.000000
vt 0.538400 0.936700 0.000000
vt 0.541100 0.939000 0.000000
vt 0.534300 0.943400 0.000000
vt 0.537600 0.944700 0.000000
vt 0.532600 0.951000 0.000000
vt 0.536200 0.951200 0.000000
vt 0.533500 0.958700 0.000000
vt 0.536900 0.957800 0.000000
vt 0.535800 0.964300 0.000000
vt 0.539000 0.962800 0.000000
vt 0.539300 0.969000 0.000000
vt 0.541800 0.966500 0.000000
vt 0.547100 0.970400 0.000000
vt 0.545500 0.973500 0.000000
vt 0.551900 0.972100 0.000000
vt 0.551300 0.975500 0.000000
vt 0.557000 0.975900 0.000000
vt 0.556900 0.972400 0.000000
vt 0.564600 0.974400 0.000000
vt 0.563400 0.971100 0.000000
vt 0.571400 0.970500 0.000000
vt 0.569100 0.967800 0.000000
# 379 texture coords

g Wheel_R
usemtl Generic_Bike_v01
s 3
f -571/-379/-404 -570/-378/-403 -569/-377/-402 -568/-376/-401 
f -571/-379/-404 -567/-375/-400 -566/-374/-399 -570/-378/-403 
f -565/-379/-398 -564/-378/-397 -563/-377/-396 -562/-376/-395 
f -561/-376/-394 -560/-379/-393 -559/-378/-392 -558/-377/-391 
f -560/-379/-393 -557/-375/-390 -556/-374/-389 -559/-378/-392 
f -557/-376/-390 -555/-379/-388 -554/-378/-387 -556/-377/-389 
f -553/-376/-386 -552/-379/-385 -551/-378/-384 -550/-377/-383 
f -549/-376/-382 -548/-379/-381 -547/-378/-380 -546/-377/-379 
f -548/-379/-381 -545/-375/-378 -544/-374/-377 -547/-378/-380 
f -543/-375/-376 -542/-374/-375 -541/-378/-374 -540/-379/-373 
s 2
f -542/-377/-375 -539/-378/-372 -538/-373/-371 -537/-372/-370 
f -539/-378/-372 -569/-374/-402 -536/-371/-369 -538/-373/-371 
f -569/-377/-402 -570/-378/-403 -535/-373/-368 -536/-372/-369 
f -570/-378/-403 -566/-374/-399 -534/-371/-367 -535/-373/-368 
f -566/-377/-399 -533/-378/-366 -532/-373/-365 -534/-372/-367 
f -533/-378/-366 -563/-374/-396 -531/-371/-364 -532/-373/-365 
f -563/-377/-396 -564/-378/-397 -530/-373/-363 -531/-372/-364 
f -564/-378/-397 -529/-374/-362 -528/-371/-361 -530/-373/-363 
f -529/-377/-362 -527/-378/-360 -526/-373/-359 -528/-372/-361 
f -527/-378/-360 -558/-374/-391 -525/-371/-358 -526/-373/-359 
f -558/-377/-391 -559/-378/-392 -524/-373/-357 -525/-372/-358 
f -559/-378/-392 -556/-374/-389 -523/-371/-356 -524/-373/-357 
f -556/-377/-389 -554/-378/-387 -522/-373/-355 -523/-372/-356 
f -554/-378/-387 -550/-374/-383 -521/-371/-354 -522/-373/-355 
f -550/-377/-383 -551/-378/-384 -520/-373/-353 -521/-372/-354 
f -551/-378/-384 -546/-374/-379 -519/-371/-352 -520/-373/-353 
f -546/-377/-379 -547/-378/-380 -518/-373/-351 -519/-372/-352 
f -547/-378/-380 -544/-374/-377 -517/-371/-350 -518/-373/-351 
f -544/-377/-377 -541/-378/-374 -516/-373/-349 -517/-372/-350 
f -541/-378/-374 -542/-374/-375 -537/-371/-370 -516/-373/-349 
s 4
f -537/-370/-348 -538/-369/-347 -515/-368/-347 -514/-367/-346 
f -538/-369/-347 -536/-366/-345 -513/-365/-344 -515/-368/-347 
f -536/-366/-345 -535/-364/-343 -512/-363/-342 -513/-365/-344 
f -535/-364/-343 -534/-362/-341 -511/-361/-340 -512/-363/-342 
f -534/-362/-341 -532/-360/-339 -510/-359/-338 -511/-361/-340 
f -532/-360/-339 -531/-358/-337 -509/-357/-337 -510/-359/-338 
f -531/-358/-337 -530/-356/-336 -508/-355/-335 -509/-357/-337 
f -530/-356/-336 -528/-354/-334 -507/-353/-333 -508/-355/-335 
f -528/-354/-334 -526/-352/-332 -506/-351/-331 -507/-353/-333 
f -526/-352/-332 -525/-350/-330 -505/-349/-329 -506/-351/-331 
f -525/-350/-330 -524/-348/-328 -504/-347/-327 -505/-349/-329 
f -524/-348/-328 -523/-346/-326 -503/-345/-325 -504/-347/-327 
f -523/-346/-326 -522/-344/-324 -502/-343/-323 -503/-345/-325 
f -522/-344/-324 -521/-342/-322 -501/-341/-321 -502/-343/-323 
f -521/-342/-322 -520/-340/-320 -500/-339/-319 -501/-341/-321 
f -520/-340/-320 -519/-338/-318 -499/-337/-317 -500/-339/-319 
f -519/-338/-318 -518/-336/-316 -498/-335/-315 -499/-337/-317 
f -518/-336/-316 -517/-334/-314 -497/-333/-313 -498/-335/-315 
f -517/-334/-314 -516/-332/-312 -496/-331/-311 -497/-333/-313 
f -516/-332/-312 -537/-370/-348 -514/-367/-346 -496/-331/-311 
s 2
f -514/-367/-310 -515/-368/-310 -495/-330/-309 -494/-329/-308 
f -515/-368/-310 -513/-365/-310 -493/-328/-307 -495/-330/-309 
f -513/-365/-310 -512/-363/-310 -492/-327/-306 -493/-328/-307 
f -512/-363/-310 -511/-361/-310 -491/-326/-305 -492/-327/-306 
f -511/-361/-310 -510/-359/-310 -490/-325/-304 -491/-326/-305 
f -510/-359/-310 -509/-357/-310 -489/-324/-303 -490/-325/-304 
f -509/-357/-310 -508/-355/-310 -488/-323/-302 -489/-324/-303 
f -508/-355/-310 -507/-353/-310 -487/-322/-301 -488/-323/-302 
f -507/-353/-310 -506/-351/-310 -486/-321/-300 -487/-322/-301 
f -506/-351/-310 -505/-349/-310 -485/-320/-299 -486/-321/-300 
f -505/-349/-310 -504/-347/-310 -484/-319/-298 -485/-320/-299 
f -504/-347/-310 -503/-345/-310 -483/-318/-297 -484/-319/-298 
f -503/-345/-310 -502/-343/-310 -482/-317/-296 -483/-318/-297 
f -502/-343/-310 -501/-341/-310 -481/-316/-295 -482/-317/-296 
f -501/-341/-310 -500/-339/-310 -480/-315/-294 -481/-316/-295 
f -500/-339/-310 -499/-337/-310 -479/-314/-293 -480/-315/-294 
f -499/-337/-310 -498/-335/-310 -478/-313/-292 -479/-314/-293 
f -498/-335/-310 -497/-333/-310 -477/-312/-291 -478/-313/-292 
f -497/-333/-310 -496/-331/-310 -476/-311/-290 -477/-312/-291 
f -496/-331/-310 -514/-367/-310 -494/-329/-308 -476/-311/-290 
s 3
f -494/-329/-308 -495/-330/-309 -475/-310/-289 -474/-309/-288 
f -495/-330/-309 -493/-328/-307 -473/-308/-287 -475/-310/-289 
f -493/-328/-307 -492/-327/-306 -472/-307/-286 -473/-308/-287 
f -492/-327/-306 -491/-326/-305 -471/-306/-285 -472/-307/-286 
f -491/-326/-305 -490/-325/-304 -470/-305/-284 -471/-306/-285 
f -490/-325/-304 -489/-324/-303 -469/-304/-283 -470/-305/-284 
f -489/-324/-303 -488/-323/-302 -468/-303/-282 -469/-304/-283 
f -488/-323/-302 -487/-322/-301 -467/-302/-281 -468/-303/-282 
f -487/-322/-301 -486/-321/-300 -466/-301/-280 -467/-302/-281 
f -486/-321/-300 -485/-320/-299 -465/-300/-279 -466/-301/-280 
f -485/-320/-299 -484/-319/-298 -464/-299/-278 -465/-300/-279 
f -484/-319/-298 -483/-318/-297 -463/-298/-277 -464/-299/-278 
f -483/-318/-297 -482/-317/-296 -462/-297/-276 -463/-298/-277 
f -482/-317/-296 -481/-316/-295 -461/-296/-275 -462/-297/-276 
f -481/-316/-295 -480/-315/-294 -460/-295/-274 -461/-296/-275 
f -480/-315/-294 -479/-314/-293 -459/-294/-273 -460/-295/-274 
f -479/-314/-293 -478/-313/-292 -458/-293/-272 -459/-294/-273 
f -478/-313/-292 -477/-312/-291 -457/-292/-271 -458/-293/-272 
f -477/-312/-291 -476/-311/-290 -456/-291/-270 -457/-292/-271 
f -476/-311/-290 -494/-329/-308 -474/-309/-288 -456/-291/-270 
f -543/-376/-376 -455/-379/-269 -539/-378/-372 -542/-377/-375 
f -568/-375/-401 -569/-374/-402 -539/-378/-372 -455/-379/-269 
f -567/-376/-400 -454/-379/-268 -533/-378/-366 -566/-377/-399 
f -562/-375/-395 -563/-374/-396 -533/-378/-366 -454/-379/-268 
f -565/-379/-398 -453/-375/-267 -529/-374/-362 -564/-378/-397 
f -452/-379/-266 -527/-378/-360 -529/-377/-362 -453/-376/-267 
f -561/-375/-394 -558/-374/-391 -527/-378/-360 -452/-379/-266 
f -553/-375/-386 -550/-374/-383 -554/-378/-387 -555/-379/-388 
f -549/-375/-382 -546/-374/-379 -551/-378/-384 -552/-379/-385 
f -545/-376/-378 -540/-379/-373 -541/-378/-374 -544/-377/-377 
s 2
f -543/-376/-376 -451/-290/-265 -450/-289/-264 -455/-379/-269 
f -455/-379/-269 -450/-289/-264 -449/-288/-263 -568/-375/-401 
f -568/-376/-401 -449/-290/-263 -448/-289/-262 -571/-379/-404 
f -571/-379/-404 -448/-289/-262 -447/-288/-261 -567/-375/-400 
f -567/-376/-400 -447/-290/-261 -446/-289/-260 -454/-379/-268 
f -454/-379/-268 -446/-289/-260 -445/-288/-259 -562/-375/-395 
f -562/-376/-395 -445/-290/-259 -444/-289/-258 -565/-379/-398 
f -565/-379/-398 -444/-289/-258 -443/-288/-257 -453/-375/-267 
f -453/-376/-267 -443/-290/-257 -442/-289/-256 -452/-379/-266 
f -452/-379/-266 -442/-289/-256 -441/-288/-255 -561/-375/-394 
f -561/-376/-394 -441/-290/-255 -440/-289/-254 -560/-379/-393 
f -560/-379/-393 -440/-289/-254 -439/-288/-253 -557/-375/-390 
f -557/-376/-390 -439/-290/-253 -438/-289/-252 -555/-379/-388 
f -555/-379/-388 -438/-289/-252 -437/-288/-251 -553/-375/-386 
f -553/-376/-386 -437/-290/-251 -436/-289/-250 -552/-379/-385 
f -552/-379/-385 -436/-289/-250 -435/-288/-249 -549/-375/-382 
f -549/-376/-382 -435/-290/-249 -434/-289/-248 -548/-379/-381 
f -548/-379/-381 -434/-289/-248 -433/-288/-247 -545/-375/-378 
f -545/-376/-378 -433/-290/-247 -432/-289/-246 -540/-379/-373 
f -540/-379/-373 -432/-289/-246 -451/-288/-265 -543/-375/-376 
s 4
f -451/-370/-245 -431/-367/-244 -430/-368/-243 -450/-369/-243 
f -450/-369/-243 -430/-368/-243 -429/-365/-242 -449/-366/-241 
f -449/-366/-241 -429/-365/-242 -428/-363/-240 -448/-364/-239 
f -448/-364/-239 -428/-363/-240 -427/-361/-238 -447/-362/-237 
f -447/-362/-237 -427/-361/-238 -426/-359/-236 -446/-360/-235 
f -446/-360/-235 -426/-359/-236 -425/-357/-234 -445/-358/-234 
f -445/-358/-234 -425/-357/-234 -424/-355/-233 -444/-356/-232 
f -444/-356/-232 -424/-355/-233 -423/-353/-231 -443/-354/-230 
f -443/-354/-230 -423/-353/-231 -422/-351/-229 -442/-352/-228 
f -442/-352/-228 -422/-351/-229 -421/-349/-227 -441/-350/-226 
f -441/-350/-226 -421/-349/-227 -420/-347/-225 -440/-348/-224 
f -440/-348/-224 -420/-347/-225 -419/-345/-223 -439/-346/-222 
f -439/-346/-222 -419/-345/-223 -418/-343/-221 -438/-344/-220 
f -438/-344/-220 -418/-343/-221 -417/-341/-219 -437/-342/-218 
f -437/-342/-218 -417/-341/-219 -416/-339/-217 -436/-340/-216 
f -436/-340/-216 -416/-339/-217 -415/-337/-215 -435/-338/-215 
f -435/-338/-215 -415/-337/-215 -414/-335/-214 -434/-336/-213 
f -434/-336/-213 -414/-335/-214 -413/-333/-212 -433/-334/-211 
f -433/-334/-211 -413/-333/-212 -412/-331/-210 -432/-332/-209 
f -432/-332/-209 -412/-331/-210 -431/-367/-244 -451/-370/-245 
s 2
f -431/-367/-208 -411/-329/-207 -410/-330/-206 -430/-368/-208 
f -430/-368/-208 -410/-330/-206 -409/-328/-205 -429/-365/-208 
f -429/-365/-208 -409/-328/-205 -408/-327/-204 -428/-363/-208 
f -428/-363/-208 -408/-327/-204 -407/-326/-203 -427/-361/-208 
f -427/-361/-208 -407/-326/-203 -406/-325/-202 -426/-359/-208 
f -426/-359/-208 -406/-325/-202 -405/-324/-201 -425/-357/-208 
f -425/-357/-208 -405/-324/-201 -404/-323/-200 -424/-355/-208 
f -424/-355/-208 -404/-323/-200 -403/-322/-199 -423/-353/-208 
f -423/-353/-208 -403/-322/-199 -402/-321/-198 -422/-351/-208 
f -422/-351/-208 -402/-321/-198 -401/-320/-197 -421/-349/-208 
f -421/-349/-208 -401/-320/-197 -400/-319/-196 -420/-347/-208 
f -420/-347/-208 -400/-319/-196 -399/-318/-195 -419/-345/-208 
f -419/-345/-208 -399/-318/-195 -398/-317/-194 -418/-343/-208 
f -418/-343/-208 -398/-317/-194 -397/-316/-193 -417/-341/-208 
f -417/-341/-208 -397/-316/-193 -396/-315/-192 -416/-339/-208 
f -416/-339/-208 -396/-315/-192 -395/-314/-191 -415/-337/-208 
f -415/-337/-208 -395/-314/-191 -394/-313/-190 -414/-335/-208 
f -414/-335/-208 -394/-313/-190 -393/-312/-189 -413/-333/-208 
f -413/-333/-208 -393/-312/-189 -392/-311/-188 -412/-331/-208 
f -412/-331/-208 -392/-311/-188 -411/-329/-207 -431/-367/-208 
s 3
f -411/-329/-207 -474/-309/-288 -475/-310/-289 -410/-330/-206 
f -410/-330/-206 -475/-310/-289 -473/-308/-287 -409/-328/-205 
f -409/-328/-205 -473/-308/-287 -472/-307/-286 -408/-327/-204 
f -408/-327/-204 -472/-307/-286 -471/-306/-285 -407/-326/-203 
f -407/-326/-203 -471/-306/-285 -470/-305/-284 -406/-325/-202 
f -406/-325/-202 -470/-305/-284 -469/-304/-283 -405/-324/-201 
f -405/-324/-201 -469/-304/-283 -468/-303/-282 -404/-323/-200 
f -404/-323/-200 -468/-303/-282 -467/-302/-281 -403/-322/-199 
f -403/-322/-199 -467/-302/-281 -466/-301/-280 -402/-321/-198 
f -402/-321/-198 -466/-301/-280 -465/-300/-279 -401/-320/-197 
f -401/-320/-197 -465/-300/-279 -464/-299/-278 -400/-319/-196 
f -400/-319/-196 -464/-299/-278 -463/-298/-277 -399/-318/-195 
f -399/-318/-195 -463/-298/-277 -462/-297/-276 -398/-317/-194 
f -398/-317/-194 -462/-297/-276 -461/-296/-275 -397/-316/-193 
f -397/-316/-193 -461/-296/-275 -460/-295/-274 -396/-315/-192 
f -396/-315/-192 -460/-295/-274 -459/-294/-273 -395/-314/-191 
f -395/-314/-191 -459/-294/-273 -458/-293/-272 -394/-313/-190 
f -394/-313/-190 -458/-293/-272 -457/-292/-271 -393/-312/-189 
f -393/-312/-189 -457/-292/-271 -456/-291/-270 -392/-311/-188 
f -392/-311/-188 -456/-291/-270 -474/-309/-288 -411/-329/-207 
s 2
f -391/-287/-187 -390/-286/-186 -389/-285/-185 -388/-284/-184 
f -387/-287/-183 -386/-286/-182 -385/-285/-181 -384/-284/-180 
f -383/-287/-179 -382/-286/-178 -381/-285/-177 -380/-284/-176 
f -379/-287/-175 -378/-286/-174 -377/-285/-173 -376/-284/-172 
f -375/-287/-171 -374/-286/-170 -373/-285/-169 -372/-284/-168 
f -371/-287/-167 -370/-286/-166 -369/-285/-165 -368/-284/-164 
f -367/-287/-163 -366/-286/-162 -365/-285/-161 -364/-284/-160 
f -363/-287/-159 -362/-286/-158 -361/-285/-157 -360/-284/-156 
f -359/-287/-155 -358/-286/-154 -357/-285/-153 -356/-284/-152 
f -355/-286/-151 -354/-285/-150 -353/-284/-149 -352/-287/-148 
s off
f -385/-285/-147 -386/-286/-147 -351/-283/-147 -350/-282/-147 
f -349/-282/-146 -389/-285/-146 -390/-286/-146 -348/-283/-146 
f -354/-285/-145 -355/-286/-145 -347/-283/-145 -346/-282/-145 
f -358/-286/-144 -345/-283/-144 -344/-282/-144 -357/-285/-144 
f -361/-285/-143 -362/-286/-143 -343/-283/-143 -342/-282/-143 
f -366/-286/-142 -341/-283/-142 -340/-282/-142 -365/-285/-142 
f -369/-285/-141 -370/-286/-141 -339/-283/-141 -338/-282/-141 
f -374/-286/-140 -337/-283/-140 -336/-282/-140 -373/-285/-140 
f -377/-285/-139 -378/-286/-139 -335/-283/-139 -334/-282/-139 
f -382/-286/-138 -333/-283/-138 -332/-282/-138 -381/-285/-138 
f -331/-281/-208 -330/-280/-208 -387/-287/-208 -384/-284/-208 
f -329/-280/-208 -391/-287/-208 -388/-284/-208 -328/-281/-208 
f -327/-281/-208 -326/-280/-208 -352/-287/-208 -353/-284/-208 
f -325/-280/-208 -359/-287/-208 -356/-284/-208 -324/-281/-208 
f -323/-281/-208 -322/-280/-208 -363/-287/-208 -360/-284/-208 
f -321/-281/-208 -320/-280/-208 -367/-287/-208 -364/-284/-208 
f -319/-281/-208 -318/-280/-208 -371/-287/-208 -368/-284/-208 
f -317/-281/-208 -316/-280/-208 -375/-287/-208 -372/-284/-208 
f -315/-281/-208 -314/-280/-208 -379/-287/-208 -376/-284/-208 
f -313/-281/-208 -312/-280/-208 -383/-287/-208 -380/-284/-208 
s 2
f -311/-279/-208 -310/-278/-208 -309/-277/-208 
f -308/-276/-208 -307/-275/-208 -306/-274/-208 -305/-273/-208 
f -305/-273/-208 -306/-274/-208 -304/-272/-208 -303/-271/-208 
f -303/-271/-208 -304/-272/-208 -309/-277/-208 -310/-278/-208 
f -302/-270/-208 -301/-269/-208 -307/-275/-208 -308/-276/-208 
f -302/-270/-208 -300/-268/-208 -301/-269/-208 
f -299/-267/-137 -298/-266/-136 -385/-265/-181 -350/-264/-137 
s 4
f -297/-263/-135 -384/-262/-135 -385/-265/-135 -298/-266/-135 
s 2
f -296/-261/-134 -331/-260/-134 -384/-262/-180 -297/-263/-133 
s 4
f -295/-259/-132 -330/-258/-132 -331/-260/-132 -296/-261/-132 
s 2
f -294/-257/-131 -387/-256/-183 -330/-258/-130 -295/-259/-130 
s 4
f -293/-255/-129 -386/-254/-129 -387/-256/-129 -294/-257/-129 
s 2
f -292/-253/-128 -351/-252/-128 -386/-254/-182 -293/-255/-127 
f -291/-267/-126 -290/-253/-125 -389/-252/-185 -349/-264/-126 
s 4
f -289/-251/-124 -388/-250/-124 -389/-252/-124 -290/-253/-124 
s 2
f -288/-257/-123 -328/-256/-123 -388/-250/-184 -289/-251/-122 
s 4
f -287/-261/-121 -329/-260/-121 -328/-256/-121 -288/-257/-121 
s 2
f -286/-263/-120 -391/-262/-187 -329/-260/-119 -287/-261/-119 
s 4
f -285/-266/-118 -390/-265/-118 -391/-262/-118 -286/-263/-118 
s 2
f -284/-267/-117 -348/-264/-117 -390/-265/-186 -285/-266/-116 
f -283/-249/-115 -282/-248/-114 -354/-247/-150 -346/-246/-115 
s 4
f -281/-245/-113 -353/-244/-113 -354/-247/-113 -282/-248/-113 
s 2
f -280/-243/-112 -327/-242/-112 -353/-244/-149 -281/-245/-111 
s 4
f -279/-241/-110 -326/-240/-110 -327/-242/-110 -280/-243/-110 
s 2
f -278/-239/-109 -352/-238/-148 -326/-240/-108 -279/-241/-108 
s 4
f -277/-237/-107 -355/-236/-107 -352/-238/-107 -278/-239/-107 
s 2
f -276/-235/-106 -347/-234/-106 -355/-236/-151 -277/-237/-105 
f -275/-249/-104 -274/-248/-103 -357/-247/-153 -344/-246/-104 
s 4
f -273/-245/-102 -356/-244/-102 -357/-247/-102 -274/-248/-102 
s 2
f -272/-243/-101 -324/-242/-101 -356/-244/-152 -273/-245/-100 
s 4
f -271/-241/-99 -325/-240/-99 -324/-242/-99 -272/-243/-99 
s 2
f -270/-239/-98 -359/-238/-155 -325/-240/-97 -271/-241/-97 
s 4
f -269/-237/-96 -358/-236/-96 -359/-238/-96 -270/-239/-96 
s 2
f -268/-235/-95 -345/-234/-95 -358/-236/-154 -269/-237/-94 
f -267/-249/-93 -266/-248/-92 -361/-247/-157 -342/-246/-93 
s 4
f -265/-245/-91 -360/-244/-91 -361/-247/-91 -266/-248/-91 
s 2
f -264/-243/-90 -323/-242/-90 -360/-244/-156 -265/-245/-89 
s 4
f -263/-241/-88 -322/-240/-88 -323/-242/-88 -264/-243/-88 
s 2
f -262/-239/-87 -363/-238/-159 -322/-240/-86 -263/-241/-86 
s 4
f -261/-237/-85 -362/-236/-85 -363/-238/-85 -262/-239/-85 
s 2
f -260/-235/-84 -343/-234/-84 -362/-236/-158 -261/-237/-83 
f -259/-249/-82 -258/-248/-81 -365/-247/-161 -340/-246/-82 
s 4
f -257/-245/-80 -364/-244/-80 -365/-247/-80 -258/-248/-80 
s 2
f -256/-243/-79 -321/-242/-79 -364/-244/-160 -257/-245/-78 
s 4
f -255/-241/-77 -320/-240/-77 -321/-242/-77 -256/-243/-77 
s 2
f -254/-239/-76 -367/-238/-163 -320/-240/-75 -255/-241/-75 
s 4
f -253/-237/-74 -366/-236/-74 -367/-238/-74 -254/-239/-74 
s 2
f -252/-235/-73 -341/-234/-72 -366/-236/-162 -253/-237/-71 
f -251/-249/-70 -250/-248/-69 -369/-247/-165 -338/-246/-70 
s 4
f -249/-245/-68 -368/-244/-68 -369/-247/-68 -250/-248/-68 
s 2
f -248/-243/-67 -319/-242/-67 -368/-244/-164 -249/-245/-66 
s 4
f -247/-241/-65 -318/-240/-65 -319/-242/-65 -248/-243/-65 
s 2
f -246/-239/-64 -371/-238/-167 -318/-240/-63 -247/-241/-63 
s 4
f -245/-237/-62 -370/-236/-62 -371/-238/-62 -246/-239/-62 
s 2
f -244/-235/-61 -339/-234/-61 -370/-236/-166 -245/-237/-60 
f -243/-249/-59 -242/-248/-58 -373/-247/-169 -336/-246/-59 
s 4
f -241/-245/-57 -372/-244/-57 -373/-247/-57 -242/-248/-57 
s 2
f -240/-243/-56 -317/-242/-56 -372/-244/-168 -241/-245/-55 
s 4
f -239/-241/-54 -316/-240/-54 -317/-242/-54 -240/-243/-54 
s 2
f -238/-239/-53 -375/-238/-171 -316/-240/-52 -239/-241/-52 
s 4
f -237/-237/-51 -374/-236/-51 -375/-238/-51 -238/-239/-51 
s 2
f -236/-235/-50 -337/-234/-50 -374/-236/-170 -237/-237/-49 
f -235/-249/-48 -234/-248/-47 -377/-247/-173 -334/-246/-48 
s 4
f -233/-245/-46 -376/-244/-46 -377/-247/-46 -234/-248/-46 
s 2
f -232/-243/-45 -315/-242/-45 -376/-244/-172 -233/-245/-44 
s 4
f -231/-241/-43 -314/-240/-43 -315/-242/-43 -232/-243/-43 
s 2
f -230/-239/-42 -379/-238/-175 -314/-240/-41 -231/-241/-41 
s 4
f -229/-237/-40 -378/-236/-40 -379/-238/-40 -230/-239/-40 
s 2
f -228/-235/-39 -335/-234/-39 -378/-236/-174 -229/-237/-38 
f -227/-249/-37 -226/-248/-36 -381/-247/-177 -332/-246/-37 
s 4
f -225/-245/-35 -380/-244/-35 -381/-247/-35 -226/-248/-35 
s 2
f -224/-243/-34 -313/-242/-34 -380/-244/-176 -225/-245/-33 
s 4
f -223/-241/-32 -312/-240/-32 -313/-242/-32 -224/-243/-32 
s 2
f -222/-239/-31 -383/-238/-179 -312/-240/-30 -223/-241/-30 
s 4
f -221/-237/-29 -382/-236/-29 -383/-238/-29 -222/-239/-29 
s 2
f -220/-235/-28 -333/-234/-28 -382/-236/-178 -221/-237/-27 
f -286/-287/-120 -289/-284/-122 -290/-285/-125 -285/-286/-116 
f -294/-287/-131 -297/-284/-133 -298/-285/-136 -293/-286/-127 
f -222/-287/-31 -225/-284/-33 -226/-285/-36 -221/-286/-27 
f -230/-287/-42 -233/-284/-44 -234/-285/-47 -229/-286/-38 
f -238/-287/-53 -241/-284/-55 -242/-285/-58 -237/-286/-49 
f -246/-287/-64 -249/-284/-66 -250/-285/-69 -245/-286/-60 
f -254/-287/-76 -257/-284/-78 -258/-285/-81 -253/-286/-71 
f -262/-287/-87 -265/-284/-89 -266/-285/-92 -261/-286/-83 
f -270/-287/-98 -273/-284/-100 -274/-285/-103 -269/-286/-94 
f -277/-286/-105 -278/-287/-109 -281/-284/-111 -282/-285/-114 
s off
f -298/-285/-26 -299/-282/-26 -292/-283/-26 -293/-286/-26 
f -291/-282/-25 -284/-283/-25 -285/-286/-25 -290/-285/-25 
f -282/-285/-24 -283/-282/-24 -276/-283/-24 -277/-286/-24 
f -269/-286/-23 -274/-285/-23 -275/-282/-23 -268/-283/-23 
f -266/-285/-22 -267/-282/-22 -260/-283/-22 -261/-286/-22 
f -253/-286/-21 -258/-285/-21 -259/-282/-20 -252/-283/-20 
f -250/-285/-19 -251/-282/-19 -244/-283/-19 -245/-286/-19 
f -237/-286/-18 -242/-285/-18 -243/-282/-18 -236/-283/-18 
f -234/-285/-17 -235/-282/-17 -228/-283/-17 -229/-286/-17 
f -221/-286/-16 -226/-285/-16 -227/-282/-16 -220/-283/-16 
f -296/-281/-310 -297/-284/-310 -294/-287/-310 -295/-280/-310 
f -287/-280/-310 -288/-281/-310 -289/-284/-310 -286/-287/-310 
f -280/-281/-310 -281/-284/-310 -278/-287/-310 -279/-280/-310 
f -271/-280/-310 -272/-281/-310 -273/-284/-310 -270/-287/-310 
f -264/-281/-310 -265/-284/-310 -262/-287/-310 -263/-280/-310 
f -256/-281/-310 -257/-284/-310 -254/-287/-310 -255/-280/-310 
f -248/-281/-310 -249/-284/-310 -246/-287/-310 -247/-280/-310 
f -240/-281/-310 -241/-284/-310 -238/-287/-310 -239/-280/-310 
f -232/-281/-310 -233/-284/-310 -230/-287/-310 -231/-280/-310 
f -224/-281/-310 -225/-284/-310 -222/-287/-310 -223/-280/-310 
s 4
f -219/-233/-15 -310/-232/-15 -311/-231/-14 -218/-230/-13 
f -217/-229/-12 -303/-228/-11 -310/-232/-15 -219/-233/-15 
f -216/-227/-10 -305/-226/-10 -303/-228/-11 -217/-229/-12 
f -215/-225/-9 -308/-224/-9 -305/-223/-10 -216/-222/-10 
f -214/-221/-8 -302/-220/-8 -308/-224/-9 -215/-225/-9 
f -213/-219/-7 -300/-218/-6 -302/-220/-8 -214/-221/-8 
f -212/-217/-5 -301/-216/-5 -300/-218/-6 -213/-219/-7 
f -211/-215/-4 -307/-214/-4 -301/-216/-5 -212/-217/-5 
f -210/-213/-3 -306/-212/-3 -307/-214/-4 -211/-215/-4 
f -209/-211/-2 -304/-210/-2 -306/-212/-3 -210/-213/-3 
f -208/-209/-1 -309/-208/-1 -304/-210/-2 -209/-211/-2 
f -218/-230/-13 -311/-231/-14 -309/-208/-1 -208/-209/-1 
s 2
f -218/-279/-310 -208/-277/-310 -219/-278/-310 
f -215/-276/-310 -216/-273/-310 -210/-274/-310 -211/-275/-310 
f -216/-273/-310 -217/-271/-310 -209/-272/-310 -210/-274/-310 
f -217/-271/-310 -219/-278/-310 -208/-277/-310 -209/-272/-310 
f -214/-270/-310 -215/-276/-310 -211/-275/-310 -212/-269/-310 
f -214/-270/-310 -212/-269/-310 -213/-268/-310 
s 1
f -207/-207/-208 -206/-206/-208 -205/-205/-208 -204/-204/-208 
f -203/-203/-208 -202/-202/-208 -201/-201/-208 -200/-200/-208 
f -200/-200/-208 -199/-199/-208 -203/-203/-208 
f -199/-199/-208 -204/-204/-208 -198/-198/-208 -203/-203/-208 
f -197/-197/-208 -196/-196/-208 -195/-195/-208 -194/-194/-208 
f -202/-202/-208 -193/-193/-208 -201/-201/-208 
f -192/-192/-208 -201/-201/-208 -193/-193/-208 -191/-191/-208 
f -190/-190/-208 -189/-189/-208 -188/-188/-208 -191/-191/-208 
f -196/-196/-208 -187/-187/-208 -186/-186/-208 
f -185/-185/-208 -184/-184/-208 -183/-183/-208 -182/-182/-208 
f -189/-189/-208 -190/-190/-208 -187/-187/-208 -181/-181/-208 
f -185/-185/-208 -180/-180/-208 -179/-179/-208 -184/-184/-208 
f -185/-185/-208 -178/-178/-208 -180/-180/-208 
f -177/-177/-208 -176/-176/-208 -175/-175/-208 -174/-174/-208 
f -173/-173/-208 -172/-172/-208 -191/-191/-208 -188/-188/-208 
f -188/-188/-208 -176/-176/-208 -173/-173/-208 
f -171/-171/-208 -173/-173/-208 -176/-176/-208 -177/-177/-208 
f -172/-172/-208 -192/-192/-208 -191/-191/-208 
f -170/-170/-208 -203/-203/-208 -198/-198/-208 -195/-195/-208 
f -178/-178/-208 -169/-169/-208 -168/-168/-208 -167/-167/-208 
f -169/-169/-208 -166/-166/-208 -165/-165/-208 -168/-168/-208 
f -164/-164/-208 -163/-163/-208 -165/-165/-208 -166/-166/-208 
f -162/-162/-208 -171/-171/-208 -177/-177/-208 -161/-161/-208 
f -161/-161/-208 -160/-160/-208 -162/-162/-208 
f -159/-159/-208 -162/-162/-208 -160/-160/-208 -163/-163/-208 
f -158/-158/-208 -163/-163/-208 -164/-164/-208 -157/-157/-208 
f -156/-156/-208 -157/-157/-208 -164/-164/-208 -155/-155/-208 
f -154/-154/-208 -153/-153/-208 -152/-152/-208 -151/-151/-208 
f -182/-182/-208 -183/-183/-208 -181/-181/-208 
f -196/-196/-208 -182/-182/-208 -181/-181/-208 -187/-187/-208 
f -167/-167/-208 -175/-175/-208 -180/-180/-208 -178/-178/-208 
f -167/-167/-208 -174/-174/-208 -175/-175/-208 
f -178/-178/-208 -154/-154/-208 -151/-151/-208 -169/-169/-208 
f -150/-150/-208 -149/-149/-208 -148/-148/-208 -153/-153/-208 
f -147/-147/-208 -155/-155/-208 -146/-146/-208 -145/-145/-208 
f -147/-147/-208 -156/-156/-208 -155/-155/-208 
f -144/-144/-208 -143/-143/-208 -147/-147/-208 -142/-142/-208 
f -142/-142/-208 -141/-141/-208 -144/-144/-208 
f -140/-140/-208 -144/-144/-208 -141/-141/-208 -139/-139/-208 
f -197/-197/-208 -194/-194/-208 -138/-138/-208 -137/-137/-208 
f -137/-137/-208 -138/-138/-208 -136/-136/-208 -135/-135/-208 
f -134/-134/-208 -137/-137/-208 -133/-133/-208 -132/-132/-208 
f -135/-135/-208 -131/-131/-208 -130/-130/-208 -133/-133/-208 
f -131/-131/-208 -205/-205/-208 -206/-206/-208 -130/-130/-208 
f -137/-137/-208 -135/-135/-208 -133/-133/-208 
f -129/-129/-208 -128/-128/-208 -130/-130/-208 -206/-206/-208 
f -129/-129/-208 -127/-127/-208 -126/-126/-208 -128/-128/-208 
f -127/-127/-208 -125/-125/-208 -124/-124/-208 -123/-123/-208 
f -123/-123/-208 -126/-126/-208 -127/-127/-208 
f -125/-125/-208 -122/-122/-208 -124/-124/-208 
f -124/-124/-208 -121/-121/-208 -120/-120/-208 -119/-119/-208 
f -118/-118/-208 -117/-117/-208 -116/-116/-208 -115/-115/-208 
f -115/-115/-208 -121/-121/-208 -118/-118/-208 
f -122/-122/-208 -118/-118/-208 -121/-121/-208 -124/-124/-208 
f -132/-132/-208 -119/-119/-208 -120/-120/-208 -114/-114/-208 
f -134/-134/-208 -132/-132/-208 -114/-114/-208 -113/-113/-208 
f -113/-113/-208 -114/-114/-208 -112/-112/-208 -111/-111/-208 
f -110/-110/-208 -113/-113/-208 -111/-111/-208 -109/-109/-208 
f -108/-108/-208 -110/-110/-208 -109/-109/-208 -107/-107/-208 
f -116/-116/-208 -106/-106/-208 -105/-105/-208 -104/-104/-208 
f -106/-106/-208 -103/-103/-208 -102/-102/-208 -101/-101/-208 
f -101/-101/-208 -105/-105/-208 -106/-106/-208 
f -107/-107/-208 -100/-100/-208 -99/-99/-208 -108/-108/-208 
f -98/-98/-208 -97/-97/-208 -96/-96/-208 -95/-95/-208 
f -97/-97/-208 -94/-94/-208 -102/-102/-208 -96/-96/-208 
f -93/-93/-208 -108/-108/-208 -99/-99/-208 -92/-92/-208 
f -94/-94/-208 -93/-93/-208 -92/-92/-208 -102/-102/-208 
f -103/-103/-208 -96/-96/-208 -102/-102/-208 
f -115/-115/-208 -104/-104/-208 -91/-91/-208 
f -116/-116/-208 -104/-104/-208 -115/-115/-208 
f -100/-100/-208 -115/-115/-208 -91/-91/-208 -90/-90/-208 
f -100/-100/-208 -90/-90/-208 -99/-99/-208 
f -89/-89/-208 -88/-88/-208 -108/-108/-208 -93/-93/-208 
f -87/-87/-208 -98/-98/-208 -86/-86/-208 -85/-85/-208 
f -98/-98/-208 -139/-139/-208 -86/-86/-208 
f -95/-95/-208 -140/-140/-208 -139/-139/-208 -98/-98/-208 
f -88/-88/-208 -89/-89/-208 -84/-84/-208 -83/-83/-208 
f -82/-82/-208 -87/-87/-208 -85/-85/-208 -81/-81/-208 
f -82/-82/-208 -81/-81/-208 -148/-148/-208 -149/-149/-208 
f -81/-81/-208 -145/-145/-208 -146/-146/-208 -148/-148/-208 
f -149/-149/-208 -88/-88/-208 -83/-83/-208 -82/-82/-208 
f -199/-199/-208 -207/-207/-208 -204/-204/-208 
f -186/-186/-208 -170/-170/-208 -195/-195/-208 -196/-196/-208 
f -158/-158/-208 -159/-159/-208 -163/-163/-208 
f -154/-154/-208 -150/-150/-208 -153/-153/-208 
f -143/-143/-208 -156/-156/-208 -147/-147/-208 
f -80/-80/-310 -79/-79/-310 -78/-78/-310 -77/-77/-310 
s 3
f -76/-76/-310 -80/-80/-310 -77/-77/-310 -75/-75/-310 
s 2
f -74/-74/-310 -76/-76/-310 -75/-75/-310 -73/-73/-310 
s 3
f -72/-72/-310 -74/-74/-310 -73/-73/-310 -71/-71/-310 
s 1
f -70/-70/-310 -72/-72/-310 -71/-71/-310 -69/-69/-310 
s 3
f -68/-68/-310 -70/-70/-310 -69/-69/-310 -67/-67/-310 
s 2
f -66/-66/-310 -68/-68/-310 -67/-67/-310 -65/-65/-310 
s 3
f -64/-64/-310 -66/-66/-310 -65/-65/-310 -63/-63/-310 
s 1
f -62/-62/-310 -64/-64/-310 -63/-63/-310 -61/-61/-310 
s 3
f -60/-60/-310 -62/-62/-310 -61/-61/-310 -59/-59/-310 
s 2
f -58/-58/-310 -60/-60/-310 -59/-59/-310 -57/-57/-310 
s 3
f -56/-56/-310 -58/-58/-310 -57/-57/-310 -55/-55/-310 
s 1
f -54/-54/-310 -56/-56/-310 -55/-55/-310 -53/-53/-310 
s 2
f -52/-52/-310 -51/-51/-310 -50/-50/-310 -49/-49/-310 
s 3
f -49/-49/-310 -50/-50/-310 -48/-48/-310 -47/-47/-310 
s 1
f -46/-46/-310 -47/-47/-310 -48/-48/-310 -45/-45/-310 
s 3
f -44/-44/-310 -46/-46/-310 -45/-45/-310 -43/-43/-310 
s 2
f -42/-42/-310 -44/-44/-310 -43/-43/-310 -41/-41/-310 
s 3
f -79/-79/-310 -42/-42/-310 -41/-41/-310 -78/-78/-310 
s 1
f -40/-40/-310 -39/-39/-310 -38/-38/-310 -37/-37/-310 
s 3
f -36/-36/-310 -40/-40/-310 -37/-37/-310 -35/-35/-310 
s 2
f -34/-34/-310 -36/-36/-310 -35/-35/-310 -33/-33/-310 
s 3
f -32/-32/-310 -34/-34/-310 -33/-33/-310 -31/-31/-310 
s 1
f -30/-30/-310 -32/-32/-310 -31/-31/-310 -29/-29/-310 
s 3
f -28/-28/-310 -30/-30/-310 -29/-29/-310 -27/-27/-310 
s 2
f -26/-26/-310 -28/-28/-310 -27/-27/-310 -25/-25/-310 
s 3
f -24/-24/-310 -26/-26/-310 -25/-25/-310 -23/-23/-310 
s 1
f -22/-22/-310 -24/-24/-310 -23/-23/-310 -21/-21/-310 
s 3
f -20/-20/-310 -22/-22/-310 -21/-21/-310 -19/-19/-310 
s 2
f -18/-18/-310 -20/-20/-310 -19/-19/-310 -17/-17/-310 
s 3
f -16/-16/-310 -18/-18/-310 -17/-17/-310 -15/-15/-310 
s 1
f -14/-14/-310 -16/-16/-310 -15/-15/-310 -13/-13/-310 
s 2
f -12/-12/-310 -11/-11/-310 -10/-10/-310 -9/-9/-310 
s 3
f -9/-9/-310 -10/-10/-310 -8/-8/-310 -7/-7/-310 
s 1
f -6/-6/-310 -7/-7/-310 -8/-8/-310 -5/-5/-310 
s 3
f -4/-4/-310 -6/-6/-310 -5/-5/-310 -3/-3/-310 
s 2
f -2/-2/-310 -4/-4/-310 -3/-3/-310 -1/-1/-310 
s 3
f -39/-39/-310 -2/-2/-310 -1/-1/-310 -38/-38/-310 
s 4
f -26/-26/-310 -65/-65/-310 -67/-67/-310 -28/-28/-310 
f -34/-34/-310 -73/-73/-310 -75/-75/-310 -36/-36/-310 
f -18/-18/-310 -57/-57/-310 -59/-59/-310 -20/-20/-310 
f -2/-2/-310 -41/-41/-310 -43/-43/-310 -4/-4/-310 
s 3
f -52/-52/-310 -54/-54/-310 -53/-53/-310 -51/-51/-310 
f -12/-12/-310 -14/-14/-310 -13/-13/-310 -11/-11/-310 
s 4
f -9/-9/-310 -50/-50/-310 -51/-51/-310 -12/-12/-310 
# 436 polygons - 29 triangles

#
# object Wheel_F
#

v  75.152199 286.705017 571.230774
v  75.152199 336.102966 573.755493
v  75.152191 322.699371 606.483398
v  75.152191 290.281342 604.827271
v  75.152199 382.300476 591.418701
v  75.152191 370.522491 624.801880
v  75.152191 420.778900 622.495544
v  75.152191 395.701508 645.134583
v  75.152184 447.771484 663.940735
v  75.152184 416.925751 677.722778
v  75.152176 460.636597 711.697815
v  75.152176 425.465240 709.434692
v  75.152168 458.111847 761.095764
v  75.152168 422.892212 759.772400
v  75.152161 440.448669 807.293274
v  75.152168 411.165009 790.437805
v  75.152161 409.371796 845.771729
v  75.152161 386.732788 820.694336
v  75.152153 367.926605 872.764282
v  75.152161 356.087677 841.659485
v  75.152153 320.166992 885.629395
v  75.152161 312.831482 851.839783
v  75.152153 270.771606 883.104675
v  75.152161 277.754059 850.049072
v  75.152153 224.574097 865.441467
v  75.152161 241.427002 836.157776
v  75.152161 186.093094 834.364624
v  75.152161 213.123779 813.300354
v  75.152168 159.100525 792.919434
v  75.152168 187.657745 770.630920
v  75.152176 146.237961 745.159790
v  75.152176 179.834534 741.583435
v  75.152184 148.762711 695.764404
v  75.152176 181.818268 702.744324
v  75.152191 166.425873 649.564331
v  75.152184 193.575928 671.995117
v  75.152191 197.502777 611.085876
v  75.152191 226.910904 631.756409
v  75.152199 238.947952 584.093323
v  75.152191 252.729980 614.941589
v  75.152191 356.628693 637.374878
v  75.152191 326.151245 625.317505
v  75.152176 406.709839 748.974854
v  75.152176 408.317688 718.822510
v  75.152161 315.196198 833.274902
v  75.152161 346.626160 824.976685
v  75.152168 207.873596 770.859497
v  75.152168 222.336349 794.895569
v  75.152191 233.240570 650.283142
v  75.152184 213.398087 673.983887
v  75.152191 293.890717 638.743958
v  75.152191 319.206879 640.039368
v  75.152184 319.346558 653.097473
v  75.152184 295.287689 651.868164
v  75.152184 353.131104 654.060181
v  75.152184 341.845886 661.700500
v  75.152184 370.382782 667.992065
v  75.152184 360.588531 676.836304
v  75.152184 385.782806 691.636902
v  75.152184 373.733032 697.021729
v  75.152176 391.909271 714.380066
v  75.152176 379.999237 720.280457
v  75.152176 389.790924 752.010193
v  75.152176 378.769867 744.339355
v  75.152168 381.604492 773.422363
v  75.152168 370.166870 766.838684
v  75.152168 363.875305 795.375610
v  75.152168 355.031036 785.581360
v  75.152161 348.721680 805.243530
v  75.152168 334.845673 798.725830
v  75.152161 306.001434 817.758057
v  75.152161 311.584351 804.992004
v  75.152161 284.800018 816.673523
v  75.152161 287.527985 803.762695
v  75.152161 258.445007 806.597290
v  75.152168 265.026123 795.159668
v  75.152168 241.360962 792.800049
v  75.152168 246.286011 780.023804
v  75.152168 218.279984 754.778748
v  75.152168 233.141510 759.838440
v  75.152176 213.751144 737.974121
v  75.152176 226.875336 736.577087
v  75.152176 215.191345 709.792847
v  75.152176 228.104706 712.520752
v  75.152184 223.842590 687.166504
v  75.152184 236.707672 690.018921
v  75.152184 248.942871 657.613647
v  75.152184 251.843536 671.278809
v  75.152191 266.644104 646.084534
v  75.152184 272.028900 658.131775
v  36.427383 395.264618 443.189331
v  36.427387 300.784241 427.926483
v  -31.984970 300.784241 427.926483
v  -31.984974 395.264618 443.189331
v  36.427383 206.303864 443.189331
v  -31.984974 206.303864 443.189331
v  36.427380 124.205994 485.678467
v  -31.984978 124.205994 485.678467
v  36.427357 16.949432 632.541260
v  -31.985001 16.949432 632.541260
v  -31.984989 59.438538 550.443359
v  36.427368 59.438538 550.443359
v  36.427326 16.949432 821.502014
v  -31.985031 16.949432 821.502014
v  -31.985016 1.686554 727.021606
v  36.427341 1.686554 727.021606
v  36.427299 206.303864 1010.856445
v  -31.985058 206.303864 1010.856445
v  -31.985054 124.205994 968.367371
v  36.427303 124.205994 968.367371
v  36.427296 300.784241 1026.119385
v  -31.985062 300.784241 1026.119385
v  36.427303 477.362518 968.367371
v  -31.985054 477.362518 968.367371
v  -31.985058 395.264618 1010.856445
v  36.427299 395.264618 1010.856445
v  36.427315 542.130005 903.599915
v  -31.985043 542.130005 903.599915
v  36.427326 584.616577 821.502014
v  -31.985031 584.616577 821.502014
v  36.427368 542.130005 550.443359
v  36.427380 477.362518 485.678467
v  -31.984978 477.362518 485.678467
v  -31.984989 542.130005 550.443359
v  -69.709061 300.784241 461.342743
v  -69.709061 384.708374 474.901184
v  -69.709061 216.857574 474.901184
v  -69.709068 143.934174 512.640564
v  -69.709076 86.403183 570.174072
v  -69.709084 48.661316 643.097473
v  -69.709099 35.102783 727.021606
v  -69.709114 48.661316 810.948303
v  -31.985043 59.438538 903.599915
v  -69.709122 86.403183 883.871704
v  -69.709129 143.934174 941.402710
v  -69.709137 216.857574 979.144592
v  -69.709137 300.784241 992.703125
v  -69.709137 384.708374 979.144592
v  -69.709129 457.634308 941.402710
v  -69.709122 515.165344 883.871704
v  -69.709114 552.907166 810.948303
v  -31.985016 599.879395 727.021606
v  -69.709099 566.463196 727.021606
v  -31.985001 584.616577 632.541260
v  -69.709084 552.907166 643.097473
v  -69.709076 515.165344 570.171570
v  -69.709068 457.634308 512.640564
v  -63.851818 300.784241 490.479034
v  -63.851826 375.597412 502.566895
v  -63.849293 225.968567 502.566895
v  -63.849293 161.112198 536.133057
v  -63.849300 109.893097 587.352051
v  -63.849316 76.326996 652.208435
v  -63.851856 64.241669 727.021606
v  -63.851864 76.326996 801.837280
v  -63.851879 109.893097 866.693726
v  -63.851887 161.112198 917.912781
v  -63.851887 225.968567 951.478821
v  -63.851894 300.784241 963.564209
v  -63.851887 375.597412 951.478821
v  -63.851887 440.453796 917.912781
v  -63.851879 491.672882 866.693726
v  -63.851864 525.241516 801.837280
v  -63.851856 537.326843 727.021606
v  -63.851849 525.241516 652.208435
v  -63.851833 491.672882 587.352051
v  -63.851826 440.453796 536.133057
v  -63.851826 300.784241 508.335266
v  -63.851826 370.009399 519.518860
v  -63.851826 231.556549 519.518860
v  -63.849300 171.640503 550.527222
v  -63.849300 124.287277 597.880432
v  -63.849316 93.278946 657.796509
v  -63.851856 82.095322 727.021606
v  -63.851864 93.278946 796.249329
v  -63.851879 124.287277 856.165405
v  -63.851879 171.640503 903.518555
v  -63.851887 231.556549 934.526855
v  -63.851887 300.784241 945.710571
v  -63.851887 370.009399 934.526855
v  -63.851879 429.925476 903.518555
v  -63.851879 477.278687 856.165405
v  -63.851864 508.286987 796.249329
v  -63.851856 519.470581 727.021606
v  -63.851849 508.286987 657.796509
v  -63.851833 477.278687 597.880432
v  -63.851833 429.925476 550.527222
v  2.221191 300.784241 522.836121
v  2.221190 365.419617 533.278076
v  2.221190 236.146332 533.278076
v  2.221185 180.202850 562.229004
v  2.221179 135.991592 606.442749
v  2.221170 107.038132 662.386292
v  2.221160 96.596176 727.021606
v  2.221151 107.038132 791.659546
v  2.221142 135.991592 847.603027
v  2.221136 180.202850 891.814270
v  2.221131 236.146332 920.767761
v  2.221130 300.784241 931.209656
v  2.221131 365.419617 920.767761
v  2.221136 421.363129 891.814270
v  2.221142 465.576904 847.603027
v  2.221151 494.530365 791.659546
v  2.221160 504.969727 727.021606
v  2.221170 494.530365 662.386292
v  2.221179 465.576904 606.442749
v  2.221185 421.363129 562.229004
v  36.427315 59.438538 903.599915
v  36.427341 599.879395 727.021606
v  36.427357 584.616577 632.541260
v  74.151451 384.708374 474.901245
v  74.151451 300.784241 461.342743
v  74.151451 216.857574 474.901245
v  74.151443 143.934174 512.640625
v  74.151436 86.403183 570.174072
v  74.151428 48.661316 643.097473
v  74.151413 35.102783 727.021667
v  74.151398 48.661316 810.948364
v  74.151390 86.403183 883.871765
v  74.151382 143.934174 941.402710
v  74.151375 216.857574 979.144653
v  74.151375 300.784241 992.703125
v  74.151375 384.708374 979.144653
v  74.151382 457.634308 941.402710
v  74.151390 515.165344 883.871765
v  74.151398 552.907166 810.948364
v  74.151413 566.463196 727.021667
v  74.151428 552.907166 643.097473
v  74.151436 515.165344 570.174072
v  74.151443 457.634308 512.640625
v  68.291672 375.597412 502.566956
v  68.291679 300.784241 490.479065
v  68.291672 225.968567 502.566956
v  68.291672 161.112198 536.133057
v  68.291664 109.893097 587.352112
v  68.291649 76.326996 652.208496
v  68.291641 64.241669 727.021667
v  68.291634 76.326996 801.837341
v  68.291618 109.893097 866.693726
v  68.291611 161.112198 917.912781
v  68.291611 225.968567 951.478882
v  68.291603 300.784241 963.564270
v  68.291611 375.597412 951.478882
v  68.291611 440.453796 917.912781
v  68.291618 491.675415 866.693726
v  68.291634 525.241516 801.837341
v  68.291641 537.326843 727.021667
v  68.291649 525.241516 652.208496
v  68.291664 491.675415 587.352112
v  68.291672 440.453796 536.133057
v  68.291672 370.009399 519.518921
v  68.291672 300.784241 508.335266
v  68.291672 231.556549 519.518921
v  68.291664 171.640503 550.527222
v  68.291664 124.287277 597.880432
v  68.291649 93.278946 657.796509
v  68.291641 82.095322 727.021667
v  68.291634 93.278946 796.249329
v  68.291618 124.287277 856.165405
v  68.291618 171.640503 903.518616
v  68.291611 231.556549 934.526917
v  68.291611 300.784241 945.710632
v  68.291611 370.009399 934.526917
v  68.291618 429.925476 903.518616
v  68.291618 477.278687 856.165405
v  68.291634 508.286987 796.249329
v  68.291641 519.470581 727.021667
v  68.291649 508.286987 657.796509
v  68.291664 477.278687 597.880432
v  68.291664 429.925476 550.527222
v  61.337120 253.845062 725.789734
v  61.337112 220.959656 766.315430
v  52.645237 220.959656 766.315430
v  52.645245 253.845062 725.789734
v  61.337128 225.206543 682.513184
v  52.645252 225.206543 682.513184
v  61.337124 281.622498 691.489624
v  61.337128 233.103424 672.614807
v  52.645252 233.103424 672.614807
v  52.645248 281.622498 691.489624
v  61.337132 314.154816 650.808960
v  52.645256 314.154816 650.808960
v  61.337124 322.826355 707.306152
v  61.337132 325.808319 655.073608
v  52.645256 325.808319 655.073608
v  52.645248 322.826355 707.306152
v  61.337120 371.706116 725.667847
v  52.645245 371.706116 725.667847
v  61.337116 320.517517 751.382813
v  61.337120 370.654572 738.258606
v  52.645245 370.654572 738.258606
v  52.645241 320.517517 751.382813
v  61.337109 318.013062 803.186096
v  52.645233 318.013062 803.186096
v  61.337116 277.883606 762.805176
v  61.337109 305.833771 806.561768
v  52.645233 305.833771 806.561768
v  52.645241 277.883606 762.805176
v  61.337112 227.472229 776.582153
v  52.645237 227.472229 776.582153
v  61.337120 384.571228 720.283020
v  61.337132 336.295990 645.286987
v  52.645256 336.295990 645.286987
v  52.645245 384.571228 720.283020
v  61.337109 327.469482 813.417175
v  61.337116 383.153900 745.492493
v  52.645241 383.153900 745.492493
v  52.645233 327.469482 813.417175
v  61.337112 220.718384 788.878296
v  61.337105 303.176941 820.704468
v  52.645229 303.176941 820.704468
v  52.645237 220.718384 788.878296
v  61.337128 211.551514 679.853821
v  61.337112 206.888062 767.562561
v  52.645237 206.888062 767.562561
v  52.645252 211.551514 679.853821
v  61.337135 312.315857 637.232666
v  61.337132 227.507782 660.128174
v  52.645256 227.507782 660.128174
v  52.645260 312.315857 637.232666
v  52.754463 390.728210 722.972900
v  61.309177 390.837402 723.132935
v  61.309174 390.400513 741.862854
v  52.754459 390.265930 742.002563
v  61.309177 384.418823 732.657898
v  52.754463 384.225769 732.642639
v  61.309189 218.770203 656.640808
v  52.754475 218.958160 656.595093
v  52.754471 205.564728 673.839111
v  61.309185 205.562195 673.643555
v  52.754452 212.064590 791.418274
v  61.309166 211.879166 791.359863
v  61.309170 199.765915 773.485840
v  52.754456 199.781158 773.292847
v  52.754448 326.049652 821.217529
v  61.309162 325.935333 821.375000
v  61.309162 305.221619 827.125610
v  52.754448 305.043823 827.049316
v  61.309193 335.607666 638.172485
v  52.754478 335.706696 638.337585
v  52.754478 315.328308 630.595642
v  61.309193 315.513702 630.537231
v  61.309189 323.583282 639.130005
v  52.754475 323.512177 639.310364
v  61.309162 314.050659 819.312500
v  52.754448 313.997314 819.127136
v  61.309170 210.187531 779.561523
v  52.754456 210.347549 779.454895
v  61.309185 216.148911 668.459412
v  52.754471 216.301331 668.578796
v  7.486570 481.815155 796.315369
v  7.486571 475.924866 790.531799
v  7.486572 479.651062 783.638245
v  7.486572 487.197388 783.343567
v  7.486585 494.372864 699.432190
v  7.486585 487.390442 699.569336
v  7.486586 486.933258 690.224670
v  7.486587 492.587280 685.647583
v  7.486604 421.764465 571.830200
v  7.486603 414.314636 575.388733
v  7.486604 408.736755 570.184265
v  7.486605 410.570679 562.549011
v  7.486609 332.173553 534.804565
v  7.486609 329.912964 541.411133
v  7.486609 320.974701 538.647583
v  7.486610 318.607422 531.769287
v  7.486605 190.116455 562.929993
v  7.486604 191.625214 571.045288
v  7.486603 185.153290 575.086487
v  7.486604 178.252106 571.339966
v  7.486594 128.082047 634.512329
v  7.486594 133.878311 638.406128
v  7.486593 128.907532 645.325073
v  7.486593 121.650757 645.830566
v  7.486573 109.796570 777.984192
v  7.486572 117.939819 779.343079
v  7.486571 119.522232 786.805603
v  7.486570 113.642136 792.010071
v  7.486560 156.796738 861.674683
v  7.486561 162.438065 857.557373
v  7.486559 168.173386 864.948669
v  7.486558 166.166794 871.941345
v  7.486551 290.179749 922.555908
v  7.486552 292.734985 916.048462
v  7.486552 300.911255 916.134766
v  7.486551 304.695862 922.870911
v  7.486555 381.617188 897.125366
v  7.486556 388.117065 891.539978
v  7.486555 394.596619 896.945068
v  7.486553 382.262360 906.365906
v  10.006260 407.814789 728.103699
v  10.006260 402.442688 724.888062
v  10.006258 407.078156 740.605530
v  10.006257 401.998169 743.351318
v  10.006244 327.774292 834.339233
v  10.006245 327.136749 825.098694
v  10.006244 307.286652 836.096863
v  10.006243 313.075317 840.864380
v  10.006249 198.432419 798.573425
v  10.006249 206.326752 795.281616
v  10.006252 194.182983 777.161255
v  10.006251 188.048889 783.401978
v  10.006269 195.384399 661.669983
v  10.006269 197.665344 668.507690
v  10.006271 213.654633 651.997681
v  10.006271 206.651840 649.437317
v  10.006276 325.379059 617.413025
v  10.006276 319.953613 620.179077
v  10.006274 336.245178 634.245605
v  10.006275 337.802216 626.846558
v  7.486588 498.398804 676.531494
v  7.486583 504.654785 707.763367
v  7.486568 487.011963 808.987427
v  7.486573 499.389374 775.982666
v  7.486554 407.946838 900.671265
v  7.486552 377.946899 917.732483
v  7.486549 280.865570 932.459351
v  7.486549 318.025787 932.332336
v  7.486557 166.634155 882.744019
v  7.486560 143.596359 860.747559
v  7.486569 109.344467 801.509644
v  7.486574 99.616257 771.651978
v  7.486592 111.648224 650.963867
v  7.486596 124.437134 621.791992
v  7.486604 167.855896 570.550049
v  7.486607 192.585327 551.197754
v  7.486611 312.028839 523.189148
v  7.486610 343.517212 527.992310
v  7.486607 408.642822 552.300110
v  7.486604 433.735474 571.179932
v  1.738563 322.826355 707.306152
v  1.738557 320.517517 751.382813
v  1.738555 277.883606 762.805176
v  1.738566 281.622498 691.489624
v  1.738561 253.845062 725.789734
v  1.738560 383.268219 732.866211
v  1.738562 390.491974 720.354187
v  74.174271 391.299683 721.751099
v  74.174271 384.883636 732.866211
v  1.738562 404.939484 720.354187
v  74.174271 404.131775 721.751099
v  1.738560 412.163269 732.866211
v  74.174271 410.550354 732.866211
v  1.738558 404.939484 745.375671
v  74.174271 404.131775 743.978699
v  1.738558 390.491974 745.375671
v  74.174271 391.299683 743.978699
v  1.738573 323.004150 641.931641
v  1.738575 313.715393 630.864868
v  74.174286 315.305420 630.582947
v  74.174286 323.555359 640.415222
v  1.738577 318.658234 617.288574
v  74.174286 319.694550 618.525574
v  1.738577 332.884766 614.779053
v  74.174286 332.333588 616.295471
v  1.738576 342.171021 625.845825
v  74.174286 340.580963 626.127747
v  1.738574 337.230713 639.422119
v  74.174286 336.191833 638.185181
v  1.738572 195.295502 651.271240
v  1.738573 208.871811 646.328369
v  74.174286 208.592422 647.918457
v  74.174278 196.532501 652.307556
v  1.738571 219.938599 655.614624
v  74.174278 218.422226 656.168335
v  1.738569 217.431610 669.843689
v  74.174278 216.194611 668.804871
v  1.738568 203.855316 674.783997
v  74.174278 204.134720 673.193970
v  1.738570 192.788528 665.497742
v  74.174278 194.304901 664.946594
v  1.738550 187.764420 795.258728
v  1.738552 187.208160 782.114258
v  74.174263 187.967621 781.550415
v  74.174263 189.087753 794.334167
v  1.738554 198.340973 772.581665
v  74.174263 198.480682 774.189453
v  1.738553 211.434662 778.685242
v  74.174263 210.111343 779.612305
v  1.738550 212.691986 793.079407
v  74.174263 211.228943 792.396179
v  1.738549 200.858124 801.364929
v  74.174263 200.718414 799.757080
v  1.738547 314.472321 817.763184
v  1.738546 328.427063 821.502014
v  74.174255 327.284058 822.642456
v  74.174255 314.888855 819.322693
v  1.738544 332.165955 835.456787
v  74.174255 330.606384 835.037720
v  1.738543 321.950073 845.672607
v  74.174255 321.530975 844.113159
v  1.738543 307.995300 841.933777
v  74.174255 309.135773 840.790771
v  1.738545 304.256409 827.979004
v  74.174255 305.815979 828.395569
v  -57.862537 253.845062 725.789734
v  -49.168118 253.845062 725.789734
v  -49.168125 220.959656 766.315430
v  -57.862545 220.959656 766.315430
v  -57.862530 225.206543 682.513184
v  -49.168110 225.206543 682.513184
v  -57.862534 281.622498 691.489563
v  -49.168114 281.622498 691.489563
v  -49.168110 233.103424 672.614807
v  -57.862530 233.103424 672.614807
v  -57.862526 314.154816 650.808960
v  -49.168106 314.154816 650.808960
v  -57.862534 322.826355 707.306152
v  -49.168114 322.826355 707.306152
v  -49.168106 325.808319 655.073608
v  -57.862526 325.808319 655.073608
v  -57.862537 371.706116 725.667847
v  -49.168118 371.706116 725.667847
v  -57.862541 320.517517 751.382751
v  -49.168121 320.517517 751.382751
v  -49.168118 370.654572 738.258606
v  -57.862537 370.654572 738.258606
v  -57.862549 318.013062 803.186035
v  -49.168129 318.013062 803.186035
v  -57.862541 277.883606 762.805176
v  -49.168121 277.883606 762.805176
v  -49.168129 305.833771 806.561707
v  -57.862549 305.833771 806.561707
v  -57.862545 227.472229 776.582092
v  -49.168125 227.472229 776.582092
v  -57.862537 384.571228 720.283020
v  -49.168118 384.571228 720.283020
v  -49.168106 336.295990 645.286987
v  -57.862526 336.295990 645.286987
v  -57.862549 327.469482 813.417175
v  -49.168129 327.469482 813.417175
v  -49.168121 383.153900 745.492493
v  -57.862541 383.153900 745.492493
v  -57.862545 220.718384 788.878235
v  -49.168125 220.718384 788.878235
v  -49.168133 303.174377 820.704468
v  -57.862553 303.176941 820.704468
v  -57.862530 211.551514 679.853821
v  -49.168110 211.551514 679.853821
v  -49.168125 206.888062 767.562561
v  -57.862545 206.888062 767.562561
v  -57.862522 312.315857 637.232605
v  -49.168102 312.315857 637.232605
v  -49.168106 227.507782 660.128174
v  -57.862526 227.507782 660.128174
v  -57.832058 390.837402 723.132874
v  -49.279881 390.728210 722.972900
v  -49.279884 390.265930 742.002563
v  -57.832062 390.400513 741.862854
v  -57.832058 384.418823 732.657898
v  -49.279881 384.225769 732.642639
v  -49.279869 218.958160 656.595032
v  -57.832047 218.770203 656.640808
v  -57.832050 205.562195 673.643555
v  -49.279873 205.564728 673.839111
v  -57.832069 211.879166 791.359863
v  -49.279892 212.064590 791.418274
v  -49.279888 199.781158 773.292847
v  -57.832066 199.765915 773.485840
v  -57.832073 325.935333 821.375000
v  -49.279896 326.049652 821.217529
v  -49.279896 305.043823 827.049316
v  -57.832073 305.221619 827.125610
v  -49.279865 335.706696 638.337524
v  -57.832043 335.607666 638.172424
v  -57.832043 315.513702 630.537231
v  -49.279865 315.328308 630.595642
v  -57.832047 323.583282 639.130005
v  -49.279869 323.512177 639.310364
v  -57.832073 314.050659 819.312500
v  -49.279896 313.997314 819.127136
v  -57.832066 210.187531 779.561523
v  -49.279888 210.347549 779.454834
v  -57.832050 216.148911 668.459412
v  -49.279873 216.301331 668.578796
v  -6.531679 402.442688 724.888062
v  -4.009454 486.933258 690.224670
v  -4.009453 492.587280 685.647583
v  -4.009452 498.398804 676.531494
v  -4.009457 504.654785 707.763367
v  -4.009455 494.372864 699.432190
v  -4.009455 487.390442 699.569336
v  -6.531679 407.814789 728.103699
v  -6.531681 407.078156 740.605530
v  -4.009468 479.651062 783.638245
v  -4.009468 487.197388 783.343567
v  -4.009467 499.389374 775.982666
v  -4.009472 487.011963 808.987427
v  -4.009470 481.815155 796.315369
v  -4.009469 475.924866 790.531799
v  -6.531682 401.998169 743.351318
v  -6.531694 327.136749 825.098694
v  -4.009484 388.117065 891.539978
v  -4.009485 394.596619 896.945068
v  -4.009486 407.946838 900.671265
v  -4.009488 377.946899 917.732483
v  -4.009487 382.262360 906.365906
v  -4.009485 381.617188 897.125366
v  -6.531695 327.774292 834.339233
v  -6.531696 313.075317 840.864380
v  -4.009488 300.911255 916.134766
v  -4.009489 304.695862 922.870911
v  -4.009490 318.025787 932.332336
v  -4.009490 280.865570 932.459351
v  -4.009489 290.179749 922.555908
v  -4.009488 292.734985 916.048462
v  -6.531696 307.286652 836.096863
v  -6.531690 206.326752 795.281616
v  -4.009480 168.173386 864.948669
v  -4.009481 166.166794 871.941345
v  -4.009483 166.634155 882.744019
v  -4.009480 143.596359 860.747559
v  -4.009480 156.796738 861.674683
v  -4.009479 162.438065 857.557373
v  -6.531690 198.432419 798.573425
v  -6.531688 188.048889 783.401978
v  -4.009469 119.522232 786.805603
v  -4.009470 113.642136 792.010071
v  -4.009471 109.344467 801.509644
v  -4.009466 99.616257 771.651978
v  -4.009467 109.796570 777.984192
v  -4.009468 117.939819 779.343079
v  -6.531687 194.182983 777.161255
v  -6.531670 197.665344 668.507690
v  -4.009447 128.907532 645.325073
v  -4.009447 121.650757 645.830566
v  -4.009448 111.648224 650.963867
v  -4.009444 124.437134 621.791992
v  -4.009446 128.082047 634.512329
v  -4.009446 133.878311 638.406128
v  -6.531669 195.384399 661.669983
v  -6.531667 206.651840 649.437317
v  -4.009437 185.153290 575.086487
v  -4.009436 178.252106 571.339966
v  -4.009436 167.855896 570.550049
v  -4.009433 192.585327 551.197754
v  -4.009435 190.116455 562.929993
v  -4.009436 191.625214 571.045288
v  -6.531668 213.654633 651.997681
v  -6.531663 319.953613 620.179077
v  -4.009431 320.974701 538.647583
v  -4.009430 318.607422 531.769287
v  -4.009429 312.028839 523.189148
v  -4.009429 343.517212 527.992310
v  -4.009430 332.173553 534.804565
v  -4.009431 329.912964 541.411133
v  -6.531662 325.379059 617.413025
v  -6.531664 337.802216 626.846558
v  -4.009436 408.736755 570.184265
v  -4.009435 410.570679 562.549011
v  -4.009433 408.642822 552.300110
v  -4.009436 433.735474 571.179932
v  -4.009436 421.764465 571.830200
v  -4.009437 414.314636 575.388733
v  -6.531665 336.245178 634.245605
v  -70.697159 384.883636 732.866150
v  -70.697159 391.299683 721.751099
v  -70.697159 404.131775 721.751099
v  -70.697159 410.550354 732.866150
v  -70.697159 404.131775 743.978699
v  -70.697159 391.299683 743.978699
v  -70.697144 323.555359 640.415222
v  -70.697144 315.305420 630.582947
v  -70.697144 319.694550 618.525513
v  -70.697144 332.333588 616.295410
v  -70.697144 340.580963 626.127747
v  -70.697144 336.191833 638.185120
v  -70.697151 196.532501 652.307495
v  -70.697144 208.592422 647.918396
v  -70.697151 218.422226 656.168335
v  -70.697151 216.194611 668.804810
v  -70.697151 204.134720 673.193970
v  -70.697151 194.304901 664.946594
v  -70.697166 189.087753 794.334167
v  -70.697166 187.967621 781.550354
v  -70.697166 198.480682 774.189453
v  -70.697166 210.111343 779.612305
v  -70.697166 211.228943 792.396179
v  -70.697166 200.718414 799.757080
v  -70.697174 314.888855 819.322693
v  -70.697174 327.284058 822.642456
v  -70.697174 330.606384 835.037720
v  -70.697174 321.530975 844.113098
v  -70.697174 309.135773 840.790771
v  -70.697174 305.815979 828.395569
v  -72.376076 286.705017 571.230713
v  -72.376083 290.281342 604.827271
v  -72.376083 322.699371 606.483398
v  -72.376076 336.102966 573.755493
v  -72.376083 370.522491 624.801880
v  -72.376076 382.300476 591.418640
v  -72.376083 395.701508 645.134583
v  -72.376083 420.778900 622.495544
v  -72.376091 416.925751 677.722778
v  -72.376091 447.771484 663.940735
v  -72.376099 425.465240 709.434631
v  -72.376099 460.636597 711.697815
v  -72.376106 422.892212 759.772400
v  -72.376106 458.111847 761.095764
v  -72.376106 411.165009 790.437805
v  -72.376114 440.448669 807.293274
v  -72.376114 386.732788 820.694275
v  -72.376114 409.371796 845.771729
v  -72.376114 356.087677 841.659485
v  -72.376122 367.926605 872.764282
v  -72.376114 312.831482 851.839783
v  -72.376122 320.166992 885.629395
v  -72.376114 277.754059 850.049072
v  -72.376122 270.771606 883.104614
v  -72.376114 241.427002 836.157776
v  -72.376122 224.574097 865.441467
v  -72.376114 213.123779 813.300354
v  -72.376114 186.093094 834.364563
v  -72.376106 187.657745 770.630859
v  -72.376106 159.100525 792.919373
v  -72.376099 179.834534 741.583435
v  -72.376099 146.237961 745.159729
v  -72.376099 181.818268 702.744324
v  -72.376091 148.762711 695.764343
v  -72.376091 193.575928 671.995056
v  -72.376083 166.425873 649.564331
v  -72.376083 226.910904 631.756409
v  -72.376083 197.502777 611.085876
v  -72.376083 252.729980 614.941589
v  -72.376076 238.947952 584.093262
v  -72.376083 326.151245 625.317505
v  -72.376083 356.628693 637.374878
v  -72.376099 408.317688 718.822510
v  -72.376099 406.709839 748.974854
v  -72.376114 346.626160 824.976685
v  -72.376114 315.196198 833.274902
v  -72.376106 222.336349 794.895508
v  -72.376106 207.873596 770.859497
v  -72.376091 213.398087 673.983887
v  -72.376083 233.240570 650.283142
v  -72.376083 293.890717 638.743896
v  -72.376091 295.287689 651.868103
v  -72.376091 319.346558 653.097473
v  -72.376083 319.206879 640.039307
v  -72.376091 341.845886 661.700439
v  -72.376091 353.131104 654.060120
v  -72.376091 360.588531 676.836304
v  -72.376091 370.382782 667.992065
v  -72.376091 373.733032 697.021729
v  -72.376091 385.782806 691.636902
v  -72.376099 379.999237 720.280457
v  -72.376099 391.909271 714.380066
v  -72.376099 378.769867 744.339355
v  -72.376099 389.790924 752.010132
v  -72.376106 370.166870 766.838684
v  -72.376106 381.604492 773.422302
v  -72.376106 355.031036 785.581299
v  -72.376106 363.875305 795.375610
v  -72.376106 334.845673 798.725830
v  -72.376114 348.721680 805.243469
v  -72.376114 311.584351 804.992004
v  -72.376114 306.001434 817.758057
v  -72.376114 287.527985 803.762695
v  -72.376114 284.800018 816.673523
v  -72.376106 265.026123 795.159668
v  -72.376114 258.445007 806.597290
v  -72.376106 246.286011 780.023804
v  -72.376106 241.360962 792.800049
v  -72.376106 233.141510 759.838440
v  -72.376106 218.279984 754.778748
v  -72.376099 226.875336 736.577087
v  -72.376099 213.751144 737.974121
v  -72.376099 228.104706 712.520752
v  -72.376099 215.191345 709.792847
v  -72.376091 236.707672 690.018860
v  -72.376091 223.842590 687.166504
v  -72.376091 251.843536 671.278809
v  -72.376091 248.942871 657.613586
v  -72.376091 272.028900 658.131714
v  -72.376083 266.644104 646.084534
# 775 vertices

vn 1.000000 0.000000 0.000000
vn 0.343304 0.294497 -0.891860
vn 0.343173 0.000000 -0.939272
vn -0.343173 0.000000 -0.939272
vn -0.343304 0.294497 -0.891860
vn 0.343301 -0.294496 -0.891861
vn -0.343301 -0.294496 -0.891861
vn 0.343555 -0.554413 -0.758021
vn -0.343554 -0.554413 -0.758021
vn 0.343310 -0.891857 -0.294499
vn -0.343310 -0.891857 -0.294499
vn -0.343560 -0.758011 -0.554424
vn 0.343560 -0.758011 -0.554424
vn 0.343305 -0.891859 0.294498
vn -0.343305 -0.891859 0.294498
vn -0.343173 -0.939272 -0.000000
vn 0.343173 -0.939272 -0.000000
vn 0.343305 -0.294498 0.891859
vn -0.343305 -0.294498 0.891859
vn -0.343557 -0.554418 0.758016
vn 0.343557 -0.554418 0.758017
vn 0.343173 0.000000 0.939272
vn -0.343173 0.000000 0.939272
vn 0.343559 0.554417 0.758017
vn -0.343559 0.554417 0.758016
vn -0.343308 0.294498 0.891858
vn 0.343307 0.294498 0.891858
vn 0.343553 0.758023 0.554412
vn -0.343553 0.758023 0.554412
vn 0.343298 0.891865 0.294488
vn -0.343298 0.891865 0.294488
vn 0.343556 0.758018 -0.554417
vn 0.343557 0.554412 -0.758021
vn -0.343553 0.554411 -0.758023
vn -0.343551 0.758020 -0.554417
vn -0.663078 0.000001 -0.748550
vn -0.663134 0.234519 -0.710812
vn -0.663130 -0.234525 -0.710814
vn -0.663007 -0.441931 -0.604251
vn -0.663019 -0.604238 -0.441929
vn -0.663144 -0.710802 -0.234523
vn -0.663078 -0.748550 -0.000001
vn -0.663137 -0.710807 0.234528
vn -0.343557 -0.758016 0.554418
vn -0.663013 -0.604242 0.441934
vn -0.663013 -0.441934 0.604242
vn -0.663137 -0.234528 0.710807
vn -0.663078 0.000001 0.748550
vn -0.663141 0.234521 0.710805
vn -0.663016 0.441931 0.604241
vn -0.663007 0.604249 0.441933
vn -0.663123 0.710822 0.234520
vn -0.343164 0.939276 -0.000000
vn -0.663063 0.748563 -0.000001
vn -0.343301 0.891864 -0.294489
vn -0.663127 0.710820 -0.234514
vn -0.663006 0.604249 -0.441935
vn -0.663005 0.441927 -0.604255
vn -0.980375 -0.061791 0.187208
vn -0.980383 -0.000005 0.197103
vn -0.980375 -0.061819 0.187199
vn -0.980362 0.061807 0.187268
vn -0.980362 0.061835 0.187259
vn -0.980325 0.116528 0.159324
vn -0.980325 0.116532 0.159321
vn -0.980324 0.159328 0.116530
vn -0.980324 0.159327 0.116532
vn -0.980363 0.187267 0.061808
vn -0.980363 0.187258 0.061836
vn -0.980384 0.197095 -0.000004
vn -0.980375 0.187209 -0.061793
vn -0.980375 0.187200 -0.061820
vn -0.980340 0.159263 -0.116485
vn -0.980340 0.159262 -0.116487
vn -0.980340 0.116484 -0.159263
vn -0.980340 0.116487 -0.159262
vn -0.980375 0.061792 -0.187209
vn -0.980375 0.061820 -0.187200
vn -0.980389 -0.000000 -0.197074
vn -0.980389 -0.000001 -0.197074
vn -0.980375 -0.061791 -0.187207
vn -0.980375 -0.061819 -0.187198
vn -0.980342 -0.116480 -0.159257
vn -0.980342 -0.159256 -0.116479
vn -0.980342 -0.159253 -0.116483
vn -0.980375 -0.187209 -0.061792
vn -0.980375 -0.187200 -0.061819
vn -0.980387 -0.197082 0.000000
vn -0.980375 -0.187208 0.061790
vn -0.980375 -0.187199 0.061818
vn -0.980343 -0.159249 0.116475
vn -0.980344 -0.159248 0.116476
vn -0.980344 -0.116472 0.159250
vn -0.980344 -0.116474 0.159249
vn -1.000000 0.000000 -0.000000
vn -1.000000 -0.000014 -0.000034
vn -0.811175 -0.000011 0.584804
vn -0.810880 -0.183494 0.555701
vn -1.000000 -0.000039 -0.000062
vn -0.810907 0.183467 0.555671
vn -1.000000 -0.000025 -0.000028
vn -0.809905 0.346273 0.473445
vn -0.809898 0.473452 0.346278
vn -1.000000 0.000003 -0.000017
vn -0.810882 0.555701 0.183484
vn -0.811166 0.584816 -0.000012
vn -0.810883 0.555696 -0.183496
vn -0.809897 0.473450 -0.346282
vn -0.809897 0.346282 -0.473450
vn -0.810883 0.183496 -0.555696
vn -0.811164 -0.000002 -0.584819
vn -0.810882 -0.183498 -0.555697
vn -0.809895 -0.346280 -0.473455
vn -0.809891 -0.473454 -0.346291
vn -0.810876 -0.555707 -0.183495
vn -0.811158 -0.584827 0.000002
vn -0.810875 -0.555707 0.183496
vn -0.809889 -0.473459 0.346289
vn -0.809892 -0.346284 0.473459
vn 0.000004 -0.000003 1.000000
vn 0.000004 -0.313424 0.949613
vn 0.000003 0.313420 0.949615
vn 0.000001 0.590341 0.807154
vn -0.000000 0.807155 0.590340
vn 0.000001 0.949611 0.313431
vn 0.000003 1.000000 0.000002
vn 0.000004 0.949611 -0.313430
vn 0.000004 0.807151 -0.590345
vn 0.000004 0.590345 -0.807151
vn 0.000004 0.313430 -0.949611
vn 0.000004 -0.000003 -1.000000
vn 0.000004 -0.313432 -0.949610
vn 0.000004 -0.590340 -0.807155
vn 0.000004 -0.807148 -0.590349
vn 0.000004 -0.949615 -0.313419
vn 0.000004 -1.000000 0.000003
vn 0.000004 -0.949614 0.313422
vn 0.000004 -0.807152 0.590343
vn 0.000004 -0.590336 0.807157
vn 0.343557 -0.758016 0.554418
vn 0.343164 0.939276 -0.000000
vn 0.343303 0.891863 -0.294489
vn 0.663134 0.234519 -0.710812
vn 0.663079 0.000001 -0.748550
vn 0.663130 -0.234525 -0.710814
vn 0.663007 -0.441931 -0.604250
vn 0.663020 -0.604238 -0.441929
vn 0.663144 -0.710802 -0.234522
vn 0.663078 -0.748550 -0.000001
vn 0.663137 -0.710807 0.234528
vn 0.663013 -0.604242 0.441935
vn 0.663013 -0.441934 0.604242
vn 0.663136 -0.234528 0.710807
vn 0.663078 0.000001 0.748550
vn 0.663141 0.234521 0.710806
vn 0.663016 0.441931 0.604241
vn 0.663007 0.604249 0.441933
vn 0.663123 0.710822 0.234520
vn 0.663063 0.748563 -0.000001
vn 0.663131 0.710817 -0.234515
vn 0.663014 0.604246 -0.441927
vn 0.663011 0.441927 -0.604249
vn 0.980358 -0.061817 0.187286
vn 0.980358 -0.061844 0.187277
vn 0.980371 -0.000001 0.197163
vn 0.980371 -0.000000 0.197163
vn 0.980358 0.061845 0.187279
vn 0.980358 0.061818 0.187288
vn 0.980325 0.116532 0.159322
vn 0.980325 0.116528 0.159325
vn 0.980324 0.159327 0.116533
vn 0.980324 0.159328 0.116530
vn 0.980358 0.187277 0.061847
vn 0.980358 0.187287 0.061819
vn 0.980372 0.197155 0.000001
vn 0.980358 0.187277 -0.061846
vn 0.980358 0.187287 -0.061818
vn 0.980323 0.159328 -0.116535
vn 0.980323 0.159329 -0.116533
vn 0.980324 0.116535 -0.159328
vn 0.980323 0.116533 -0.159329
vn 0.980358 0.061846 -0.187277
vn 0.980358 0.061818 -0.187286
vn 0.980372 -0.000001 -0.197155
vn 0.980372 -0.000000 -0.197155
vn 0.980359 -0.061845 -0.187276
vn 0.980359 -0.061817 -0.187285
vn 0.980325 -0.116530 -0.159326
vn 0.980324 -0.159325 -0.116534
vn 0.980324 -0.159327 -0.116532
vn 0.980357 -0.187282 -0.061845
vn 0.980357 -0.187291 -0.061818
vn 0.980370 -0.197164 0.000001
vn 0.980357 -0.187282 0.061846
vn 0.980357 -0.187291 0.061818
vn 0.980325 -0.159323 0.116531
vn 0.980325 -0.159325 0.116529
vn 0.980326 -0.116526 0.159320
vn 0.980326 -0.116525 0.159321
vn 0.810882 -0.183493 0.555698
vn 0.811166 -0.000002 0.584816
vn 0.810883 0.183491 0.555698
vn 0.809896 0.346283 0.473452
vn 0.809898 0.473452 0.346279
vn 0.810885 0.555693 0.183497
vn 0.811166 0.584816 0.000002
vn 0.810885 0.555693 -0.183495
vn 0.809900 0.473447 -0.346280
vn 0.809900 0.346280 -0.473447
vn 0.810885 0.183495 -0.555693
vn 0.811166 -0.000002 -0.584815
vn 0.810884 -0.183497 -0.555694
vn 0.809898 -0.346278 -0.473452
vn 0.809893 -0.473452 -0.346289
vn 0.810878 -0.555704 -0.183494
vn 0.811160 -0.584824 0.000002
vn 0.810877 -0.555704 0.183496
vn 0.809891 -0.473456 0.346288
vn 0.809894 -0.346282 0.473457
vn 0.627312 -0.604718 -0.490710
vn 0.000000 -0.776505 -0.630111
vn 0.736941 -0.563705 0.373035
vn 0.624685 -0.651201 0.430936
vn -0.000000 -0.833935 0.551862
vn -0.736941 -0.563705 0.373035
vn 0.769826 0.637435 0.032304
vn -0.000000 0.998718 0.050613
vn -0.767995 0.639635 0.032415
vn -0.769826 0.637435 0.032304
vn 0.626042 0.282713 -0.726735
vn 0.766245 0.232956 -0.598832
vn 0.000000 0.362550 -0.931964
vn -0.626544 0.282567 -0.726360
vn 0.734263 -0.530182 -0.423987
vn 0.768227 -0.499968 -0.399824
vn 0.000000 -0.780983 -0.624552
vn -0.734262 -0.530182 -0.423987
vn -0.000000 0.259800 0.965662
vn 0.769814 0.165822 0.616351
vn -0.766245 0.166934 0.620485
vn -0.000000 0.998374 0.056997
vn -0.764786 0.643237 0.036722
vn -0.626108 0.778469 0.044443
vn 0.744350 0.234833 -0.625137
vn 0.768225 0.225123 -0.599291
vn 0.000000 0.351657 -0.936129
vn -0.744350 0.234833 -0.625137
vn 0.764786 -0.540156 0.351190
vn 0.761734 -0.543178 0.353155
vn -0.761734 -0.543178 0.353155
vn -0.000000 -0.838381 0.545085
vn 0.625930 0.197492 0.754459
vn -0.000000 0.253234 0.967405
vn -0.625930 0.197492 0.754459
vn 0.737282 0.674797 0.032623
vn 0.624688 0.779964 0.037708
vn -0.000000 0.998833 0.048289
vn -0.737282 0.674797 0.032623
vn 0.772379 -0.493375 -0.400015
vn 0.000000 -0.776770 -0.629785
vn -0.772379 -0.493375 -0.400015
vn 0.626958 -0.656542 0.419376
vn 0.765511 -0.542240 0.346364
vn -0.765512 -0.542240 0.346364
vn -0.626958 -0.656542 0.419376
vn 0.735988 0.178472 0.653047
vn -0.000000 0.263623 0.964626
vn -0.735988 0.178472 0.653046
vn 0.000000 0.357323 -0.933981
vn 0.765588 0.229877 -0.600859
vn -0.765588 0.229877 -0.600859
vn 0.000000 0.840854 -0.541261
vn -0.000000 0.773345 0.633986
vn -0.000000 -0.360077 0.932923
vn 0.000000 -0.998589 -0.053095
vn 0.000000 -0.260638 -0.965437
vn 0.667509 0.303226 -0.680063
vn -0.665518 0.303950 -0.681689
vn 0.005896 0.407225 -0.913309
vn 0.670031 0.329753 0.665073
vn 0.003788 0.444209 0.895915
vn -0.669372 0.330017 0.665605
vn 0.999994 0.002909 -0.001890
vn 0.999992 0.003413 0.002300
vn 0.999991 0.003413 0.002300
vn -0.999904 0.011662 -0.007526
vn -0.999864 0.013709 0.009219
vn 0.672207 0.278593 -0.685948
vn 0.006558 0.376284 -0.926481
vn 0.006558 0.376283 -0.926481
vn -0.668937 0.279705 -0.688686
vn 0.677498 -0.525396 0.514739
vn -0.673481 -0.528024 0.517313
vn 0.007832 -0.714292 0.699804
vn 0.678152 0.202799 0.706387
vn -0.675313 0.203519 0.708895
vn 0.006223 0.275941 0.961154
vn 0.676972 -0.466326 -0.569429
vn 0.008099 -0.633566 -0.773646
vn 0.008099 -0.633567 -0.773646
vn -0.672564 -0.468879 -0.572547
vn 0.676648 0.723704 0.135647
vn -0.675206 0.725004 0.135890
vn 0.004833 0.982872 0.184224
vn 0.004833 0.982873 0.184224
vn 0.666759 -0.712585 0.218300
vn 0.008562 -0.956104 0.292902
vn -0.662558 -0.716159 0.219395
vn 0.666152 0.742759 -0.067453
vn 0.004854 0.995890 -0.090441
vn -0.664906 0.743866 -0.067554
vn 0.680383 -0.664337 -0.309413
vn -0.676419 -0.667655 -0.310958
vn 0.008315 -0.906471 -0.422186
vn 0.999992 -0.000310 -0.003897
vn -0.999877 -0.001245 -0.015609
vn 0.999992 0.002946 -0.002766
vn -0.999869 0.011812 -0.011093
vn 0.999994 -0.000590 0.003398
vn -0.999905 -0.002354 0.013572
vn 0.999990 0.003004 0.003395
vn -0.999834 0.012083 0.013656
vn 0.999995 -0.001617 0.002773
vn -0.999918 -0.006450 0.011059
vn 0.999995 -0.003039 0.000436
vn -0.999925 -0.012110 0.001738
vn 0.999995 -0.002938 -0.000651
vn -0.999928 -0.011702 -0.002594
vn 0.999994 -0.001497 -0.003056
vn -0.999908 -0.005980 -0.012205
vn 0.999998 0.001644 -0.000949
vn 0.999998 -0.001447 -0.001551
vn 0.999998 -0.001851 0.000830
vn 0.999999 -0.000681 0.001555
vn 0.999998 -0.001481 0.001369
vn 0.999998 -0.001786 -0.000981
vn 0.999999 -0.000549 -0.001634
vn 0.999998 -0.000549 -0.001634
vn 0.999998 0.001469 0.001245
vn 0.999998 0.001530 -0.001157
vn 0.999997 0.000950 0.002270
vn -0.999965 -0.005692 -0.006100
vn -0.999971 0.006050 -0.004575
vn -0.999968 -0.007284 0.003264
vn -0.999977 -0.002167 -0.006453
vn -0.999978 -0.002690 0.006139
vn -0.999977 -0.002690 0.006139
vn -0.999968 -0.007025 -0.003859
vn -0.999969 -0.005825 0.005384
vn -0.999971 0.005808 0.004918
vn -0.999972 0.006495 -0.003751
vn -0.999953 0.003742 0.008941
vn 0.603162 -0.737972 0.302642
vn 0.756724 -0.351696 0.551070
vn 0.796058 0.308684 -0.520583
vn 0.586847 -0.418495 -0.693161
vn 0.681207 -0.460888 0.568805
vn 0.706985 0.238716 0.665723
vn 0.809329 -0.222938 -0.543402
vn 0.544264 -0.707394 -0.450966
vn 0.586647 0.043925 0.808651
vn 0.772974 0.381928 0.506600
vn 0.793719 -0.379644 -0.475269
vn 0.578576 -0.801571 0.150777
vn 0.681109 0.376952 0.627692
vn 0.706388 0.706569 0.042151
vn 0.808711 -0.588160 -0.007366
vn 0.544311 -0.665725 0.510427
vn 0.586680 0.792463 0.166763
vn 0.772140 0.613155 -0.166857
vn 0.792866 -0.585415 0.169273
vn 0.578484 -0.061799 0.813349
vn 0.689654 0.696125 -0.199469
vn 0.691271 0.255637 -0.675865
vn 0.815631 -0.184849 0.548249
vn 0.531075 0.386875 0.753848
vn 0.586636 0.427739 -0.687676
vn 0.771546 -0.018198 -0.635913
vn 0.792145 0.030277 0.609582
vn 0.578443 0.743205 0.336229
vn 0.681179 0.051291 -0.730318
vn 0.705558 -0.604915 -0.369143
vn 0.808582 0.516061 0.282622
vn 0.544311 0.838099 -0.036259
vn 0.612874 -0.575605 -0.541354
vn 0.770217 -0.627474 -0.114204
vn 0.793787 0.600406 0.097029
vn 0.551023 0.483009 -0.680497
vn 0.809906 -0.445257 0.381835
vn 0.735685 0.499009 -0.457994
vn 0.651101 0.204046 -0.731049
vn 0.532509 -0.791312 -0.300432
vn 0.999588 0.026046 -0.012088
vn 0.999556 0.022004 0.020103
vn 0.999467 0.030356 0.012003
vn 0.999475 -0.010642 0.030617
vn 0.999393 -0.010035 0.033363
vn 0.999310 -0.035237 -0.011704
vn 0.999322 -0.036140 -0.007066
vn 0.999499 -0.003458 -0.031463
vn 0.999489 -0.000006 -0.031973
vn 0.999595 0.027103 -0.008646
vn -0.000000 0.998631 0.052311
vn -0.000000 0.258790 0.965934
vn 0.000000 0.358366 -0.933581
vn -0.000000 -0.838666 0.544646
vn 0.000000 -0.777127 -0.629344
vn 0.000000 -1.000000 0.000046
vn 0.000000 -0.500022 -0.866013
vn 0.022276 -0.499890 -0.865802
vn 0.022288 -0.999752 0.000047
vn 0.000000 0.499987 -0.866033
vn 0.022267 0.499855 -0.865823
vn -0.000000 1.000000 0.000046
vn 0.022272 0.999752 0.000047
vn -0.000000 0.499946 0.866056
vn 0.022266 0.499814 0.865847
vn -0.000000 -0.499981 0.866036
vn 0.022276 -0.499849 0.865826
vn -0.014273 0.999615 0.023803
vn -0.000000 -0.341938 0.939722
vn -0.000000 -0.984807 0.173652
vn 0.022276 -0.984565 0.173595
vn 0.022282 -0.341858 0.939487
vn 0.000000 -0.642790 -0.766042
vn 0.022273 -0.642640 -0.765845
vn 0.000000 0.342012 -0.939696
vn 0.022281 0.341933 -0.939460
vn 0.000000 0.984812 -0.173625
vn 0.022284 0.984570 -0.173568
vn -0.000000 0.642836 0.766004
vn 0.022284 0.642672 0.765817
vn 0.000000 -0.766089 -0.642734
vn 0.000000 0.173650 -0.984807
vn 0.022281 0.173616 -0.984561
vn 0.022278 -0.765893 -0.642582
vn 0.000000 0.939683 -0.342046
vn 0.022280 0.939455 -0.341947
vn -0.000000 0.766056 0.642774
vn 0.022287 0.765870 0.642609
vn -0.000000 -0.173657 0.984806
vn 0.022281 -0.173622 0.984560
vn -0.000000 -0.939674 0.342070
vn 0.022273 -0.939439 0.341992
vn -0.000000 -0.825533 0.564354
vn 0.000000 -0.913761 -0.406251
vn 0.013841 -0.910902 -0.412391
vn 0.019934 -0.825452 0.564120
vn 0.000000 -0.112673 -0.993632
vn 0.016889 -0.113021 -0.993449
vn 0.000000 0.819155 -0.573572
vn 0.022292 0.818954 -0.573426
vn -0.000000 0.906289 0.422660
vn 0.022283 0.906067 0.422548
vn -0.000000 0.087164 0.996194
vn 0.022278 0.087151 0.995946
vn 0.000000 -0.258845 -0.965919
vn 0.000000 0.707080 -0.707134
vn 0.022285 0.706892 -0.706970
vn 0.022274 -0.258792 -0.965676
vn -0.000000 0.965928 0.258811
vn 0.022294 0.965690 0.258737
vn -0.000000 0.258811 0.965928
vn 0.022293 0.258736 0.965691
vn -0.000000 -0.707132 0.707081
vn 0.022285 -0.706969 0.706894
vn 0.000000 -0.965919 -0.258844
vn 0.022274 -0.965676 -0.258791
vn -0.014004 0.355136 -0.934710
vn -0.014153 0.267482 0.963459
vn -0.014120 -0.827730 0.560949
vn -0.014164 -0.789663 -0.613377
vn -0.014164 -0.789664 -0.613377
vn -0.627311 -0.604718 -0.490710
vn -0.624686 -0.651201 0.430936
vn 0.767995 0.639635 0.032415
vn -0.626042 0.282713 -0.726736
vn 0.626544 0.282567 -0.726360
vn -0.766245 0.232956 -0.598832
vn -0.768227 -0.499968 -0.399825
vn 0.766245 0.166934 0.620485
vn -0.769815 0.165822 0.616351
vn 0.626108 0.778469 0.044443
vn 0.764786 0.643237 0.036723
vn -0.894835 0.156979 -0.417886
vn -0.764786 -0.540156 0.351189
vn -0.848545 0.528507 0.025551
vn 0.772379 -0.493374 -0.400015
vn 0.765512 -0.542240 0.346364
vn -0.000053 -0.360081 0.932921
vn -0.667595 0.303194 -0.679993
vn -0.005895 0.407225 -0.913309
vn 0.665609 0.303917 -0.681615
vn -0.670105 0.329724 0.665013
vn 0.669448 0.329986 0.665543
vn -0.003789 0.444209 0.895915
vn -0.003789 0.444209 0.895916
vn -0.999993 0.003173 -0.002062
vn -0.999990 0.003723 0.002509
vn 0.999899 0.011934 -0.007701
vn 0.999857 0.014028 0.009434
vn -0.672270 0.278571 -0.685895
vn 0.669003 0.279682 -0.688631
vn -0.006558 0.376284 -0.926481
vn -0.677566 -0.525351 0.514695
vn -0.007832 -0.714292 0.699804
vn 0.673553 -0.527978 0.517268
vn -0.678217 0.202782 0.706330
vn -0.006223 0.275941 0.961154
vn -0.006223 0.275941 0.961155
vn 0.675382 0.203501 0.708834
vn -0.677035 -0.466289 -0.569384
vn 0.672631 -0.468841 -0.572500
vn -0.008098 -0.633566 -0.773646
vn -0.008098 -0.633567 -0.773646
vn -0.676721 0.723638 0.135634
vn -0.004833 0.982872 0.184224
vn 0.675282 0.724935 0.135877
vn -0.666885 -0.712438 0.218396
vn 0.662656 -0.716036 0.219499
vn -0.008701 -0.956050 0.293075
vn -0.666236 0.742685 -0.067447
vn 0.664994 0.743788 -0.067547
vn -0.004854 0.995890 -0.090441
vn -0.680462 -0.664270 -0.309382
vn -0.008314 -0.906471 -0.422186
vn 0.676502 -0.667585 -0.310926
vn -0.999991 -0.000339 -0.004251
vn 0.999872 -0.001274 -0.015972
vn -0.999990 0.003213 -0.003018
vn 0.999863 0.012087 -0.011351
vn 0.999862 0.012087 -0.011351
vn -0.999993 -0.000643 0.003706
vn 0.999901 -0.002409 0.013888
vn -0.999988 0.003277 0.003703
vn 0.999826 0.012361 0.013970
vn -0.999994 -0.001764 0.003025
vn 0.999914 -0.006600 0.011317
vn -0.999994 -0.003315 0.000475
vn 0.999922 -0.012392 0.001779
vn -0.999995 -0.003205 -0.000711
vn 0.999925 -0.011974 -0.002655
vn -0.999993 -0.001632 -0.003334
vn 0.999903 -0.006119 -0.012489
vn -0.999998 0.001793 -0.001036
vn -0.999997 -0.001578 -0.001692
vn -0.999998 -0.002020 0.000905
vn -0.999998 -0.000743 0.001696
vn -0.999998 -0.001615 0.001493
vn -0.999997 -0.001948 -0.001070
vn -0.999998 -0.000599 -0.001783
vn -0.999998 0.001603 0.001357
vn -0.999998 0.001669 -0.001262
vn -0.999996 0.001036 0.002476
vn 0.999964 -0.005824 -0.006241
vn 0.999970 0.006191 -0.004682
vn 0.999967 -0.007454 0.003340
vn 0.999976 -0.002218 -0.006603
vn 0.999977 -0.002753 0.006283
vn 0.999976 -0.002753 0.006283
vn 0.999966 -0.007189 -0.003948
vn 0.999967 -0.005961 0.005509
vn 0.999970 0.005942 0.005034
vn 0.999970 0.006647 -0.003838
vn 0.999971 0.006647 -0.003838
vn 0.999951 0.003829 0.009149
vn 0.000000 -0.379562 -0.925166
vn -0.809324 -0.222940 -0.543408
vn 0.000000 -0.629202 -0.777242
vn -0.544264 -0.707394 -0.450966
vn 0.000000 -0.843226 -0.537560
vn 0.000000 0.980522 -0.196407
vn -0.000000 -0.629550 0.776960
vn -0.681207 -0.460888 0.568805
vn -0.000000 0.019639 0.999807
vn -0.706978 0.238718 0.665729
vn -0.000000 0.337537 0.941312
vn 0.000000 0.510035 -0.860154
vn -0.796052 0.308688 -0.520589
vn 0.000000 -0.039016 -0.999239
vn -0.586847 -0.418495 -0.693162
vn 0.000000 -0.516853 -0.856074
vn -0.000000 0.936324 0.351139
vn -0.000000 -0.925220 0.379432
vn -0.603162 -0.737972 0.302642
vn -0.000000 -0.700613 0.713542
vn -0.756718 -0.351700 0.551076
vn -0.000000 -0.537981 0.842957
vn 0.000000 0.736735 -0.676181
vn -0.735679 0.499013 -0.457998
vn 0.000000 0.640567 -0.767902
vn -0.651101 0.204046 -0.731050
vn 0.000000 0.268838 -0.963185
vn -0.000000 0.494354 0.869260
vn 0.000000 -0.934888 -0.354942
vn -0.532509 -0.791312 -0.300432
vn -0.000000 -0.997572 0.069650
vn -0.809901 -0.445263 0.381839
vn -0.000000 -0.759100 0.650974
vn -0.000000 0.987192 0.159535
vn -0.793781 0.600414 0.097030
vn 0.000000 0.871822 -0.489823
vn -0.551023 0.483009 -0.680497
vn 0.000000 0.578808 -0.815464
vn -0.000000 0.003418 0.999994
vn 0.000000 -0.728447 -0.685102
vn -0.612874 -0.575605 -0.541355
vn 0.000000 -0.930813 -0.365494
vn -0.770211 -0.627481 -0.114206
vn 0.000000 -0.983837 -0.179064
vn -0.000000 0.877084 0.480337
vn -0.808577 0.516068 0.282626
vn -0.000000 0.961208 0.275824
vn -0.544311 0.838099 -0.036259
vn 0.000000 0.999065 -0.043223
vn -0.000000 -0.690571 0.723265
vn 0.000000 0.070059 -0.997543
vn -0.681179 0.051291 -0.730318
vn 0.000000 -0.589530 -0.807747
vn -0.705549 -0.604922 -0.369147
vn 0.000000 -0.853613 -0.520908
vn -0.000000 0.049607 0.998769
vn -0.792138 0.030277 0.609590
vn -0.000000 0.662775 0.748819
vn -0.578443 0.743205 0.336229
vn -0.000000 0.911100 0.412186
vn -0.000000 -0.950805 0.309791
vn 0.000000 0.528170 -0.849139
vn -0.586636 0.427739 -0.687676
vn 0.000000 0.164596 -0.986361
vn -0.771539 -0.018198 -0.635921
vn 0.000000 -0.028605 -0.999591
vn -0.000000 -0.319492 0.947589
vn -0.815625 -0.184852 0.548257
vn -0.000000 0.069490 0.997583
vn -0.531076 0.386875 0.753848
vn -0.000000 0.456585 0.889680
vn 0.000000 -0.915855 -0.401509
vn 0.000000 0.961313 -0.275457
vn -0.689654 0.696125 -0.199469
vn 0.000000 0.557634 -0.830087
vn -0.691262 0.255640 -0.675873
vn 0.000000 0.353777 -0.935330
vn -0.000000 -0.960647 0.277771
vn -0.792860 -0.585423 0.169275
vn -0.000000 -0.477108 0.878845
vn -0.578484 -0.061799 0.813349
vn -0.000000 -0.075763 0.997126
vn 0.000000 -0.616284 -0.787524
vn -0.000000 0.978568 0.205926
vn -0.586680 0.792463 0.166762
vn 0.000000 0.983153 -0.182783
vn -0.772134 0.613162 -0.166859
vn 0.000000 0.964910 -0.262579
vn 0.000000 -0.999922 -0.012523
vn -0.808705 -0.588168 -0.007366
vn -0.000000 -0.945566 0.325431
vn -0.544311 -0.665725 0.510427
vn -0.000000 -0.793585 0.608460
vn 0.000000 0.150793 -0.988565
vn -0.000000 0.514834 0.857290
vn -0.681109 0.376952 0.627692
vn -0.000000 0.946144 0.323745
vn -0.706381 0.706576 0.042151
vn -0.000000 0.998225 0.059549
vn 0.000000 -0.624122 -0.781327
vn -0.793714 -0.379648 -0.475274
vn 0.000000 -0.972346 -0.233547
vn -0.578576 -0.801571 0.150777
vn -0.000000 -0.982765 0.184860
vn 0.000000 0.601229 -0.799077
vn -0.000000 0.054239 0.998528
vn -0.586647 0.043925 0.808651
vn -0.000000 0.431020 0.902342
vn -0.772969 0.381931 0.506604
vn -0.000000 0.601993 0.798501
vn -0.999587 0.026073 -0.012101
vn -0.999555 0.022026 0.020122
vn -0.999466 0.030386 0.012015
vn -0.999474 -0.010652 0.030648
vn -0.999473 -0.010652 0.030648
vn -0.999392 -0.010045 0.033397
vn -0.999309 -0.035272 -0.011716
vn -0.999320 -0.036176 -0.007074
vn -0.999498 -0.003461 -0.031495
vn -0.999488 -0.000006 -0.032005
vn -0.999594 0.027130 -0.008655
vn -0.022288 -0.999752 0.000047
vn -0.022276 -0.499890 -0.865802
vn -0.022267 0.499855 -0.865823
vn -0.022272 0.999752 0.000047
vn -0.022267 0.499814 0.865847
vn -0.022276 -0.499849 0.865826
vn 0.014277 0.999615 0.023803
vn -0.022282 -0.341858 0.939487
vn -0.022276 -0.984565 0.173595
vn -0.022273 -0.642640 -0.765845
vn -0.022281 0.341933 -0.939460
vn -0.022284 0.984570 -0.173568
vn -0.022285 0.642672 0.765817
vn -0.022277 -0.765893 -0.642582
vn -0.022280 0.173616 -0.984561
vn -0.022280 0.939455 -0.341947
vn -0.022287 0.765870 0.642609
vn -0.022281 -0.173622 0.984560
vn -0.022273 -0.939439 0.341992
vn -0.019934 -0.825452 0.564120
vn -0.013840 -0.910902 -0.412391
vn -0.016889 -0.113021 -0.993449
vn -0.022292 0.818954 -0.573426
vn -0.022283 0.906067 0.422548
vn -0.022278 0.087151 0.995946
vn -0.022274 -0.258792 -0.965676
vn -0.022285 0.706892 -0.706970
vn -0.022294 0.965690 0.258737
vn -0.022294 0.258736 0.965691
vn -0.022285 -0.706969 0.706894
vn -0.022274 -0.965676 -0.258791
vn 0.014009 0.355136 -0.934710
vn 0.014157 0.267482 0.963459
vn 0.014157 0.267481 0.963459
vn 0.014124 -0.827730 0.560949
vn 0.014168 -0.789663 -0.613377
# 723 vertex normals

vt 0.129300 0.429000 0.000000
vt 0.126700 0.451100 0.000000
vt 0.115500 0.445100 0.000000
vt 0.117100 0.429500 0.000000
vt 0.118600 0.466900 0.000000
vt 0.107100 0.461500 0.000000
vt 0.105900 0.479600 0.000000
vt 0.098800 0.469800 0.000000
vt 0.090200 0.487600 0.000000
vt 0.086500 0.476100 0.000000
vt 0.072700 0.490300 0.000000
vt 0.074800 0.477900 0.000000
vt 0.055100 0.487700 0.000000
vt 0.056900 0.475100 0.000000
vt 0.039200 0.479600 0.000000
vt 0.046400 0.469900 0.000000
vt 0.026700 0.466900 0.000000
vt 0.036600 0.459800 0.000000
vt 0.018500 0.451100 0.000000
vt 0.030100 0.448200 0.000000
vt 0.015800 0.434000 0.000000
vt 0.028000 0.432100 0.000000
vt 0.017800 0.416300 0.000000
vt 0.029500 0.419600 0.000000
vt 0.025100 0.400100 0.000000
vt 0.035300 0.406800 0.000000
vt 0.037100 0.387000 0.000000
vt 0.044100 0.397200 0.000000
vt 0.052600 0.378300 0.000000
vt 0.060000 0.389000 0.000000
vt 0.070000 0.374700 0.000000
vt 0.070600 0.386900 0.000000
vt 0.087700 0.376700 0.000000
vt 0.084500 0.388400 0.000000
vt 0.103900 0.384100 0.000000
vt 0.095200 0.393400 0.000000
vt 0.117000 0.396100 0.000000
vt 0.108900 0.406200 0.000000
vt 0.125700 0.411600 0.000000
vt 0.114400 0.415900 0.000000
vt 0.103100 0.456100 0.000000
vt 0.108600 0.445500 0.000000
vt 0.061300 0.469700 0.000000
vt 0.072000 0.471400 0.000000
vt 0.034600 0.433400 0.000000
vt 0.036500 0.445400 0.000000
vt 0.059400 0.396300 0.000000
vt 0.050500 0.400900 0.000000
vt 0.102100 0.408100 0.000000
vt 0.094100 0.400400 0.000000
vt 0.104900 0.430100 0.000000
vt 0.103700 0.442600 0.000000
vt 0.099000 0.442200 0.000000
vt 0.100200 0.430300 0.000000
vt 0.097300 0.454200 0.000000
vt 0.095000 0.449900 0.000000
vt 0.091700 0.459800 0.000000
vt 0.088900 0.456000 0.000000
vt 0.082700 0.464400 0.000000
vt 0.081200 0.459900 0.000000
vt 0.074300 0.465700 0.000000
vt 0.072600 0.461200 0.000000
vt 0.060900 0.463500 0.000000
vt 0.064100 0.459900 0.000000
vt 0.053500 0.459900 0.000000
vt 0.056300 0.456100 0.000000
vt 0.046500 0.452700 0.000000
vt 0.050200 0.449800 0.000000
vt 0.043500 0.446800 0.000000
vt 0.046300 0.442100 0.000000
vt 0.040600 0.431100 0.000000
vt 0.045000 0.433500 0.000000
vt 0.041800 0.423600 0.000000
vt 0.046300 0.425000 0.000000
vt 0.045500 0.413600 0.000000
vt 0.049400 0.416200 0.000000
vt 0.050800 0.407800 0.000000
vt 0.055300 0.409800 0.000000
vt 0.065000 0.400200 0.000000
vt 0.062800 0.405600 0.000000
vt 0.071100 0.399100 0.000000
vt 0.071300 0.403900 0.000000
vt 0.081200 0.400300 0.000000
vt 0.079900 0.404800 0.000000
vt 0.089100 0.403900 0.000000
vt 0.087800 0.408400 0.000000
vt 0.099100 0.413500 0.000000
vt 0.094200 0.414300 0.000000
vt 0.102900 0.420100 0.000000
vt 0.098400 0.421800 0.000000
vt 0.388000 0.092400 0.000000
vt 0.388000 0.016200 0.000000
vt 0.347400 0.016200 0.000000
vt 0.347400 0.092400 0.000000
vt 0.327100 0.016200 0.000000
vt 0.327100 0.092400 0.000000
vt 0.783000 0.925100 0.000000
vt 0.778300 0.895900 0.000000
vt 0.788400 0.895900 0.000000
vt 0.792600 0.921900 0.000000
vt 0.783000 0.866800 0.000000
vt 0.792600 0.870000 0.000000
vt 0.802200 0.834300 0.000000
vt 0.810300 0.840300 0.000000
vt 0.830100 0.812900 0.000000
vt 0.836000 0.821000 0.000000
vt 0.855400 0.803700 0.000000
vt 0.858500 0.813300 0.000000
vt 0.884500 0.800100 0.000000
vt 0.884500 0.810200 0.000000
vt 0.913700 0.803700 0.000000
vt 0.910500 0.813300 0.000000
vt 0.939000 0.812900 0.000000
vt 0.933000 0.821000 0.000000
vt 0.966500 0.835400 0.000000
vt 0.958400 0.841300 0.000000
vt 0.984600 0.866100 0.000000
vt 0.975000 0.869300 0.000000
vt 0.988900 0.895900 0.000000
vt 0.978700 0.895900 0.000000
vt 0.983300 0.925200 0.000000
vt 0.973700 0.922100 0.000000
vt 0.964500 0.953000 0.000000
vt 0.956300 0.947000 0.000000
vt 0.940700 0.972100 0.000000
vt 0.934700 0.963900 0.000000
vt 0.913200 0.982600 0.000000
vt 0.910500 0.973900 0.000000
vt 0.884700 0.986900 0.000000
vt 0.884500 0.978100 0.000000
vt 0.855400 0.983500 0.000000
vt 0.858500 0.973900 0.000000
vt 0.827500 0.974200 0.000000
vt 0.833500 0.966100 0.000000
vt 0.802600 0.955500 0.000000
vt 0.810800 0.949500 0.000000
vt 0.795300 0.895900 0.000000
vt 0.799200 0.919700 0.000000
vt 0.799200 0.872100 0.000000
vt 0.815900 0.844400 0.000000
vt 0.840100 0.826600 0.000000
vt 0.860700 0.819900 0.000000
vt 0.884500 0.817200 0.000000
vt 0.908300 0.819900 0.000000
vt 0.928900 0.826600 0.000000
vt 0.952800 0.845400 0.000000
vt 0.968400 0.871500 0.000000
vt 0.971800 0.895900 0.000000
vt 0.967100 0.919900 0.000000
vt 0.950700 0.942900 0.000000
vt 0.930600 0.958300 0.000000
vt 0.908300 0.967300 0.000000
vt 0.884500 0.971100 0.000000
vt 0.860700 0.967300 0.000000
vt 0.837600 0.960500 0.000000
vt 0.816400 0.945400 0.000000
vt 0.798900 0.895900 0.000000
vt 0.802600 0.918600 0.000000
vt 0.802600 0.873300 0.000000
vt 0.818800 0.846500 0.000000
vt 0.842200 0.829500 0.000000
vt 0.861900 0.823300 0.000000
vt 0.884500 0.820800 0.000000
vt 0.907200 0.823300 0.000000
vt 0.926800 0.829500 0.000000
vt 0.949800 0.847600 0.000000
vt 0.965000 0.872600 0.000000
vt 0.968200 0.895900 0.000000
vt 0.963700 0.918800 0.000000
vt 0.947800 0.940800 0.000000
vt 0.928500 0.955400 0.000000
vt 0.907200 0.963900 0.000000
vt 0.884500 0.967500 0.000000
vt 0.861900 0.963900 0.000000
vt 0.839700 0.957500 0.000000
vt 0.819300 0.943300 0.000000
vt 0.406800 0.092400 0.000000
vt 0.406800 0.016200 0.000000
vt 0.852700 0.215400 0.000000
vt 0.852700 0.196000 0.000000
vt 0.854800 0.196000 0.000000
vt 0.854800 0.215500 0.000000
vt 0.852700 0.215500 0.000000
vt 0.854900 0.215500 0.000000
vt 0.852600 0.196000 0.000000
vt 0.854800 0.215400 0.000000
vt 0.854800 0.195900 0.000000
vt 0.852700 0.195900 0.000000
vt 0.854900 0.195900 0.000000
vt 0.854900 0.196000 0.000000
vt 0.852600 0.195900 0.000000
vt 0.854900 0.215400 0.000000
vt 0.850200 0.207200 0.000000
vt 0.850100 0.214700 0.000000
vt 0.851000 0.214700 0.000000
vt 0.851100 0.207200 0.000000
vt 0.850300 0.196900 0.000000
vt 0.850200 0.204600 0.000000
vt 0.851100 0.204600 0.000000
vt 0.851200 0.196900 0.000000
vt 0.851100 0.204100 0.000000
vt 0.851000 0.213100 0.000000
vt 0.850100 0.213100 0.000000
vt 0.850200 0.204100 0.000000
vt 0.850100 0.212900 0.000000
vt 0.850200 0.203700 0.000000
vt 0.851100 0.203700 0.000000
vt 0.851000 0.212900 0.000000
vt 0.851000 0.213000 0.000000
vt 0.851100 0.204300 0.000000
vt 0.850200 0.204300 0.000000
vt 0.850100 0.213000 0.000000
vt 0.851100 0.207000 0.000000
vt 0.850200 0.207000 0.000000
vt 0.850200 0.205000 0.000000
vt 0.851100 0.205000 0.000000
vt 0.211400 0.556600 0.000000
vt 0.209900 0.557800 0.000000
vt 0.209100 0.556600 0.000000
vt 0.213200 0.557600 0.000000
vt 0.213600 0.556500 0.000000
vt 0.213300 0.557600 0.000000
vt 0.851100 0.203200 0.000000
vt 0.850200 0.203200 0.000000
vt 0.851000 0.213500 0.000000
vt 0.850100 0.213500 0.000000
vt 0.850200 0.203000 0.000000
vt 0.851100 0.203000 0.000000
vt 0.851200 0.196100 0.000000
vt 0.850300 0.196100 0.000000
vt 0.851000 0.213300 0.000000
vt 0.850100 0.213300 0.000000
vt 0.850100 0.215400 0.000000
vt 0.851000 0.215400 0.000000
vt 0.227100 0.544300 0.000000
vt 0.227500 0.546500 0.000000
vt 0.226200 0.546700 0.000000
vt 0.227100 0.544400 0.000000
vt 0.228500 0.542800 0.000000
vt 0.227300 0.542300 0.000000
vt 0.194700 0.547600 0.000000
vt 0.194900 0.545400 0.000000
vt 0.196200 0.547700 0.000000
vt 0.195000 0.545400 0.000000
vt 0.194800 0.547600 0.000000
vt 0.193400 0.544000 0.000000
vt 0.194500 0.543500 0.000000
vt 0.200400 0.526300 0.000000
vt 0.201300 0.524400 0.000000
vt 0.202500 0.525600 0.000000
vt 0.201400 0.524400 0.000000
vt 0.200400 0.526400 0.000000
vt 0.198300 0.526800 0.000000
vt 0.198900 0.528400 0.000000
vt 0.198300 0.526900 0.000000
vt 0.220200 0.525700 0.000000
vt 0.222400 0.526000 0.000000
vt 0.221900 0.527600 0.000000
vt 0.220300 0.525700 0.000000
vt 0.219100 0.523900 0.000000
vt 0.218100 0.525000 0.000000
vt 0.219200 0.523900 0.000000
vt 0.218200 0.525100 0.000000
vt 0.212500 0.554200 0.000000
vt 0.224300 0.545000 0.000000
vt 0.197800 0.545900 0.000000
vt 0.210200 0.554300 0.000000
vt 0.224900 0.542900 0.000000
vt 0.219800 0.528800 0.000000
vt 0.217900 0.527500 0.000000
vt 0.202900 0.528100 0.000000
vt 0.201200 0.529400 0.000000
vt 0.197000 0.543800 0.000000
vt 0.210600 0.533300 0.000000
vt 0.204400 0.538100 0.000000
vt 0.217100 0.537700 0.000000
vt 0.207100 0.545500 0.000000
vt 0.215000 0.545300 0.000000
vt 0.212500 0.554300 0.000000
vt 0.197900 0.545900 0.000000
vt 0.197100 0.543800 0.000000
vt 0.207100 0.545600 0.000000
vt 0.217200 0.537700 0.000000
vt 0.210700 0.533300 0.000000
vt 0.673500 0.123200 0.000000
vt 0.671700 0.122000 0.000000
vt 0.672400 0.119800 0.000000
vt 0.674600 0.119300 0.000000
vt 0.647500 0.112300 0.000000
vt 0.646800 0.114800 0.000000
vt 0.675100 0.126400 0.000000
vt 0.677300 0.117500 0.000000
vt 0.815200 0.726700 0.000000
vt 0.826800 0.726700 0.000000
vt 0.826800 0.713400 0.000000
vt 0.815200 0.713400 0.000000
vt 0.815200 0.700200 0.000000
vt 0.826800 0.700200 0.000000
vt 0.972500 0.361600 0.000000
vt 0.973000 0.330400 0.000000
vt 0.981600 0.361600 0.000000
vt 0.981100 0.330400 0.000000
vt 0.861000 0.217200 0.000000
vt 0.861500 0.214700 0.000000
vt 0.863900 0.213800 0.000000
vt 0.865900 0.215400 0.000000
vt 0.865400 0.218000 0.000000
vt 0.863000 0.218800 0.000000
vt 0.865900 0.215500 0.000000
vt 0.863000 0.218900 0.000000
vt 0.861500 0.214600 0.000000
vt 0.981100 0.392900 0.000000
vt 0.973000 0.392900 0.000000
vt 0.865800 0.215400 0.000000
vt 0.850100 0.215500 0.000000
vt 0.851000 0.215500 0.000000
vt 0.850200 0.201200 0.000000
vt 0.851100 0.201200 0.000000
vt 0.209800 0.557800 0.000000
vt 0.213600 0.556400 0.000000
vt 0.851000 0.213600 0.000000
vt 0.850100 0.213400 0.000000
vt 0.227400 0.546500 0.000000
vt 0.228500 0.542700 0.000000
vt 0.196100 0.547700 0.000000
vt 0.193400 0.543900 0.000000
vt 0.202400 0.525600 0.000000
vt 0.198900 0.528300 0.000000
vt 0.212400 0.554200 0.000000
vt 0.210200 0.554200 0.000000
vt 0.202900 0.528000 0.000000
vt 0.224900 0.542800 0.000000
vt 0.219700 0.528800 0.000000
vt 0.840000 0.713600 0.000000
vt 0.841500 0.735400 0.000000
vt 0.844600 0.735400 0.000000
vt 0.844600 0.713600 0.000000
vt 0.841500 0.736900 0.000000
vt 0.844600 0.736900 0.000000
vt 0.841500 0.738500 0.000000
vt 0.844600 0.738500 0.000000
vt 0.863500 0.202800 0.000000
vt 0.863500 0.210700 0.000000
vt 0.866700 0.210700 0.000000
vt 0.866700 0.202800 0.000000
vt 0.841500 0.733800 0.000000
vt 0.844600 0.733800 0.000000
vt 0.841500 0.732200 0.000000
vt 0.844600 0.732200 0.000000
vt 0.841500 0.729100 0.000000
vt 0.844600 0.729100 0.000000
vt 0.866600 0.202800 0.000000
vt 0.866700 0.210600 0.000000
vt 0.841500 0.730700 0.000000
vt 0.844600 0.730700 0.000000
vt 0.865800 0.215500 0.000000
vt 0.129200 0.429000 0.000000
vt 0.117200 0.429500 0.000000
vt 0.126600 0.451100 0.000000
vt 0.118600 0.467000 0.000000
vt 0.098900 0.469700 0.000000
vt 0.106000 0.479500 0.000000
vt 0.086400 0.476100 0.000000
vt 0.072600 0.490400 0.000000
vt 0.055100 0.487600 0.000000
vt 0.046400 0.469700 0.000000
vt 0.039200 0.479500 0.000000
vt 0.036500 0.459800 0.000000
vt 0.026700 0.467000 0.000000
vt 0.030200 0.448100 0.000000
vt 0.018600 0.451100 0.000000
vt 0.029400 0.419500 0.000000
vt 0.017700 0.416300 0.000000
vt 0.035200 0.406800 0.000000
vt 0.037200 0.387000 0.000000
vt 0.070500 0.386900 0.000000
vt 0.070000 0.374800 0.000000
vt 0.084500 0.388500 0.000000
vt 0.087800 0.376700 0.000000
vt 0.095100 0.393300 0.000000
vt 0.103900 0.384200 0.000000
vt 0.109000 0.406200 0.000000
vt 0.114300 0.415700 0.000000
vt 0.108600 0.445600 0.000000
vt 0.072100 0.471400 0.000000
vt 0.036500 0.445300 0.000000
vt 0.050500 0.401000 0.000000
vt 0.059500 0.396200 0.000000
vt 0.102100 0.408000 0.000000
vt 0.098900 0.442100 0.000000
vt 0.103600 0.442600 0.000000
vt 0.095000 0.449800 0.000000
vt 0.082600 0.464400 0.000000
vt 0.072600 0.461300 0.000000
vt 0.056400 0.456000 0.000000
vt 0.053600 0.459800 0.000000
vt 0.046400 0.452600 0.000000
vt 0.043400 0.446800 0.000000
vt 0.044900 0.433600 0.000000
vt 0.065000 0.400300 0.000000
vt 0.071200 0.403800 0.000000
vt 0.081200 0.400200 0.000000
vt 0.087900 0.408500 0.000000
vt 0.089100 0.403800 0.000000
vt 0.094300 0.414300 0.000000
vt 0.098500 0.421700 0.000000
# 406 texture coords

g Wheel_F
usemtl Generic_Bike_v01
s 1
f -775/-406/-723 -774/-405/-723 -773/-404/-723 -772/-403/-723 
f -774/-405/-723 -771/-402/-723 -770/-401/-723 -773/-404/-723 
f -771/-402/-723 -769/-400/-723 -768/-399/-723 -770/-401/-723 
f -769/-400/-723 -767/-398/-723 -766/-397/-723 -768/-399/-723 
f -767/-398/-723 -765/-396/-723 -764/-395/-723 -766/-397/-723 
f -765/-396/-723 -763/-394/-723 -762/-393/-723 -764/-395/-723 
f -763/-394/-723 -761/-392/-723 -760/-391/-723 -762/-393/-723 
f -761/-392/-723 -759/-390/-723 -758/-389/-723 -760/-391/-723 
f -759/-390/-723 -757/-388/-723 -756/-387/-723 -758/-389/-723 
f -757/-388/-723 -755/-386/-723 -754/-385/-723 -756/-387/-723 
f -755/-386/-723 -753/-384/-723 -752/-383/-723 -754/-385/-723 
f -753/-384/-723 -751/-382/-723 -750/-381/-723 -752/-383/-723 
f -751/-382/-723 -749/-380/-723 -748/-379/-723 -750/-381/-723 
f -749/-380/-723 -747/-378/-723 -746/-377/-723 -748/-379/-723 
f -747/-378/-723 -745/-376/-723 -744/-375/-723 -746/-377/-723 
f -745/-376/-723 -743/-374/-723 -742/-373/-723 -744/-375/-723 
f -743/-374/-723 -741/-372/-723 -740/-371/-723 -742/-373/-723 
f -741/-372/-723 -739/-370/-723 -738/-369/-723 -740/-371/-723 
f -739/-370/-723 -737/-368/-723 -736/-367/-723 -738/-369/-723 
f -737/-368/-723 -775/-406/-723 -772/-403/-723 -736/-367/-723 
f -770/-401/-723 -735/-366/-723 -734/-365/-723 -773/-404/-723 
f -762/-393/-723 -733/-364/-723 -732/-363/-723 -764/-395/-723 
f -756/-387/-723 -754/-385/-723 -731/-362/-723 -730/-361/-723 
f -746/-377/-723 -729/-360/-723 -728/-359/-723 -748/-379/-723 
f -738/-369/-723 -727/-358/-723 -726/-357/-723 -740/-371/-723 
f -725/-356/-723 -724/-355/-723 -723/-354/-723 -722/-353/-723 
f -724/-355/-723 -721/-352/-723 -720/-351/-723 -723/-354/-723 
f -721/-352/-723 -719/-350/-723 -718/-349/-723 -720/-351/-723 
f -719/-350/-723 -717/-348/-723 -716/-347/-723 -718/-349/-723 
f -717/-348/-723 -715/-346/-723 -714/-345/-723 -716/-347/-723 
f -715/-346/-723 -713/-344/-723 -712/-343/-723 -714/-345/-723 
f -713/-344/-723 -711/-342/-723 -710/-341/-723 -712/-343/-723 
f -711/-342/-723 -709/-340/-723 -708/-339/-723 -710/-341/-723 
f -709/-340/-723 -707/-338/-723 -706/-337/-723 -708/-339/-723 
f -707/-338/-723 -705/-336/-723 -704/-335/-723 -706/-337/-723 
f -705/-336/-723 -703/-334/-723 -702/-333/-723 -704/-335/-723 
f -703/-334/-723 -701/-332/-723 -700/-331/-723 -702/-333/-723 
f -701/-332/-723 -699/-330/-723 -698/-329/-723 -700/-331/-723 
f -699/-330/-723 -697/-328/-723 -696/-327/-723 -698/-329/-723 
f -697/-328/-723 -695/-326/-723 -694/-325/-723 -696/-327/-723 
f -695/-326/-723 -693/-324/-723 -692/-323/-723 -694/-325/-723 
f -693/-324/-723 -691/-322/-723 -690/-321/-723 -692/-323/-723 
f -691/-322/-723 -689/-320/-723 -688/-319/-723 -690/-321/-723 
f -689/-320/-723 -687/-318/-723 -686/-317/-723 -688/-319/-723 
f -687/-318/-723 -725/-356/-723 -722/-353/-723 -686/-317/-723 
f -735/-366/-723 -721/-352/-723 -724/-355/-723 -734/-365/-723 
f -733/-364/-723 -713/-344/-723 -715/-346/-723 -732/-363/-723 
f -705/-336/-723 -707/-338/-723 -730/-361/-723 -731/-362/-723 
f -729/-360/-723 -697/-328/-723 -699/-330/-723 -728/-359/-723 
f -727/-358/-723 -689/-320/-723 -691/-322/-723 -726/-357/-723 
s 3
f -685/-316/-722 -684/-315/-721 -683/-314/-720 -682/-313/-719 
f -684/-316/-721 -681/-315/-718 -680/-314/-717 -683/-313/-720 
f -681/-316/-718 -679/-315/-716 -678/-314/-715 -680/-313/-717 
f -677/-315/-714 -676/-314/-713 -675/-313/-712 -674/-316/-711 
f -673/-315/-710 -672/-314/-709 -671/-313/-708 -670/-316/-707 
f -669/-315/-706 -668/-314/-705 -667/-313/-704 -666/-316/-703 
f -669/-316/-706 -665/-315/-702 -664/-314/-701 -668/-313/-705 
f -663/-315/-700 -662/-314/-699 -661/-313/-698 -660/-316/-697 
f -663/-316/-700 -659/-315/-696 -658/-314/-695 -662/-313/-699 
f -659/-316/-696 -657/-315/-694 -656/-314/-693 -658/-313/-695 
f -655/-316/-692 -654/-315/-691 -653/-314/-690 -652/-313/-689 
s 2
f -682/-313/-719 -683/-314/-720 -651/-312/-688 -650/-311/-687 
f -683/-313/-720 -680/-314/-717 -649/-312/-686 -651/-311/-688 
f -680/-313/-717 -678/-314/-715 -648/-312/-685 -649/-311/-686 
f -678/-313/-715 -675/-314/-712 -647/-312/-684 -648/-311/-685 
f -675/-313/-712 -676/-314/-713 -646/-312/-683 -647/-311/-684 
f -676/-313/-713 -671/-314/-708 -645/-312/-682 -646/-311/-683 
f -671/-313/-708 -672/-314/-709 -644/-312/-681 -645/-311/-682 
f -672/-313/-709 -643/-314/-680 -642/-312/-679 -644/-311/-681 
f -643/-313/-680 -667/-314/-704 -641/-312/-678 -642/-311/-679 
f -667/-313/-704 -668/-314/-705 -640/-312/-677 -641/-311/-678 
f -668/-313/-705 -664/-314/-701 -639/-312/-676 -640/-311/-677 
f -664/-313/-701 -661/-314/-698 -638/-312/-675 -639/-311/-676 
f -661/-313/-698 -662/-314/-699 -637/-312/-674 -638/-311/-675 
f -662/-313/-699 -658/-314/-695 -636/-312/-673 -637/-311/-674 
f -658/-313/-695 -656/-314/-693 -635/-312/-672 -636/-311/-673 
f -656/-313/-693 -634/-314/-671 -633/-312/-670 -635/-311/-672 
f -634/-313/-671 -632/-314/-669 -631/-312/-668 -633/-311/-670 
f -632/-313/-669 -652/-314/-689 -630/-312/-667 -631/-311/-668 
f -652/-313/-689 -653/-314/-690 -629/-312/-666 -630/-311/-667 
f -653/-313/-690 -682/-314/-719 -650/-312/-687 -629/-311/-666 
s 4
f -650/-310/-665 -651/-309/-664 -628/-308/-664 -627/-307/-663 
f -651/-309/-664 -649/-306/-662 -626/-305/-661 -628/-308/-664 
f -649/-306/-662 -648/-304/-660 -625/-303/-659 -626/-305/-661 
f -648/-304/-660 -647/-302/-658 -624/-301/-657 -625/-303/-659 
f -647/-302/-658 -646/-300/-656 -623/-299/-655 -624/-301/-657 
f -646/-300/-656 -645/-298/-654 -622/-297/-654 -623/-299/-655 
f -645/-298/-654 -644/-296/-653 -621/-295/-652 -622/-297/-654 
f -644/-296/-653 -642/-294/-651 -620/-293/-650 -621/-295/-652 
f -642/-294/-651 -641/-292/-649 -619/-291/-648 -620/-293/-650 
f -641/-292/-649 -640/-290/-647 -618/-289/-646 -619/-291/-648 
f -640/-290/-647 -639/-288/-645 -617/-287/-644 -618/-289/-646 
f -639/-288/-645 -638/-286/-643 -616/-285/-642 -617/-287/-644 
f -638/-286/-643 -637/-284/-641 -615/-283/-641 -616/-285/-642 
f -637/-284/-641 -636/-282/-640 -614/-281/-639 -615/-283/-641 
f -636/-282/-640 -635/-280/-638 -613/-279/-637 -614/-281/-639 
f -635/-280/-638 -633/-278/-636 -612/-277/-636 -613/-279/-637 
f -633/-278/-636 -631/-276/-635 -611/-275/-634 -612/-277/-636 
f -631/-276/-635 -630/-274/-633 -610/-273/-632 -611/-275/-634 
f -630/-274/-633 -629/-272/-631 -609/-271/-630 -610/-273/-632 
f -629/-272/-631 -650/-310/-665 -627/-307/-663 -609/-271/-630 
s 2
f -627/-307/-629 -628/-308/-628 -608/-270/-627 -607/-269/-626 
f -628/-308/-628 -626/-305/-625 -606/-268/-624 -608/-270/-627 
f -626/-305/-625 -625/-303/-623 -605/-267/-622 -606/-268/-624 
f -625/-303/-623 -624/-301/-629 -604/-266/-621 -605/-267/-622 
f -624/-301/-629 -623/-299/-620 -603/-265/-619 -604/-266/-621 
f -623/-299/-620 -622/-297/-620 -602/-264/-618 -603/-265/-619 
f -622/-297/-620 -621/-295/-629 -601/-263/-617 -602/-264/-618 
f -621/-295/-629 -620/-293/-629 -600/-262/-616 -601/-263/-617 
f -620/-293/-629 -619/-291/-629 -599/-261/-615 -600/-262/-616 
f -619/-291/-629 -618/-289/-629 -598/-260/-614 -599/-261/-615 
f -618/-289/-629 -617/-287/-629 -597/-259/-613 -598/-260/-614 
f -617/-287/-629 -616/-285/-629 -596/-258/-612 -597/-259/-613 
f -616/-285/-629 -615/-283/-629 -595/-257/-611 -596/-258/-612 
f -615/-283/-629 -614/-281/-629 -594/-256/-610 -595/-257/-611 
f -614/-281/-629 -613/-279/-629 -593/-255/-609 -594/-256/-610 
f -613/-279/-629 -612/-277/-629 -592/-254/-608 -593/-255/-609 
f -612/-277/-629 -611/-275/-629 -591/-253/-607 -592/-254/-608 
f -611/-275/-629 -610/-273/-629 -590/-252/-606 -591/-253/-607 
f -610/-273/-629 -609/-271/-629 -589/-251/-605 -590/-252/-606 
f -609/-271/-629 -627/-307/-629 -607/-269/-626 -589/-251/-605 
s 3
f -607/-269/-626 -608/-270/-627 -588/-250/-604 -587/-249/-603 
f -608/-270/-627 -606/-268/-624 -586/-248/-602 -588/-250/-604 
f -606/-268/-624 -605/-267/-622 -585/-247/-601 -586/-248/-602 
f -605/-267/-622 -604/-266/-621 -584/-246/-600 -585/-247/-601 
f -604/-266/-621 -603/-265/-619 -583/-245/-599 -584/-246/-600 
f -603/-265/-619 -602/-264/-618 -582/-244/-598 -583/-245/-599 
f -602/-264/-618 -601/-263/-617 -581/-243/-597 -582/-244/-598 
f -601/-263/-617 -600/-262/-616 -580/-242/-596 -581/-243/-597 
f -600/-262/-616 -599/-261/-615 -579/-241/-595 -580/-242/-596 
f -599/-261/-615 -598/-260/-614 -578/-240/-594 -579/-241/-595 
f -598/-260/-614 -597/-259/-613 -577/-239/-593 -578/-240/-594 
f -597/-259/-613 -596/-258/-612 -576/-238/-592 -577/-239/-593 
f -596/-258/-612 -595/-257/-611 -575/-237/-591 -576/-238/-592 
f -595/-257/-611 -594/-256/-610 -574/-236/-590 -575/-237/-591 
f -594/-256/-610 -593/-255/-609 -573/-235/-589 -574/-236/-590 
f -593/-255/-609 -592/-254/-608 -572/-234/-588 -573/-235/-589 
f -592/-254/-608 -591/-253/-607 -571/-233/-587 -572/-234/-588 
f -591/-253/-607 -590/-252/-606 -570/-232/-586 -571/-233/-587 
f -590/-252/-606 -589/-251/-605 -569/-231/-585 -570/-232/-586 
f -589/-251/-605 -607/-269/-626 -587/-249/-603 -569/-231/-585 
f -674/-315/-711 -675/-314/-712 -678/-313/-715 -679/-316/-716 
f -677/-316/-714 -670/-315/-707 -671/-314/-708 -676/-313/-713 
f -673/-316/-710 -568/-315/-584 -643/-314/-680 -672/-313/-709 
f -666/-315/-703 -667/-314/-704 -643/-313/-680 -568/-316/-584 
f -665/-316/-702 -660/-315/-697 -661/-314/-698 -664/-313/-701 
f -567/-315/-583 -634/-314/-671 -656/-313/-693 -657/-316/-694 
f -566/-315/-582 -632/-314/-669 -634/-313/-671 -567/-316/-583 
f -655/-315/-692 -652/-314/-689 -632/-313/-669 -566/-316/-582 
f -685/-315/-722 -682/-314/-719 -653/-313/-690 -654/-316/-691 
s 2
f -685/-316/-722 -565/-230/-581 -564/-229/-580 -684/-315/-721 
f -684/-316/-721 -564/-230/-580 -563/-229/-579 -681/-315/-718 
f -681/-316/-718 -563/-230/-579 -562/-229/-578 -679/-315/-716 
f -679/-316/-716 -562/-230/-578 -561/-229/-577 -674/-315/-711 
f -674/-316/-711 -561/-230/-577 -560/-229/-576 -677/-315/-714 
f -677/-316/-714 -560/-230/-576 -559/-229/-575 -670/-315/-707 
f -670/-316/-707 -559/-230/-575 -558/-229/-574 -673/-315/-710 
f -673/-316/-710 -558/-230/-574 -557/-229/-573 -568/-315/-584 
f -568/-316/-584 -557/-230/-573 -556/-229/-572 -666/-315/-703 
f -666/-316/-703 -556/-230/-572 -555/-229/-571 -669/-315/-706 
f -669/-316/-706 -555/-230/-571 -554/-229/-570 -665/-315/-702 
f -665/-316/-702 -554/-230/-570 -553/-229/-569 -660/-315/-697 
f -660/-316/-697 -553/-230/-569 -552/-229/-568 -663/-315/-700 
f -663/-316/-700 -552/-230/-568 -551/-229/-567 -659/-315/-696 
f -659/-316/-696 -551/-230/-567 -550/-229/-566 -657/-315/-694 
f -657/-316/-694 -550/-230/-566 -549/-229/-565 -567/-315/-583 
f -567/-316/-583 -549/-230/-565 -548/-229/-564 -566/-315/-582 
f -566/-316/-582 -548/-230/-564 -547/-229/-563 -655/-315/-692 
f -655/-316/-692 -547/-230/-563 -546/-229/-562 -654/-315/-691 
f -654/-316/-691 -546/-230/-562 -565/-229/-581 -685/-315/-722 
s 4
f -565/-310/-561 -545/-307/-560 -544/-308/-559 -564/-309/-558 
f -564/-309/-558 -544/-308/-559 -543/-305/-557 -563/-306/-556 
f -563/-306/-556 -543/-305/-557 -542/-303/-555 -562/-304/-554 
f -562/-304/-554 -542/-303/-555 -541/-301/-553 -561/-302/-552 
f -561/-302/-552 -541/-301/-553 -540/-299/-551 -560/-300/-550 
f -560/-300/-550 -540/-299/-551 -539/-297/-549 -559/-298/-549 
f -559/-298/-549 -539/-297/-549 -538/-295/-548 -558/-296/-547 
f -558/-296/-547 -538/-295/-548 -537/-293/-546 -557/-294/-545 
f -557/-294/-545 -537/-293/-546 -536/-291/-544 -556/-292/-543 
f -556/-292/-543 -536/-291/-544 -535/-289/-542 -555/-290/-541 
f -555/-290/-541 -535/-289/-542 -534/-287/-540 -554/-288/-539 
f -554/-288/-539 -534/-287/-540 -533/-285/-538 -553/-286/-537 
f -553/-286/-537 -533/-285/-538 -532/-283/-536 -552/-284/-536 
f -552/-284/-536 -532/-283/-536 -531/-281/-535 -551/-282/-534 
f -551/-282/-534 -531/-281/-535 -530/-279/-533 -550/-280/-532 
f -550/-280/-532 -530/-279/-533 -529/-277/-531 -549/-278/-531 
f -549/-278/-531 -529/-277/-531 -528/-275/-530 -548/-276/-529 
f -548/-276/-529 -528/-275/-530 -527/-273/-528 -547/-274/-527 
f -547/-274/-527 -527/-273/-528 -526/-271/-526 -546/-272/-525 
f -546/-272/-525 -526/-271/-526 -545/-307/-560 -565/-310/-561 
s 2
f -545/-307/-723 -525/-269/-524 -524/-270/-523 -544/-308/-723 
f -544/-308/-723 -524/-270/-523 -523/-268/-522 -543/-305/-723 
f -543/-305/-723 -523/-268/-522 -522/-267/-521 -542/-303/-723 
f -542/-303/-723 -522/-267/-521 -521/-266/-520 -541/-301/-723 
f -541/-301/-723 -521/-266/-520 -520/-265/-519 -540/-299/-723 
f -540/-299/-723 -520/-265/-519 -519/-264/-518 -539/-297/-723 
f -539/-297/-723 -519/-264/-518 -518/-263/-517 -538/-295/-723 
f -538/-295/-723 -518/-263/-517 -517/-262/-516 -537/-293/-723 
f -537/-293/-723 -517/-262/-516 -516/-261/-515 -536/-291/-723 
f -536/-291/-723 -516/-261/-515 -515/-260/-514 -535/-289/-723 
f -535/-289/-723 -515/-260/-514 -514/-259/-513 -534/-287/-723 
f -534/-287/-723 -514/-259/-513 -513/-258/-512 -533/-285/-723 
f -533/-285/-723 -513/-258/-512 -512/-257/-511 -532/-283/-723 
f -532/-283/-723 -512/-257/-511 -511/-256/-510 -531/-281/-723 
f -531/-281/-723 -511/-256/-510 -510/-255/-509 -530/-279/-723 
f -530/-279/-723 -510/-255/-509 -509/-254/-508 -529/-277/-723 
f -529/-277/-723 -509/-254/-508 -508/-253/-507 -528/-275/-723 
f -528/-275/-723 -508/-253/-507 -507/-252/-506 -527/-273/-723 
f -527/-273/-723 -507/-252/-506 -506/-251/-505 -526/-271/-723 
f -526/-271/-723 -506/-251/-505 -525/-269/-524 -545/-307/-723 
s 3
f -525/-269/-524 -587/-249/-603 -588/-250/-604 -524/-270/-523 
f -524/-270/-523 -588/-250/-604 -586/-248/-602 -523/-268/-522 
f -523/-268/-522 -586/-248/-602 -585/-247/-601 -522/-267/-521 
f -522/-267/-521 -585/-247/-601 -584/-246/-600 -521/-266/-520 
f -521/-266/-520 -584/-246/-600 -583/-245/-599 -520/-265/-519 
f -520/-265/-519 -583/-245/-599 -582/-244/-598 -519/-264/-518 
f -519/-264/-518 -582/-244/-598 -581/-243/-597 -518/-263/-517 
f -518/-263/-517 -581/-243/-597 -580/-242/-596 -517/-262/-516 
f -517/-262/-516 -580/-242/-596 -579/-241/-595 -516/-261/-515 
f -516/-261/-515 -579/-241/-595 -578/-240/-594 -515/-260/-514 
f -515/-260/-514 -578/-240/-594 -577/-239/-593 -514/-259/-513 
f -514/-259/-513 -577/-239/-593 -576/-238/-592 -513/-258/-512 
f -513/-258/-512 -576/-238/-592 -575/-237/-591 -512/-257/-511 
f -512/-257/-511 -575/-237/-591 -574/-236/-590 -511/-256/-510 
f -511/-256/-510 -574/-236/-590 -573/-235/-589 -510/-255/-509 
f -510/-255/-509 -573/-235/-589 -572/-234/-588 -509/-254/-508 
f -509/-254/-508 -572/-234/-588 -571/-233/-587 -508/-253/-507 
f -508/-253/-507 -571/-233/-587 -570/-232/-586 -507/-252/-506 
f -507/-252/-506 -570/-232/-586 -569/-231/-585 -506/-251/-505 
f -506/-251/-505 -569/-231/-585 -587/-249/-603 -525/-269/-524 
s 2
f -505/-228/-504 -504/-227/-503 -503/-226/-503 -502/-225/-503 
s 4
f -501/-224/-502 -505/-227/-501 -502/-226/-500 -500/-223/-499 
s 8
f -504/-227/-498 -501/-224/-497 -500/-223/-496 -503/-226/-495 
s 2
f -499/-223/-494 -498/-226/-493 -497/-222/-492 -496/-224/-491 
s 4
f -495/-221/-490 -499/-220/-489 -496/-219/-488 -494/-228/-487 
s 8
f -498/-218/-486 -495/-223/-485 -494/-224/-486 -497/-219/-484 
s 2
f -493/-227/-483 -492/-228/-483 -491/-223/-482 -490/-226/-481 
s 4
f -489/-223/-480 -493/-220/-479 -490/-219/-478 -488/-224/-477 
s 8
f -492/-224/-476 -489/-219/-475 -488/-217/-474 -491/-223/-473 
s 2
f -487/-220/-472 -486/-223/-471 -485/-224/-471 -484/-216/-470 
s 4
f -483/-227/-469 -487/-224/-468 -484/-223/-467 -482/-217/-466 
s 8
f -486/-228/-465 -483/-227/-464 -482/-226/-464 -485/-215/-463 
s 2
f -481/-218/-462 -480/-215/-461 -479/-228/-460 -478/-219/-459 
s 4
f -477/-220/-458 -481/-223/-457 -478/-224/-457 -476/-216/-456 
s 8
f -480/-223/-455 -477/-217/-454 -476/-227/-453 -479/-224/-455 
s 2
f -475/-214/-452 -474/-213/-452 -473/-212/-452 -472/-211/-452 
f -471/-210/-451 -470/-209/-451 -469/-208/-451 -468/-207/-451 
f -467/-206/-450 -466/-205/-450 -465/-204/-450 -464/-203/-450 
f -463/-202/-449 -462/-201/-449 -461/-200/-449 -460/-199/-449 
f -459/-198/-448 -458/-197/-448 -457/-196/-448 -456/-195/-448 
s 4
f -475/-214/-447 -472/-211/-446 -455/-194/-445 -454/-193/-445 
f -470/-209/-444 -453/-192/-443 -452/-191/-443 -469/-208/-442 
s off
f -451/-190/-441 -453/-189/-441 -470/-188/-441 
f -454/-187/-440 -451/-190/-439 -475/-186/-440 
f -452/-189/-438 -450/-190/-438 -469/-188/-438 
f -450/-190/-437 -455/-185/-437 -472/-186/-437 
s 4
f -458/-197/-436 -449/-184/-435 -448/-183/-434 -457/-196/-433 
f -463/-202/-432 -460/-199/-431 -447/-182/-430 -446/-181/-430 
f -467/-206/-429 -464/-203/-428 -445/-183/-427 -444/-184/-427 
f -462/-201/-426 -443/-180/-425 -442/-179/-424 -461/-200/-423 
f -471/-210/-422 -468/-207/-421 -441/-178/-420 -440/-177/-419 
f -466/-205/-418 -439/-176/-417 -438/-175/-417 -465/-204/-416 
f -474/-213/-415 -437/-174/-414 -436/-173/-414 -473/-212/-413 
f -459/-198/-412 -456/-195/-411 -435/-175/-410 -434/-176/-410 
s off
f -433/-172/-409 -437/-171/-409 -474/-170/-409 
f -436/-171/-408 -432/-169/-408 -473/-170/-408 
f -434/-168/-407 -433/-172/-407 -459/-167/-407 
f -432/-169/-406 -435/-168/-406 -456/-167/-406 
f -440/-166/-405 -431/-165/-405 -471/-164/-405 
f -430/-163/-404 -441/-162/-404 -468/-164/-404 
f -431/-165/-403 -439/-161/-403 -466/-160/-403 
f -438/-161/-402 -430/-163/-402 -465/-160/-402 
f -429/-159/-401 -443/-158/-401 -462/-157/-401 
f -442/-156/-400 -428/-155/-400 -461/-157/-400 
f -444/-154/-399 -429/-159/-399 -467/-153/-399 
f -428/-155/-398 -445/-152/-398 -464/-153/-398 
f -427/-151/-397 -449/-150/-397 -458/-149/-397 
f -448/-150/-396 -426/-148/-396 -457/-149/-396 
f -446/-147/-395 -427/-151/-395 -463/-146/-395 
f -426/-148/-394 -447/-145/-394 -460/-144/-394 
s 4
f -475/-186/-447 -489/-143/-480 -492/-142/-723 -474/-170/-415 
f -471/-164/-422 -483/-141/-469 -486/-140/-723 -470/-188/-444 
f -459/-167/-412 -495/-139/-490 -498/-138/-723 -458/-149/-436 
f -463/-146/-432 -501/-137/-502 -504/-136/-723 -462/-157/-426 
f -467/-153/-429 -477/-135/-458 -480/-134/-723 -466/-160/-418 
s 8
f -477/-135/-454 -504/-136/-498 -505/-133/-723 -481/-132/-723 
s 2
f -499/-131/-494 -505/-133/-504 -501/-137/-723 -498/-138/-493 
f -481/-132/-462 -487/-130/-472 -483/-141/-723 -480/-134/-461 
s 8
f -493/-129/-723 -499/-131/-723 -495/-139/-485 -492/-142/-476 
f -486/-140/-465 -487/-130/-723 -493/-129/-723 -489/-143/-475 
s off
f -486/-140/-393 -489/-143/-393 -451/-190/-393 -470/-188/-393 
f -474/-170/-392 -492/-142/-392 -433/-172/-392 
f -458/-149/-391 -498/-138/-391 -427/-151/-391 
f -504/-136/-390 -477/-135/-390 -429/-159/-390 -462/-157/-390 
f -431/-165/-389 -483/-141/-389 -471/-164/-389 
s 4
f -473/-170/-413 -491/-142/-629 -488/-128/-477 -472/-186/-446 
f -469/-188/-442 -485/-140/-629 -482/-127/-466 -468/-164/-421 
f -464/-153/-428 -465/-160/-416 -479/-126/-629 -476/-135/-456 
f -461/-157/-423 -503/-136/-629 -500/-137/-499 -460/-144/-431 
s 8
f -485/-140/-463 -488/-128/-474 -490/-129/-629 -484/-125/-629 
s 2
f -479/-126/-460 -482/-127/-629 -484/-125/-470 -478/-132/-459 
f -491/-142/-482 -494/-139/-629 -496/-124/-491 -490/-129/-481 
s 4
f -457/-149/-433 -497/-138/-629 -494/-139/-487 -456/-167/-411 
s 8
f -478/-132/-629 -502/-123/-629 -503/-136/-495 -476/-135/-453 
f -497/-138/-484 -500/-137/-496 -502/-123/-629 -496/-124/-629 
s off
f -477/-135/-388 -467/-153/-388 -429/-159/-388 
f -501/-137/-387 -463/-146/-386 -427/-151/-387 -498/-138/-387 
f -431/-165/-385 -466/-160/-385 -480/-134/-385 -483/-141/-385 
f -495/-139/-384 -459/-167/-384 -433/-172/-384 -492/-142/-384 
f -489/-143/-383 -475/-186/-383 -451/-190/-383 
f -432/-169/-382 -491/-142/-382 -473/-170/-382 
f -432/-169/-381 -456/-167/-381 -494/-139/-381 -491/-142/-381 
f -426/-148/-380 -497/-138/-380 -457/-149/-380 
f -426/-148/-379 -460/-144/-379 -500/-137/-379 -497/-138/-379 
f -428/-155/-378 -476/-135/-377 -503/-136/-378 -461/-157/-378 
f -428/-155/-376 -464/-153/-376 -476/-135/-376 
f -468/-164/-375 -482/-127/-375 -430/-163/-375 
f -479/-126/-374 -465/-160/-374 -430/-163/-374 -482/-127/-374 
f -450/-190/-373 -488/-128/-373 -485/-140/-373 -469/-188/-373 
f -450/-190/-372 -472/-186/-372 -488/-128/-372 
s 2
f -425/-122/-371 -424/-121/-370 -423/-120/-369 -422/-119/-368 
f -421/-119/-367 -420/-120/-366 -419/-121/-365 -418/-122/-364 
f -417/-122/-363 -416/-121/-362 -415/-120/-361 -414/-119/-360 
f -413/-119/-359 -412/-120/-358 -411/-121/-357 -410/-122/-356 
f -409/-122/-355 -408/-121/-354 -407/-120/-353 -406/-119/-352 
f -405/-119/-351 -404/-120/-350 -403/-121/-349 -402/-122/-348 
f -401/-122/-347 -400/-121/-346 -399/-120/-345 -398/-119/-344 
f -397/-119/-343 -396/-120/-342 -395/-121/-341 -394/-122/-340 
f -393/-122/-339 -392/-121/-338 -391/-120/-337 -390/-119/-336 
f -389/-120/-335 -388/-121/-334 -387/-122/-333 -386/-119/-332 
s off
f -419/-121/-331 -420/-120/-331 -385/-118/-331 -384/-117/-331 
f -383/-118/-330 -423/-120/-330 -424/-121/-330 -382/-117/-330 
f -388/-121/-329 -389/-120/-329 -381/-118/-329 -380/-117/-329 
f -392/-121/-328 -379/-117/-328 -378/-118/-328 -391/-120/-328 
f -395/-121/-327 -396/-120/-327 -377/-118/-327 -376/-117/-327 
f -400/-121/-326 -375/-117/-326 -374/-118/-326 -399/-120/-326 
f -403/-121/-325 -404/-120/-325 -373/-118/-325 -372/-117/-325 
f -408/-121/-324 -371/-117/-324 -370/-118/-324 -407/-120/-324 
f -411/-121/-323 -412/-120/-323 -369/-118/-323 -368/-117/-323 
f -416/-121/-322 -367/-117/-322 -366/-118/-322 -415/-120/-322 
f -365/-116/-723 -364/-115/-723 -421/-119/-723 -418/-122/-723 
f -363/-116/-723 -425/-122/-723 -422/-119/-723 -362/-115/-723 
f -361/-116/-723 -360/-115/-723 -386/-119/-723 -387/-122/-723 
f -359/-116/-723 -393/-122/-723 -390/-119/-723 -358/-115/-723 
f -357/-116/-723 -356/-115/-723 -397/-119/-723 -394/-122/-723 
f -355/-115/-723 -354/-116/-723 -401/-122/-723 -398/-119/-723 
f -353/-116/-723 -352/-115/-723 -405/-119/-723 -402/-122/-723 
f -351/-115/-723 -350/-116/-723 -409/-122/-723 -406/-119/-723 
f -349/-116/-723 -348/-115/-723 -413/-119/-723 -410/-122/-723 
f -347/-115/-723 -346/-116/-723 -417/-122/-723 -414/-119/-723 
s 4
f -499/-131/-489 -493/-129/-479 -487/-130/-468 -505/-133/-501 
s off
f -481/-132/-723 -505/-133/-723 -487/-130/-723 
f -484/-114/-321 -490/-113/-321 -345/-112/-321 -344/-111/-321 
f -478/-110/-320 -484/-109/-320 -344/-112/-320 -343/-111/-320 
f -490/-109/-319 -496/-110/-319 -342/-111/-319 -345/-112/-319 
f -502/-110/-318 -478/-109/-318 -343/-112/-318 -341/-111/-318 
f -496/-109/-317 -502/-110/-317 -341/-111/-317 -342/-112/-317 
s 2
f -340/-108/-316 -339/-108/-315 -338/-107/-314 -337/-107/-313 
f -339/-108/-315 -336/-106/-312 -335/-105/-311 -338/-107/-314 
f -336/-106/-312 -334/-106/-310 -333/-105/-309 -335/-105/-311 
f -334/-106/-310 -332/-106/-308 -331/-105/-307 -333/-105/-309 
f -332/-106/-308 -330/-108/-306 -329/-107/-305 -331/-105/-307 
f -330/-108/-306 -340/-108/-316 -337/-107/-313 -329/-107/-305 
s 4
f -333/-104/-723 -331/-103/-723 -329/-102/-723 -337/-101/-723 
f -338/-100/-723 -335/-99/-723 -333/-104/-723 -337/-101/-723 
s off
f -455/-185/-629 -450/-190/-629 -452/-189/-629 
f -454/-187/-723 -453/-189/-723 -451/-190/-723 
f -454/-193/-304 -455/-194/-304 -452/-191/-304 -453/-192/-304 
s 2
f -328/-108/-303 -327/-108/-302 -326/-107/-301 -325/-107/-300 
f -327/-108/-302 -324/-108/-299 -323/-107/-298 -326/-107/-301 
f -324/-108/-299 -322/-106/-297 -321/-105/-296 -323/-107/-298 
f -322/-106/-297 -320/-106/-295 -319/-105/-294 -321/-105/-296 
f -320/-106/-295 -318/-106/-293 -317/-105/-292 -319/-105/-294 
f -318/-106/-293 -328/-108/-303 -325/-107/-300 -317/-105/-292 
s 4
f -321/-98/-723 -319/-100/-723 -317/-97/-723 -325/-104/-723 
f -326/-96/-723 -323/-102/-723 -321/-98/-723 -325/-104/-723 
s 2
f -316/-106/-291 -315/-106/-290 -314/-95/-289 -313/-95/-288 
f -315/-106/-290 -312/-106/-287 -311/-95/-286 -314/-95/-289 
f -312/-106/-287 -310/-108/-285 -309/-94/-284 -311/-95/-286 
f -310/-108/-285 -308/-108/-283 -307/-94/-282 -309/-94/-284 
f -308/-108/-283 -306/-108/-281 -305/-94/-280 -307/-94/-282 
f -306/-108/-281 -316/-106/-291 -313/-95/-288 -305/-94/-280 
s 4
f -309/-104/-723 -307/-96/-723 -305/-102/-723 -313/-98/-723 
f -314/-100/-723 -311/-97/-723 -309/-104/-723 -313/-98/-723 
s 2
f -304/-108/-279 -303/-106/-278 -302/-95/-277 -301/-94/-276 
f -303/-106/-278 -300/-106/-275 -299/-95/-274 -302/-95/-277 
f -300/-106/-275 -298/-106/-273 -297/-95/-272 -299/-95/-274 
f -298/-106/-273 -296/-108/-271 -295/-94/-270 -297/-95/-272 
f -296/-108/-271 -294/-108/-269 -293/-94/-268 -295/-94/-270 
f -294/-108/-269 -304/-108/-279 -301/-94/-276 -293/-94/-268 
s 4
f -297/-98/-723 -295/-100/-723 -293/-97/-723 -301/-104/-723 
f -302/-103/-723 -299/-102/-723 -297/-98/-723 -301/-104/-723 
s 2
f -292/-106/-267 -291/-106/-266 -290/-95/-265 -289/-95/-264 
f -291/-106/-266 -288/-108/-263 -287/-94/-262 -290/-95/-265 
f -288/-108/-263 -286/-108/-261 -285/-94/-260 -287/-94/-262 
f -286/-108/-261 -284/-108/-259 -283/-94/-258 -285/-94/-260 
f -284/-108/-259 -282/-106/-257 -281/-95/-256 -283/-94/-258 
f -282/-106/-257 -292/-106/-267 -289/-95/-264 -281/-95/-256 
s 4
f -285/-104/-723 -283/-103/-723 -281/-102/-723 -289/-93/-723 
f -290/-100/-723 -287/-97/-723 -285/-104/-723 -289/-93/-723 
s 2
f -435/-175/-255 -436/-92/-255 -437/-91/-255 -434/-176/-255 
s off
f -433/-172/-723 -434/-168/-723 -437/-171/-723 
f -436/-171/-629 -435/-168/-629 -432/-169/-629 
s 2
f -439/-176/-254 -440/-91/-254 -441/-92/-254 -438/-175/-254 
s off
f -440/-166/-723 -439/-161/-723 -431/-165/-723 
f -430/-163/-629 -438/-161/-629 -441/-162/-629 
s 2
f -443/-180/-253 -444/-90/-253 -445/-89/-253 -442/-179/-253 
s off
f -429/-159/-723 -444/-154/-723 -443/-158/-723 
f -442/-156/-629 -445/-152/-629 -428/-155/-629 
s 2
f -447/-182/-252 -448/-173/-252 -449/-174/-251 -446/-181/-252 
s off
f -427/-151/-723 -446/-147/-723 -449/-150/-723 
f -448/-150/-629 -447/-145/-629 -426/-148/-629 
s 2
f -280/-225/-250 -279/-228/-503 -278/-219/-503 -277/-217/-503 
s 4
f -276/-223/-499 -275/-224/-502 -279/-219/-500 -280/-217/-249 
s 8
f -277/-226/-495 -278/-227/-498 -275/-224/-248 -276/-223/-497 
s 2
f -274/-224/-247 -273/-223/-246 -272/-226/-492 -271/-222/-245 
s 4
f -270/-228/-487 -269/-221/-490 -273/-220/-488 -274/-219/-244 
s 8
f -271/-219/-486 -272/-220/-243 -269/-225/-486 -270/-224/-242 
s 2
f -268/-217/-483 -267/-219/-241 -266/-228/-240 -265/-223/-483 
s 4
f -264/-224/-477 -263/-223/-480 -267/-220/-478 -268/-216/-239 
s 8
f -265/-223/-238 -266/-224/-473 -263/-227/-475 -264/-226/-473 
s 2
f -262/-216/-470 -261/-220/-472 -260/-223/-471 -259/-224/-471 
s 4
f -258/-226/-466 -257/-227/-469 -261/-224/-467 -262/-225/-237 
s 8
f -259/-223/-464 -260/-228/-236 -257/-227/-464 -258/-226/-464 
s 2
f -256/-219/-459 -255/-218/-462 -254/-215/-235 -253/-228/-460 
s 4
f -252/-216/-456 -251/-220/-458 -255/-223/-457 -256/-224/-457 
s 8
f -253/-224/-455 -254/-223/-455 -251/-220/-454 -252/-219/-453 
s 2
f -250/-211/-452 -249/-214/-452 -248/-213/-452 -247/-212/-452 
f -246/-207/-451 -245/-210/-451 -244/-209/-451 -243/-208/-451 
f -242/-203/-234 -241/-206/-234 -240/-205/-234 -239/-204/-234 
f -238/-198/-449 -237/-202/-449 -236/-201/-449 -235/-200/-449 
f -234/-195/-448 -233/-198/-448 -232/-197/-448 -231/-196/-448 
s 4
f -250/-211/-233 -230/-194/-232 -229/-193/-232 -249/-214/-231 
f -243/-208/-230 -244/-209/-229 -228/-192/-228 -227/-191/-227 
s off
f -226/-190/-226 -243/-188/-226 -227/-189/-226 
f -230/-187/-225 -250/-186/-225 -226/-190/-225 
f -228/-88/-224 -244/-188/-224 -225/-190/-224 
f -225/-190/-223 -249/-87/-223 -229/-187/-223 
s 4
f -231/-196/-222 -232/-197/-221 -224/-184/-220 -223/-183/-220 
f -238/-198/-219 -222/-86/-218 -221/-181/-218 -237/-202/-217 
f -242/-203/-216 -220/-183/-215 -219/-184/-214 -241/-206/-213 
f -235/-200/-212 -236/-201/-211 -218/-180/-210 -217/-179/-209 
f -246/-207/-208 -216/-178/-207 -215/-177/-207 -245/-210/-206 
f -239/-204/-205 -240/-205/-204 -214/-176/-203 -213/-85/-203 
f -247/-212/-202 -248/-213/-201 -212/-174/-200 -211/-173/-200 
f -234/-195/-199 -210/-175/-198 -209/-176/-198 -233/-198/-197 
s off
f -208/-169/-196 -247/-170/-196 -211/-171/-196 
f -212/-84/-195 -248/-170/-195 -207/-172/-195 
f -210/-168/-194 -234/-167/-194 -208/-169/-194 
f -207/-172/-193 -233/-167/-192 -209/-83/-193 
f -216/-166/-191 -246/-164/-191 -206/-165/-191 
f -205/-165/-190 -245/-82/-190 -215/-166/-190 
f -206/-165/-189 -239/-160/-189 -213/-161/-189 
f -214/-81/-188 -240/-160/-188 -205/-165/-188 
f -204/-159/-187 -235/-157/-187 -217/-158/-187 
f -218/-158/-186 -236/-80/-186 -203/-155/-186 
f -220/-154/-185 -242/-153/-185 -204/-159/-185 
f -203/-155/-184 -241/-79/-184 -219/-154/-184 
f -202/-148/-183 -231/-149/-183 -223/-150/-183 
f -224/-150/-182 -232/-149/-182 -201/-151/-182 
f -222/-145/-181 -238/-144/-181 -202/-148/-181 
f -201/-151/-180 -237/-146/-180 -221/-147/-180 
s 4
f -250/-186/-233 -247/-170/-202 -265/-142/-629 -264/-128/-477 
f -246/-164/-208 -243/-188/-230 -259/-140/-629 -258/-127/-466 
f -234/-167/-199 -231/-149/-222 -271/-138/-629 -270/-139/-487 
f -238/-144/-219 -235/-157/-212 -277/-136/-629 -276/-137/-499 
f -242/-153/-216 -239/-160/-205 -253/-126/-629 -252/-135/-456 
s 8
f -252/-135/-453 -256/-132/-629 -280/-133/-629 -277/-136/-495 
s 2
f -274/-124/-247 -271/-138/-245 -276/-137/-629 -280/-133/-250 
f -256/-132/-459 -253/-126/-460 -258/-127/-629 -262/-130/-470 
s 8
f -268/-129/-629 -265/-142/-238 -270/-139/-242 -274/-124/-629 
s 16
f -259/-140/-629 -264/-128/-629 -268/-129/-239 -262/-130/-237 
s off
f -259/-140/-179 -243/-188/-179 -226/-190/-179 -264/-128/-179 
f -247/-170/-178 -208/-169/-178 -265/-142/-178 
f -231/-149/-177 -202/-148/-177 -271/-138/-177 
f -277/-136/-176 -235/-157/-176 -204/-159/-176 -252/-135/-176 
f -206/-165/-175 -246/-164/-175 -258/-127/-175 
s 4
f -248/-170/-201 -249/-87/-231 -263/-78/-480 -266/-142/-723 
f -244/-188/-229 -245/-82/-206 -257/-141/-469 -260/-77/-723 
f -241/-79/-213 -251/-135/-458 -254/-134/-723 -240/-160/-204 
f -236/-80/-211 -237/-146/-217 -275/-137/-502 -278/-76/-723 
s 8
f -260/-77/-236 -261/-130/-723 -267/-129/-723 -263/-78/-475 
s 2
f -254/-134/-235 -255/-132/-462 -261/-130/-472 -257/-141/-723 
f -266/-142/-240 -267/-129/-241 -273/-131/-246 -269/-75/-723 
s 4
f -232/-149/-221 -233/-167/-197 -269/-75/-490 -272/-74/-723 
s 8
f -255/-132/-723 -251/-135/-454 -278/-76/-498 -279/-133/-723 
f -272/-74/-243 -273/-131/-723 -279/-133/-723 -275/-137/-248 
s off
f -252/-135/-174 -204/-159/-174 -242/-153/-174 
f -276/-137/-173 -271/-138/-173 -202/-148/-173 -238/-144/-173 
f -206/-165/-172 -258/-127/-172 -253/-126/-172 -239/-160/-172 
f -270/-139/-171 -265/-142/-171 -208/-169/-171 -234/-167/-171 
f -264/-128/-170 -226/-190/-170 -250/-186/-170 
f -207/-172/-169 -248/-170/-169 -266/-142/-169 
f -207/-172/-168 -266/-142/-168 -269/-75/-168 -233/-167/-168 
f -201/-151/-167 -232/-149/-167 -272/-74/-167 
f -201/-151/-166 -272/-74/-166 -275/-137/-166 -237/-146/-166 
f -203/-155/-165 -236/-80/-164 -278/-76/-165 -251/-135/-165 
f -203/-155/-163 -251/-135/-163 -241/-79/-163 
f -245/-82/-162 -205/-165/-162 -257/-141/-162 
f -254/-134/-161 -257/-141/-161 -205/-165/-161 -240/-160/-161 
f -225/-190/-160 -244/-188/-160 -260/-77/-160 -263/-78/-159 
f -225/-190/-158 -263/-78/-158 -249/-87/-158 
s 2
f -200/-73/-157 -199/-72/-156 -419/-71/-365 -384/-70/-157 
s 4
f -199/-72/-155 -198/-69/-155 -418/-68/-155 -419/-71/-155 
s 2
f -198/-69/-154 -197/-67/-153 -365/-66/-153 -418/-68/-364 
s 4
f -197/-65/-152 -196/-64/-152 -364/-63/-152 -365/-62/-152 
s 2
f -196/-67/-151 -195/-72/-150 -421/-71/-367 -364/-66/-151 
s 4
f -195/-72/-149 -194/-61/-149 -420/-60/-149 -421/-71/-149 
s 2
f -194/-61/-148 -193/-73/-147 -385/-70/-147 -420/-60/-366 
f -192/-73/-146 -191/-61/-145 -423/-60/-369 -383/-70/-146 
s 4
f -191/-61/-144 -190/-72/-144 -422/-71/-144 -423/-60/-144 
s 2
f -190/-72/-143 -189/-67/-142 -362/-66/-142 -422/-71/-368 
s 4
f -189/-65/-141 -188/-64/-141 -363/-63/-141 -362/-62/-141 
s 2
f -188/-67/-140 -187/-69/-139 -425/-68/-371 -363/-66/-140 
s 4
f -187/-69/-138 -186/-72/-138 -424/-71/-138 -425/-68/-138 
s 2
f -186/-72/-137 -185/-73/-136 -382/-70/-136 -424/-71/-370 
f -184/-73/-135 -183/-61/-134 -388/-60/-334 -380/-70/-135 
s 4
f -183/-61/-133 -182/-72/-133 -387/-71/-133 -388/-60/-133 
s 2
f -182/-72/-132 -181/-67/-131 -361/-66/-131 -387/-71/-333 
s 4
f -181/-64/-130 -180/-65/-130 -360/-62/-130 -361/-63/-130 
s 2
f -180/-72/-129 -179/-59/-128 -386/-58/-332 -360/-71/-129 
s 4
f -179/-59/-127 -178/-57/-127 -389/-56/-127 -386/-58/-127 
s 2
f -178/-57/-126 -177/-73/-125 -381/-70/-125 -389/-56/-335 
f -176/-73/-124 -175/-61/-123 -391/-60/-337 -378/-70/-124 
s 4
f -175/-61/-122 -174/-72/-122 -390/-71/-122 -391/-60/-122 
s 2
f -174/-72/-121 -173/-67/-120 -358/-66/-120 -390/-71/-336 
s 4
f -173/-64/-119 -172/-65/-119 -359/-62/-119 -358/-63/-119 
s 2
f -172/-67/-118 -171/-69/-117 -393/-68/-339 -359/-66/-118 
s 4
f -171/-69/-116 -170/-72/-116 -392/-71/-116 -393/-68/-116 
s 2
f -170/-72/-115 -169/-73/-114 -379/-70/-114 -392/-71/-338 
f -168/-73/-113 -167/-59/-112 -395/-58/-341 -376/-70/-113 
s 4
f -167/-59/-111 -166/-72/-111 -394/-71/-111 -395/-58/-111 
s 2
f -166/-72/-110 -165/-67/-109 -357/-66/-109 -394/-71/-340 
s 4
f -165/-64/-108 -164/-65/-108 -356/-55/-108 -357/-54/-108 
s 2
f -164/-53/-107 -163/-53/-106 -397/-52/-343 -356/-52/-107 
s 4
f -163/-53/-105 -162/-53/-105 -396/-52/-105 -397/-52/-105 
s 2
f -162/-53/-104 -161/-73/-103 -377/-70/-103 -396/-52/-342 
f -160/-73/-102 -159/-69/-101 -399/-68/-345 -374/-70/-102 
s 4
f -159/-69/-100 -158/-67/-100 -398/-66/-100 -399/-68/-100 
s 2
f -158/-67/-99 -157/-67/-98 -355/-66/-98 -398/-66/-344 
s 4
f -157/-64/-97 -156/-65/-97 -354/-62/-97 -355/-63/-97 
s 2
f -156/-67/-96 -155/-72/-95 -401/-71/-347 -354/-66/-96 
s 4
f -155/-72/-94 -154/-61/-94 -400/-60/-94 -401/-71/-94 
s 2
f -154/-61/-93 -153/-73/-92 -375/-70/-92 -400/-60/-346 
f -152/-73/-91 -151/-61/-90 -403/-60/-349 -372/-70/-91 
s 4
f -151/-61/-89 -150/-69/-89 -402/-68/-89 -403/-60/-89 
s 2
f -150/-69/-88 -149/-67/-87 -353/-66/-87 -402/-68/-348 
s 4
f -149/-64/-86 -148/-65/-86 -352/-62/-86 -353/-63/-86 
s 2
f -148/-67/-85 -147/-69/-84 -405/-68/-351 -352/-66/-85 
s 4
f -147/-69/-83 -146/-72/-83 -404/-71/-83 -405/-68/-83 
s 2
f -146/-72/-82 -145/-73/-81 -373/-70/-81 -404/-71/-350 
f -144/-70/-80 -143/-58/-79 -407/-59/-353 -370/-73/-80 
s 4
f -143/-58/-78 -142/-58/-78 -406/-59/-78 -407/-59/-78 
s 2
f -142/-58/-77 -141/-58/-76 -351/-59/-76 -406/-59/-352 
s 4
f -141/-64/-75 -140/-65/-75 -350/-62/-75 -351/-63/-75 
s 2
f -140/-66/-74 -139/-71/-73 -409/-72/-355 -350/-67/-74 
s 4
f -139/-71/-72 -138/-60/-72 -408/-61/-72 -409/-72/-72 
s 2
f -138/-60/-71 -137/-70/-70 -371/-73/-70 -408/-61/-354 
f -136/-70/-69 -135/-60/-68 -411/-61/-357 -368/-73/-69 
s 4
f -135/-60/-67 -134/-71/-67 -410/-72/-67 -411/-61/-67 
s 2
f -134/-71/-66 -133/-66/-65 -349/-67/-65 -410/-72/-356 
s 4
f -133/-65/-64 -132/-64/-64 -348/-63/-64 -349/-62/-64 
s 2
f -132/-68/-63 -131/-71/-62 -413/-72/-359 -348/-69/-63 
s 4
f -131/-71/-61 -130/-58/-61 -412/-59/-61 -413/-72/-61 
s 2
f -130/-58/-60 -129/-70/-59 -369/-73/-59 -412/-59/-358 
f -128/-70/-58 -127/-56/-57 -415/-57/-361 -366/-73/-58 
s 4
f -127/-56/-56 -126/-52/-56 -414/-53/-56 -415/-57/-56 
s 2
f -126/-52/-55 -125/-60/-54 -347/-61/-54 -414/-53/-360 
s 4
f -125/-65/-53 -124/-64/-53 -346/-63/-53 -347/-62/-53 
s 2
f -124/-67/-52 -123/-72/-51 -417/-71/-363 -346/-66/-52 
s 4
f -123/-72/-50 -122/-61/-50 -416/-60/-50 -417/-71/-50 
s 2
f -122/-61/-49 -121/-73/-48 -367/-70/-48 -416/-60/-362 
f -187/-122/-139 -190/-119/-143 -191/-120/-145 -186/-121/-137 
f -195/-119/-150 -198/-122/-154 -199/-121/-156 -194/-120/-148 
f -123/-122/-51 -126/-119/-55 -127/-120/-57 -122/-121/-49 
f -131/-119/-62 -134/-122/-66 -135/-121/-68 -130/-120/-60 
f -139/-122/-73 -142/-119/-77 -143/-120/-79 -138/-121/-71 
f -147/-119/-84 -150/-122/-88 -151/-121/-90 -146/-120/-82 
f -155/-122/-95 -158/-119/-99 -159/-120/-101 -154/-121/-93 
f -163/-119/-106 -166/-122/-110 -167/-121/-112 -162/-120/-104 
f -171/-122/-117 -174/-119/-121 -175/-120/-123 -170/-121/-115 
f -178/-120/-126 -179/-119/-128 -182/-122/-132 -183/-121/-134 
s off
f -199/-121/-47 -200/-117/-47 -193/-118/-47 -194/-120/-47 
f -192/-118/-46 -185/-117/-46 -186/-121/-46 -191/-120/-46 
f -183/-121/-45 -184/-117/-45 -177/-118/-45 -178/-120/-45 
f -170/-121/-44 -175/-120/-43 -176/-118/-43 -169/-117/-43 
f -167/-121/-42 -168/-117/-42 -161/-118/-42 -162/-120/-42 
f -154/-121/-41 -159/-120/-41 -160/-118/-41 -153/-117/-41 
f -151/-121/-40 -152/-117/-40 -145/-118/-40 -146/-120/-40 
f -138/-121/-39 -143/-120/-39 -144/-118/-39 -137/-117/-39 
f -135/-121/-38 -136/-117/-38 -129/-118/-38 -130/-120/-38 
f -122/-121/-37 -127/-120/-37 -128/-118/-37 -121/-117/-37 
f -197/-116/-629 -198/-122/-629 -195/-119/-629 -196/-115/-629 
f -188/-116/-629 -189/-115/-629 -190/-119/-629 -187/-122/-629 
f -181/-116/-629 -182/-122/-629 -179/-119/-629 -180/-115/-629 
f -172/-116/-629 -173/-115/-629 -174/-119/-629 -171/-122/-629 
f -165/-116/-629 -166/-122/-629 -163/-119/-629 -164/-115/-629 
f -157/-115/-629 -158/-119/-629 -155/-122/-629 -156/-116/-629 
f -149/-116/-629 -150/-122/-629 -147/-119/-629 -148/-115/-629 
f -141/-115/-629 -142/-119/-629 -139/-122/-629 -140/-116/-629 
f -133/-116/-629 -134/-122/-629 -131/-119/-629 -132/-115/-629 
f -125/-115/-629 -126/-119/-629 -123/-122/-629 -124/-116/-629 
s 20
f -274/-124/-244 -280/-133/-249 -262/-130/-237 -268/-129/-239 
s off
f -256/-132/-629 -262/-130/-629 -280/-133/-629 
f -261/-110/-321 -344/-111/-321 -345/-112/-321 -267/-109/-321 
f -255/-114/-320 -343/-111/-320 -344/-112/-320 -261/-113/-320 
f -267/-113/-319 -345/-112/-319 -342/-111/-319 -273/-114/-319 
f -279/-114/-318 -341/-111/-318 -343/-112/-318 -255/-113/-318 
f -273/-113/-317 -342/-112/-317 -341/-111/-317 -279/-114/-317 
s 2
f -340/-108/-316 -120/-94/-36 -119/-94/-35 -339/-108/-315 
f -339/-108/-315 -119/-94/-35 -118/-95/-34 -336/-106/-312 
f -336/-106/-312 -118/-95/-34 -117/-95/-33 -334/-106/-310 
f -334/-106/-310 -117/-95/-33 -116/-95/-32 -332/-106/-308 
f -332/-106/-308 -116/-95/-32 -115/-94/-31 -330/-108/-306 
f -330/-108/-306 -115/-94/-31 -120/-94/-36 -340/-108/-316 
s 4
f -117/-104/-629 -120/-51/-629 -115/-102/-629 -116/-103/-629 
f -119/-100/-629 -120/-51/-629 -117/-104/-629 -118/-97/-629 
s off
f -229/-187/-723 -228/-88/-723 -225/-190/-723 
f -230/-187/-629 -226/-190/-629 -227/-189/-629 
f -230/-194/-30 -227/-191/-30 -228/-192/-30 -229/-193/-30 
s 2
f -328/-108/-303 -114/-94/-29 -113/-94/-28 -327/-108/-302 
f -327/-108/-302 -113/-94/-28 -112/-94/-27 -324/-108/-299 
f -324/-108/-299 -112/-94/-27 -111/-95/-26 -322/-106/-297 
f -322/-106/-297 -111/-95/-26 -110/-95/-25 -320/-106/-295 
f -320/-106/-295 -110/-95/-25 -109/-95/-24 -318/-106/-293 
f -318/-106/-293 -109/-95/-24 -114/-94/-29 -328/-108/-303 
s 4
f -111/-98/-629 -114/-104/-629 -109/-97/-629 -110/-100/-629 
f -113/-103/-629 -114/-104/-629 -111/-98/-629 -112/-102/-629 
s 2
f -316/-106/-291 -108/-105/-23 -107/-105/-22 -315/-106/-290 
f -315/-106/-290 -107/-105/-22 -106/-105/-21 -312/-106/-287 
f -312/-106/-287 -106/-105/-21 -105/-107/-20 -310/-108/-285 
f -310/-108/-285 -105/-107/-20 -104/-107/-19 -308/-108/-283 
f -308/-108/-283 -104/-107/-19 -103/-107/-18 -306/-108/-281 
f -306/-108/-281 -103/-107/-18 -108/-105/-23 -316/-106/-291 
s 4
f -105/-104/-629 -108/-98/-629 -103/-102/-629 -104/-96/-629 
f -107/-100/-629 -108/-98/-629 -105/-104/-629 -106/-97/-629 
s 2
f -304/-108/-279 -102/-107/-17 -101/-105/-16 -303/-106/-278 
f -303/-106/-278 -101/-105/-16 -100/-105/-15 -300/-106/-275 
f -300/-106/-275 -100/-105/-15 -99/-105/-14 -298/-106/-273 
f -298/-106/-273 -99/-105/-14 -98/-107/-13 -296/-108/-271 
f -296/-108/-271 -98/-107/-13 -97/-107/-12 -294/-108/-269 
f -294/-108/-269 -97/-107/-12 -102/-107/-17 -304/-108/-279 
s 4
f -99/-98/-629 -102/-104/-629 -97/-97/-629 -98/-100/-629 
f -101/-96/-629 -102/-104/-629 -99/-98/-629 -100/-102/-629 
s 2
f -292/-106/-267 -96/-105/-11 -95/-105/-10 -291/-106/-266 
f -291/-106/-266 -95/-105/-10 -94/-107/-9 -288/-108/-263 
f -288/-108/-263 -94/-107/-9 -93/-107/-8 -286/-108/-261 
f -286/-108/-261 -93/-107/-8 -92/-107/-7 -284/-108/-259 
f -284/-108/-259 -92/-107/-7 -91/-105/-6 -282/-106/-257 
f -282/-106/-257 -91/-105/-6 -96/-105/-11 -292/-106/-267 
s 4
f -93/-104/-629 -96/-93/-629 -91/-102/-629 -92/-103/-629 
f -95/-100/-629 -96/-93/-629 -93/-104/-629 -94/-97/-629 
s 2
f -209/-176/-5 -210/-175/-5 -211/-92/-5 -212/-91/-5 
s off
f -208/-169/-629 -211/-171/-629 -210/-168/-629 
f -212/-84/-723 -207/-172/-723 -209/-83/-723 
s 2
f -213/-85/-4 -214/-176/-4 -215/-91/-3 -216/-92/-3 
s off
f -216/-166/-629 -206/-165/-629 -213/-161/-629 
f -205/-165/-723 -215/-166/-723 -214/-81/-723 
s 2
f -217/-179/-2 -218/-180/-2 -219/-90/-2 -220/-89/-2 
s off
f -204/-159/-629 -217/-158/-629 -220/-154/-629 
f -218/-158/-723 -203/-155/-723 -219/-154/-723 
s 2
f -221/-181/-1 -222/-86/-1 -223/-91/-1 -224/-92/-1 
s off
f -202/-148/-629 -223/-150/-629 -222/-145/-629 
f -224/-150/-723 -201/-151/-723 -221/-147/-723 
s 1
f -90/-50/-629 -89/-49/-629 -88/-404/-629 -87/-48/-629 
f -87/-48/-629 -88/-404/-629 -86/-401/-629 -85/-47/-629 
f -85/-47/-629 -86/-401/-629 -84/-46/-629 -83/-45/-629 
f -83/-45/-629 -84/-46/-629 -82/-44/-629 -81/-398/-629 
f -81/-398/-629 -82/-44/-629 -80/-395/-629 -79/-43/-629 
f -79/-43/-629 -80/-395/-629 -78/-393/-629 -77/-42/-629 
f -77/-42/-629 -78/-393/-629 -76/-41/-629 -75/-40/-629 
f -75/-40/-629 -76/-41/-629 -74/-39/-629 -73/-38/-629 
f -73/-38/-629 -74/-39/-629 -72/-37/-629 -71/-36/-629 
f -71/-36/-629 -72/-37/-629 -70/-385/-629 -69/-386/-629 
f -69/-386/-629 -70/-385/-629 -68/-35/-629 -67/-34/-629 
f -67/-34/-629 -68/-35/-629 -66/-33/-629 -65/-382/-629 
f -65/-382/-629 -66/-33/-629 -64/-379/-629 -63/-32/-629 
f -63/-32/-629 -64/-379/-629 -62/-377/-629 -61/-378/-629 
f -61/-378/-629 -62/-377/-629 -60/-31/-629 -59/-30/-629 
f -59/-30/-629 -60/-31/-629 -58/-29/-629 -57/-28/-629 
f -57/-28/-629 -58/-29/-629 -56/-27/-629 -55/-26/-629 
f -55/-26/-629 -56/-27/-629 -54/-25/-629 -53/-370/-629 
f -53/-370/-629 -54/-25/-629 -52/-24/-629 -51/-368/-629 
f -51/-368/-629 -52/-24/-629 -89/-49/-629 -90/-50/-629 
f -86/-401/-629 -88/-404/-629 -50/-23/-629 -49/-366/-629 
f -78/-393/-629 -80/-395/-629 -48/-22/-629 -47/-364/-629 
f -72/-37/-629 -46/-21/-629 -45/-362/-629 -70/-385/-629 
f -62/-377/-629 -64/-379/-629 -44/-20/-629 -43/-19/-629 
f -54/-25/-629 -56/-27/-629 -42/-357/-629 -41/-18/-629 
f -40/-356/-629 -39/-353/-629 -38/-17/-629 -37/-16/-629 
f -37/-16/-629 -38/-17/-629 -36/-15/-629 -35/-352/-629 
f -35/-352/-629 -36/-15/-629 -34/-349/-629 -33/-350/-629 
f -33/-350/-629 -34/-349/-629 -32/-347/-629 -31/-14/-629 
f -31/-14/-629 -32/-347/-629 -30/-13/-629 -29/-346/-629 
f -29/-346/-629 -30/-13/-629 -28/-343/-629 -27/-344/-629 
f -27/-344/-629 -28/-343/-629 -26/-12/-629 -25/-11/-629 
f -25/-11/-629 -26/-12/-629 -24/-339/-629 -23/-10/-629 
f -23/-10/-629 -24/-339/-629 -22/-337/-629 -21/-9/-629 
f -21/-9/-629 -22/-337/-629 -20/-8/-629 -19/-336/-629 
f -19/-336/-629 -20/-8/-629 -18/-333/-629 -17/-334/-629 
f -17/-334/-629 -18/-333/-629 -16/-331/-629 -15/-332/-629 
f -15/-332/-629 -16/-331/-629 -14/-329/-629 -13/-330/-629 
f -13/-330/-629 -14/-329/-629 -12/-327/-629 -11/-7/-629 
f -11/-7/-629 -12/-327/-629 -10/-6/-629 -9/-326/-629 
f -9/-326/-629 -10/-6/-629 -8/-323/-629 -7/-5/-629 
f -7/-5/-629 -8/-323/-629 -6/-4/-629 -5/-3/-629 
f -5/-3/-629 -6/-4/-629 -4/-2/-629 -3/-320/-629 
f -3/-320/-629 -4/-2/-629 -2/-1/-629 -1/-318/-629 
f -1/-318/-629 -2/-1/-629 -39/-353/-629 -40/-356/-629 
f -49/-366/-629 -50/-23/-629 -37/-16/-629 -35/-352/-629 
f -47/-364/-629 -48/-22/-629 -29/-346/-629 -27/-344/-629 
f -19/-336/-629 -45/-362/-629 -46/-21/-629 -21/-9/-629 
f -43/-19/-629 -44/-20/-629 -13/-330/-629 -11/-7/-629 
f -41/-18/-629 -42/-357/-629 -5/-3/-629 -3/-320/-629 
# 632 polygons - 82 triangles

#
# object Body
#

v  119.071373 866.259216 351.911865
v  84.339417 867.079712 370.156677
v  88.614235 836.884155 379.295563
v  106.729698 948.659424 -831.215027
v  51.106239 946.970276 -856.747131
v  49.843868 1005.397949 -936.757202
v  136.262238 834.321350 -558.972778
v  164.943893 745.370544 -432.191223
v  159.381302 784.575378 -541.050476
v  143.371704 822.373169 -634.385376
v  164.532425 752.274231 -430.735779
v  168.631989 832.459473 -518.558777
v  104.997414 976.320068 -836.147705
v  49.373970 1012.515015 -935.573547
v  2.221399 946.970276 -856.749634
v  2.221413 1012.784302 -943.731995
v  137.709991 738.329651 -357.296783
v  153.539276 734.788879 -395.950470
v  197.326233 793.102173 318.790253
v  194.237625 801.369873 189.047073
v  182.182770 836.393982 282.115204
v  214.092789 754.316406 262.013641
v  169.858719 826.277161 64.206070
v  174.738037 888.293701 113.383011
v  179.871384 872.898804 165.562225
v  169.787598 799.843384 41.089527
v  156.417038 802.324951 8.719769
v  176.785278 813.249512 129.501846
v  90.458328 936.312500 -5.237541
v  104.999840 882.842896 -53.677879
v  67.423073 937.869507 -61.696663
v  74.580788 962.098511 -18.562384
v  13.763031 996.218384 -9.278694
v  26.590019 998.826904 56.611454
v  82.002663 964.503906 33.649860
v  154.275803 939.878662 143.050201
v  86.645767 974.237183 164.624954
v  114.913406 908.331848 279.882538
v  145.121628 904.628479 232.242310
v  84.687401 915.309204 321.444519
v  26.564611 993.198242 113.045151
v  47.583103 978.395203 191.528625
v  46.216560 932.804810 341.431793
v  2.221270 1001.359314 -0.828117
v  2.221262 1003.355835 56.611446
v  2.221253 997.727173 113.045151
v  2.221241 978.791382 191.528625
v  2.221217 935.382813 351.746735
v  2.221288 930.483215 -121.175842
v  2.221277 983.233887 -47.622532
v  123.364067 756.513489 -226.014343
v  126.346001 777.460876 -108.016098
v  130.410019 766.439819 -116.626678
v  118.019905 746.218872 -223.868042
v  126.008217 773.132690 -346.516998
v  155.136948 808.410767 -434.530548
v  165.964996 845.332214 -512.655884
v  154.903214 789.957703 -1.430073
v  86.775421 944.877380 -614.598755
v  74.771385 943.249207 -578.317444
v  104.052490 921.194458 -548.850830
v  85.185379 957.087097 -608.162415
v  86.394424 961.996948 -631.543091
v  82.399010 976.124390 -631.708191
v  81.273781 970.381470 -602.609985
v  19.658497 1012.250854 -843.501038
v  2.221398 1015.430908 -847.613281
v  2.221397 1021.872437 -843.757629
v  18.970156 1018.760864 -837.923157
v  19.658495 993.810425 -827.666626
v  2.221395 993.980591 -827.633667
v  97.103096 996.038025 -853.808350
v  57.288597 1001.869873 -860.198914
v  51.738697 1006.177734 -830.935608
v  52.622612 1011.285645 -812.741577
v  79.726944 974.597900 -747.618530
v  124.100746 975.906006 -794.092957
v  2.221412 1019.256226 -941.733093
v  20.285891 1017.102234 -931.786377
v  19.699150 1007.102295 -933.660889
v  116.386765 925.248291 -809.962891
v  145.124313 857.333740 -616.272583
v  64.971985 913.167969 -111.904846
v  111.052658 829.762024 -84.724304
v  59.577030 853.419617 -153.664978
v  63.460686 890.079346 -132.981766
v  95.200531 791.555359 -133.405945
v  56.828754 823.221558 -172.036804
v  89.457603 788.606384 -234.213455
v  60.676865 819.322632 -242.361771
v  104.052460 803.414612 -337.134247
v  76.628082 825.014771 -335.186096
v  2.221334 853.645630 -422.856720
v  2.221321 837.232117 -336.738037
v  53.793495 846.139893 -430.624023
v  128.403473 871.801514 -504.987579
v  126.556877 834.301025 -434.662628
v  73.539474 945.034851 -567.913513
v  86.955750 903.625244 -535.353333
v  33.768185 1014.298096 -789.139954
v  57.410500 1002.794434 -721.720703
v  94.613884 996.513000 -735.058289
v  2.221296 859.848267 -171.516113
v  2.221294 887.635925 -159.921021
v  2.221298 831.948914 -184.053558
v  2.221307 832.812500 -245.706985
v  2.221344 883.317871 -488.457336
v  109.046120 877.750183 -490.509583
v  2.221349 908.682312 -524.314453
v  2.221353 950.315552 -547.730713
v  2.221378 1007.823608 -714.527466
v  192.619644 779.878906 141.836090
v  216.706451 691.834961 130.058105
v  179.500549 736.767517 45.488811
v  51.103691 925.248291 -809.962891
v  2.221392 925.248291 -809.962891
v  140.090027 822.373169 -634.385376
v  2.221366 822.373169 -634.385376
v  43.280312 874.859680 383.618652
v  101.786842 986.805176 -749.678528
v  63.067062 987.178467 -635.482605
v  2.221364 995.115967 -620.133423
v  170.953461 757.948608 19.344593
v  139.647995 742.144714 -141.036087
v  131.883224 701.017029 -213.377838
v  133.102448 732.828003 -321.040802
v  84.375122 951.768311 -584.332092
v  71.535416 978.583191 -588.017639
v  76.805908 951.968994 -565.302490
v  2.221356 988.123413 -568.177734
v  2.221352 958.791504 -543.742920
v  2.221401 1007.699097 -866.589600
v  32.406773 1015.433472 -960.909973
v  32.432171 1022.537842 -958.009216
v  181.972076 923.178101 -652.119629
v  129.990997 969.647400 -781.662170
v  181.766342 928.085388 -652.259338
v  2.221346 876.259277 -505.465149
v  102.604675 865.796936 -511.469696
v  121.898521 856.317688 -516.567444
v  174.971848 916.081421 -637.608582
v  139.510895 899.370667 -598.065918
v  171.332016 921.870117 -637.334290
v  135.530716 909.573914 -591.812439
v  150.554779 722.320007 -394.705872
v  144.415588 662.967834 -254.444565
v  165.426422 646.074341 -3.690670
v  139.597198 666.879456 -106.004410
v  130.496368 697.991882 -140.794800
v  139.226349 613.392090 -135.999268
v  202.017624 788.039978 328.079041
v  220.803482 749.142395 275.404510
v  223.729553 732.035522 239.311127
v  158.088303 791.819458 366.567688
v  201.377533 770.991516 343.194580
v  214.679535 733.968445 291.873901
v  221.486725 724.451050 270.464233
v  224.481400 631.989990 204.271820
v  228.334579 620.633667 118.115036
v  244.895370 589.424683 252.351501
v  202.827881 751.542725 369.514069
v  232.075974 554.852783 384.393372
v  194.918304 701.088135 450.943909
v  221.895630 593.011169 459.064301
v  196.670914 749.345642 408.269409
v  213.584732 623.790894 519.297913
v  193.404434 719.432068 524.525208
v  189.876373 679.129883 616.130310
v  219.937332 542.708984 190.235779
v  192.657761 569.935242 105.572510
v  232.619522 523.473572 354.403595
v  217.709747 461.517883 295.915009
v  160.625824 599.226563 18.816265
v  216.815643 438.289612 377.283936
v  45.416451 848.855164 394.837830
v  105.911629 813.439941 388.741852
v  200.869522 750.920410 349.163574
v  157.542206 770.125366 379.991577
v  125.423912 784.522095 396.585419
v  162.832993 719.432068 524.525208
v  194.214722 715.027649 489.168365
v  142.909256 715.027649 507.227753
v  189.028030 761.776367 443.527130
v  128.179794 761.776367 461.586548
v  229.840759 467.687561 467.027252
v  237.270248 484.990051 421.086243
v  129.655548 258.477905 400.776398
v  149.749496 290.573364 363.600952
v  225.728531 430.336853 401.873657
v  159.350769 602.322754 -99.789032
v  158.621765 564.273560 -68.559731
v  174.928589 493.697144 -137.492798
v  175.342621 503.671722 -169.913361
v  174.395187 479.000702 -102.402679
v  181.212540 341.231140 -132.565186
v  181.486877 343.908264 -173.700485
v  180.735016 332.015991 -90.187828
v  219.226135 448.182922 117.774673
v  202.307220 317.085876 63.474560
v  217.686905 371.388550 40.980320
v  219.119476 425.691223 63.474560
v  217.257629 371.388550 194.571564
v  218.367615 425.691223 172.077332
v  147.110443 293.781372 278.907196
v  202.535812 315.091980 183.756256
v  189.492920 559.721924 22.400211
v  187.610794 451.307068 -2.865170
v  138.035095 265.948059 -130.967529
v  138.141769 267.936890 -154.221222
v  137.976654 264.985382 -87.934860
v  166.925018 317.085876 63.474552
v  179.487854 371.388550 40.980320
v  201.705231 294.591644 117.777206
v  184.857407 294.591644 117.774673
v  160.074646 559.721924 22.400204
v  158.456680 451.307068 -2.865173
v  170.100021 332.015991 -90.187828
v  211.626434 554.913696 384.647400
v  212.068390 523.625977 355.038605
v  211.738190 438.033051 376.209534
v  210.140503 592.645386 457.535248
v  211.047302 485.157684 421.782196
v  211.542618 430.263214 401.561279
v  127.651497 223.987305 343.021881
v  127.046997 241.919617 231.716522
v  197.168777 290.540314 147.345337
v  81.182198 140.571106 366.293335
v  81.299042 165.701904 291.950073
v  81.390472 143.619141 378.736755
v  81.017113 167.327484 266.062378
v  124.052353 252.874664 177.705933
v  79.490555 127.627258 364.723572
v  78.776817 144.200806 309.813873
v  86.716850 190.497375 395.386475
v  140.488708 213.024597 100.274063
v  133.099854 223.837402 -7.874058
v  131.403137 238.262054 -87.937393
v  131.431091 239.194214 -130.967529
v  131.525070 241.183044 -154.221222
v  121.883293 784.671875 -541.050476
v  2.221369 803.140259 -651.784363
v  2.221347 740.110168 -511.352875
v  129.226410 652.891602 -451.810181
v  129.627747 694.420654 -503.438202
v  129.830948 734.265625 -504.215454
v  122.698593 653.453003 -359.133179
v  128.654892 662.896729 -254.416611
v  128.314529 622.861267 -258.889557
v  122.485237 627.120850 -359.133179
v  2.221338 652.891602 -451.810211
v  2.221346 694.420654 -503.438232
v  2.221346 734.265625 -504.215485
v  2.221324 653.453003 -359.133209
v  2.221351 783.094604 -537.908569
v  2.221324 627.120850 -359.133209
v  2.221309 622.861267 -258.889587
v  129.726791 744.174194 -433.468842
v  123.061821 706.696472 -359.684357
v  127.692207 613.674072 -136.865402
v  127.847153 593.600464 -217.886337
v  2.221303 593.600464 -217.886353
v  122.843346 469.188721 -170.667740
v  123.757767 510.753265 -237.726273
v  2.221306 510.753265 -237.744080
v  138.540634 335.518677 -770.031555
v  138.903854 346.547363 -719.485535
v  162.162628 346.547363 -719.485535
v  162.751923 335.188446 -769.724182
v  161.187286 264.805054 -754.496887
v  162.221069 301.965271 -770.801147
v  158.355164 261.310028 -611.959717
v  139.990921 570.509277 -389.905273
v  163.559586 570.509277 -389.905273
v  163.193817 564.123779 -335.384186
v  162.302277 510.666870 -339.001129
v  162.508026 509.948059 -379.460815
v  124.842361 564.123779 -335.384186
v  158.068100 341.655304 -350.438751
v  160.684326 374.322235 -545.569153
v  160.087402 407.029785 -361.713837
v  160.539490 469.188721 -170.792191
v  158.151886 375.236633 -171.856461
v  159.747025 414.616791 -270.306824
v  162.147339 511.225708 -307.688019
v  162.195633 422.384094 -591.690491
v  161.718109 400.052429 -590.232544
v  147.732834 503.737732 -319.024048
v  147.859833 503.234863 -347.324738
v  148.030014 502.584625 -383.895630
v  147.735413 423.443298 -575.708801
v  147.334091 403.257904 -574.393066
v  146.493347 380.004211 -534.024841
v  146.025970 409.567291 -367.852997
v  145.744003 416.422729 -285.236969
v  2.221293 267.936890 -154.221252
v  2.221296 343.908264 -173.700516
v  2.221292 240.187378 -142.593140
v  2.221296 375.236633 -171.856476
v  2.221230 167.327484 266.062378
v  2.221243 253.644287 179.697296
v  -3.684287 143.619141 378.736755
v  -3.661425 127.627258 364.723572
v  -3.610617 144.200806 309.813873
v  2.221271 223.837402 -7.874077
v  2.955343 238.262054 -87.934875
v  2.221329 570.509277 -389.905304
v  2.221321 564.123779 -335.384216
v  -114.628944 866.259216 351.911804
v  -84.171799 836.886719 379.295563
v  -79.896988 867.079712 370.156677
v  -102.286903 948.659424 -831.215027
v  -45.401051 1005.397949 -936.757202
v  -46.663441 946.970276 -856.747131
v  -131.819534 834.321350 -558.975281
v  -138.928970 822.373169 -634.385376
v  -154.938599 784.575378 -541.050537
v  -160.501221 745.370544 -432.191284
v  -160.089737 752.274231 -430.735840
v  -164.189285 832.459473 -518.558838
v  -100.554619 976.320068 -836.147705
v  -44.928608 1012.515015 -935.573547
v  -133.267349 738.329651 -357.296844
v  -149.096634 734.788879 -395.950531
v  -192.883804 793.102173 318.790192
v  -189.795135 801.372437 189.047012
v  -209.650330 754.316406 262.013580
v  -177.740311 836.393982 282.115143
v  -165.416183 826.277161 64.206024
v  -175.428894 872.898804 165.562164
v  -170.295547 888.293701 113.382950
v  -165.345078 799.843384 41.089481
v  -172.342789 813.249512 129.501785
v  -151.974518 802.324951 8.719723
v  -86.015793 936.312500 -5.237568
v  -100.557281 882.842896 -53.677910
v  -62.980518 937.869507 -61.696686
v  -70.138252 962.098511 -18.562407
v  -77.560135 964.503906 33.649830
v  -22.147499 998.826904 56.611446
v  -9.320488 996.218384 -9.278698
v  -149.833313 939.878662 143.050156
v  -140.679169 904.628479 232.242249
v  -110.470947 908.331848 279.882477
v  -82.203278 974.237183 164.624924
v  -80.244957 915.309204 321.444519
v  -43.140617 978.395203 191.528625
v  -22.122108 993.198242 113.045151
v  -41.774120 932.804810 341.431793
v  -118.921455 756.513489 -226.014374
v  -113.577293 746.218872 -223.868073
v  -125.967438 766.439819 -116.626724
v  -121.903427 777.460876 -108.016129
v  -121.565575 773.132690 -346.517059
v  -150.694275 808.410767 -434.530609
v  -161.522278 845.332214 -512.655945
v  -150.460663 789.957703 -1.430119
v  -82.332703 944.877380 -614.598755
v  -99.609787 921.194458 -548.850891
v  -70.328659 943.249207 -578.317444
v  -80.742661 957.087097 -608.162415
v  -76.831055 970.381470 -602.609985
v  -77.956268 976.124390 -631.708191
v  -81.951691 961.996948 -631.543091
v  -15.213163 1012.250854 -843.501038
v  -14.527363 1018.760864 -837.923157
v  -15.213165 993.810425 -827.666626
v  -92.660301 996.038025 -853.805847
v  -52.845798 1001.869873 -860.198914
v  -47.295902 1006.177734 -830.935608
v  -48.179829 1011.285645 -812.741577
v  -119.657967 975.906006 -794.092957
v  -75.284172 974.597900 -747.618530
v  -15.256329 1007.102295 -933.660889
v  -15.843069 1017.102234 -931.786377
v  -111.943985 925.248291 -809.962891
v  -140.679031 857.333740 -616.272583
v  -60.529411 913.167969 -111.904861
v  -59.018112 890.079346 -132.981781
v  -55.134449 853.419617 -153.664993
v  -106.610092 829.764526 -84.724335
v  -52.386162 823.221558 -172.036819
v  -90.757942 791.555359 -133.405975
v  -56.234249 819.322632 -242.361801
v  -85.014992 788.606384 -234.213486
v  -72.185432 825.014771 -335.188629
v  -99.609818 803.414612 -337.134277
v  -49.348282 846.139893 -430.624023
v  -122.114204 834.301025 -434.662689
v  -123.960777 871.801514 -504.987640
v  -69.096771 945.034851 -567.913513
v  -82.513046 903.625244 -535.353333
v  -29.325411 1014.298096 -789.139954
v  -90.171120 996.513000 -735.058289
v  -52.967743 1002.794434 -721.720703
v  -104.603432 877.750183 -490.509644
v  -188.177139 779.878906 141.836029
v  -175.058029 736.767517 45.488758
v  -212.263962 691.834961 130.058044
v  -46.660908 925.248291 -809.962891
v  -135.647293 822.373169 -634.385376
v  -38.837887 874.859680 383.618652
v  -97.341537 986.805176 -749.678528
v  -58.624332 987.178467 -635.482605
v  -166.510941 757.948608 19.344547
v  -135.205414 742.144714 -141.036133
v  -127.440628 701.017029 -213.377869
v  -128.659805 732.828003 -321.040863
v  -79.932396 951.768311 -584.332092
v  -72.363205 951.968994 -565.302490
v  -67.092697 978.583191 -588.017639
v  -27.989346 1022.537842 -958.009216
v  -27.963947 1015.433472 -960.909973
v  -177.529343 923.178101 -652.119629
v  -125.548233 969.647400 -781.662170
v  -177.323608 928.085388 -652.259338
v  -98.161995 865.796936 -511.469727
v  -117.455833 856.317688 -516.567505
v  -135.068176 899.370667 -598.065918
v  -170.529114 916.081421 -637.608582
v  -166.889282 921.870117 -637.334290
v  -131.088013 909.573914 -591.812439
v  -146.112137 722.320007 -394.705933
v  -139.972961 662.967834 -254.444595
v  -135.152069 666.879456 -106.004448
v  -160.983871 646.074341 -3.690720
v  -126.053787 697.991882 -140.794830
v  -134.783768 613.392090 -135.999313
v  -216.361008 749.142395 275.404449
v  -197.575180 788.039978 328.078979
v  -219.287094 732.035522 239.311066
v  -153.645874 791.819458 366.567627
v  -214.727783 733.968445 291.871277
v  -196.935089 770.991516 343.194519
v  -217.044266 724.451050 270.464172
v  -240.452911 589.424683 252.351440
v  -227.636093 554.852783 384.393311
v  -200.292999 650.829163 431.261383
v  -229.426758 652.741760 260.845184
v  -218.293930 654.992249 123.878235
v  -209.142365 623.790894 519.297791
v  -188.385513 679.129883 616.130310
v  -191.982132 719.432068 524.525208
v  -193.531509 701.088135 450.943848
v  -223.892075 620.633667 118.114975
v  -193.175858 570.095276 104.899353
v  -203.229202 542.310181 191.924835
v  -216.002869 461.606812 295.533966
v  -228.301559 524.088257 348.035767
v  -182.530716 600.067261 15.272915
v  -212.434189 437.641907 370.900879
v  -40.974030 848.855164 394.837830
v  -101.469215 813.439941 388.741791
v  -196.427094 750.920410 349.163513
v  -153.099777 770.125366 379.991516
v  -120.981491 784.522095 396.585358
v  -161.446259 719.432068 524.525208
v  -141.547882 715.027649 507.227753
v  -192.810165 715.027649 489.168365
v  -126.866676 761.776367 461.586487
v  -190.922943 761.776367 443.527069
v  -195.319672 749.345642 408.269348
v  -203.691498 751.542725 369.514008
v  -217.453232 593.011169 459.064240
v  -232.827850 484.990051 421.086182
v  -225.398361 467.687561 467.027130
v  -132.284485 258.477905 400.776337
v  -221.286087 430.339355 401.873596
v  -157.366989 290.862915 362.381683
v  -154.908188 602.322754 -99.789078
v  -162.335159 564.870483 -71.079460
v  -170.900024 503.671722 -169.913406
v  -170.486008 493.697144 -137.492844
v  -159.630035 479.008362 -102.435760
v  -175.538071 343.908264 -173.700531
v  -175.268829 341.231140 -132.565231
v  -157.300873 332.015991 -90.187881
v  -126.876747 267.936890 -154.221268
v  -126.777687 265.948059 -130.967575
v  -118.939255 264.820282 -87.241470
v  -207.732635 524.240662 348.670776
v  -207.184006 554.913696 384.647339
v  -207.354187 437.382843 369.826416
v  -205.698105 592.645386 457.535187
v  -206.604904 485.157684 421.782135
v  -207.100189 430.263214 401.561218
v  -149.746964 293.829651 278.703918
v  -130.239792 223.987305 343.021820
v  -129.576828 241.919617 231.716461
v  -141.453842 317.123962 179.008926
v  -162.584106 293.334351 143.146667
v  -87.710014 165.701904 291.950073
v  -87.712563 140.571106 366.293335
v  -87.948784 143.619141 378.736755
v  -107.100357 254.413910 181.673401
v  -87.392509 167.327484 266.062378
v  -86.008224 127.627258 364.723572
v  -85.195419 144.200806 309.813873
v  -93.315811 190.497375 395.386475
v  -120.308304 241.183044 -154.221268
v  -120.219406 239.194214 -130.967560
v  -122.632416 238.371307 -88.399719
v  -117.440590 784.671875 -541.050537
v  -124.783737 652.891602 -451.810242
v  -118.255951 653.453003 -359.133240
v  -125.388260 734.265625 -504.215515
v  -125.185051 694.420654 -503.438263
v  -118.042595 627.120850 -359.133240
v  -123.871918 622.861267 -258.889587
v  -124.212280 662.896729 -254.416641
v  -118.619179 706.696472 -359.684418
v  -125.284119 744.174194 -433.468903
v  -123.402016 593.600464 -217.886368
v  -123.249619 613.674072 -136.865448
v  -119.315155 510.753265 -237.726303
v  -118.400764 469.188721 -170.667770
v  -130.826355 335.518677 -770.031555
v  -158.309143 335.188446 -769.724182
v  -157.719864 346.547363 -719.485535
v  -131.187027 346.547363 -719.482971
v  -156.744522 264.805054 -754.496887
v  -153.912430 261.310028 -611.959717
v  -157.778290 301.965271 -770.801147
v  -132.274216 570.509277 -389.905334
v  -159.116943 570.509277 -389.905334
v  -158.065384 509.948059 -379.460876
v  -157.859634 510.669434 -339.001190
v  -158.751175 564.123779 -335.384247
v  -120.397171 564.123779 -335.384247
v  -156.241623 374.322235 -545.569214
v  -153.625458 341.655304 -350.438812
v  -155.644760 407.029785 -361.713898
v  -155.306946 414.616791 -270.306885
v  -153.709305 375.236633 -171.856506
v  -156.096893 469.188721 -170.792236
v  -157.704697 511.225708 -307.688080
v  -157.752930 422.384094 -591.687988
v  -157.275406 400.052429 -590.232544
v  -143.417191 503.234863 -347.324799
v  -143.290192 503.737732 -319.024109
v  -143.587372 502.584625 -383.895691
v  -143.292709 423.443298 -575.708801
v  -142.891388 403.257904 -574.393066
v  -142.050644 380.004211 -534.024902
v  -141.583313 409.567291 -367.853058
v  -141.301392 416.422729 -285.237000
v  -146.498260 332.015991 -90.187881
v  -208.387955 461.606812 295.533966
v  -115.609383 290.862915 362.381683
v  -180.859390 523.364380 67.911880
v  -179.510666 475.401550 137.556122
v  -181.756012 547.943909 12.768478
v  -161.509674 523.971436 -46.758961
v  -159.264297 470.209778 -69.326859
v  -134.341843 257.675293 6.789326
v  -160.232040 415.615051 -49.583435
v  -195.332352 419.638367 212.049255
v  -179.711319 465.828308 88.015976
v  -178.616592 417.057739 117.858429
v  -174.819275 389.005981 8.069481
v  -178.827393 415.602356 64.726715
v  -156.701462 213.753601 97.200607
v  -59.381409 784.522095 407.690247
v  -49.625271 826.424438 404.550781
v  -89.165474 693.681519 583.054443
v  -80.173866 719.432068 524.525208
v  -73.160919 761.776367 461.586517
v  -3.308370 190.497375 395.386475
v  -1.332247 258.477905 379.127930
v  2.221203 467.687561 445.378784
v  2.221192 623.790894 519.297852
v  83.059235 719.432068 524.525208
v  76.023438 761.776367 461.586517
v  92.187988 693.341125 583.831665
v  63.823822 784.522095 407.690247
v  54.067684 826.424438 404.550781
v  2.221210 882.637207 397.080658
v  43.280289 913.663330 528.967651
v  -80.173882 758.606445 627.125977
v  -73.160934 819.309937 575.960205
v  76.023422 819.309937 575.960205
v  83.059219 758.606445 627.125977
v  -89.165489 715.096252 676.142883
v  92.187973 714.755859 676.917603
v  -59.381432 851.613586 556.427612
v  -49.625290 868.740845 546.447937
v  54.067665 868.740845 546.447937
v  63.823799 851.613586 556.427612
v  45.416428 891.171570 536.734924
v  -40.974052 891.171570 536.734924
v  -38.837910 913.663330 528.967651
v  -34.933960 896.348083 700.295715
v  -14.001820 866.891724 733.772949
v  26.701677 866.891724 733.772949
v  47.633820 896.348083 700.295715
v  -11.995222 860.970947 737.359375
v  24.695078 860.970947 737.359375
v  -5.284544 837.745239 751.425903
v  17.984396 837.745239 751.425903
v  119.523453 935.873108 626.028687
v  98.362724 937.310669 562.942688
v  116.066505 927.526611 640.128235
v  133.656021 953.376221 542.770020
v  99.317772 936.822998 515.094177
v  121.979637 933.940063 626.028687
v  110.587723 896.652893 668.822571
v  117.085052 895.248230 666.932800
v  136.363663 951.524536 542.772522
v  136.706573 930.859070 575.637634
v  122.916893 891.273193 636.384277
v  26.043814 795.713257 774.283386
v  29.444872 793.622925 775.733765
v  17.115711 773.930298 774.283386
v  21.055252 772.944763 774.788879
v  17.984407 837.745239 677.128357
v  24.695087 860.970947 677.128357
v  102.977890 915.801941 613.117859
v  98.154434 898.880493 615.167603
v  23.694326 821.827026 674.278503
v  15.830486 810.493591 677.999573
v  148.502319 925.410767 574.260925
v  140.224457 951.524536 542.772522
v  150.580032 878.931335 701.941650
v  36.587357 786.579468 768.766602
v  86.206253 833.998657 747.974060
v  169.932281 863.665955 701.807007
v  136.775116 804.069885 754.608521
v  65.888786 746.160461 789.299805
v  90.442970 739.757080 783.732117
v  137.201828 782.073547 763.496033
v  21.052708 733.109924 798.720764
v  -8.355406 772.944763 776.180725
v  -6.348810 729.363403 798.720764
v  -4.415867 773.930298 774.283386
v  112.939758 744.357056 783.732117
v  131.055023 762.157410 763.496033
v  155.850510 793.353638 732.363220
v  165.103745 838.067810 680.247498
v  69.912155 719.383789 767.054443
v  97.539734 724.661926 761.486877
v  150.442841 768.639465 741.250671
v  20.999372 710.813843 776.475403
v  -8.299526 710.813843 776.475403
v  119.063690 731.636719 761.486877
v  141.209961 746.002930 741.250671
v  -3.130612 810.493591 677.999573
v  -85.662811 937.310669 562.942688
v  -106.823555 935.873108 626.028687
v  -103.366631 927.526611 640.128235
v  -86.617851 936.822998 515.094177
v  -120.956116 953.376221 542.772522
v  -109.279739 933.940063 626.028687
v  -104.385170 895.248230 666.932800
v  -97.887848 896.652893 668.822571
v  -123.663750 951.524536 542.772522
v  -124.006660 930.859070 575.637634
v  -110.217010 891.273193 636.384277
v  -16.745028 793.622925 776.056213
v  -13.343967 795.713257 774.283386
v  -11.995213 860.970947 677.128357
v  -5.284533 837.745239 677.128357
v  -90.278000 915.801941 613.117859
v  -85.454544 898.880493 615.167603
v  -10.994452 821.827026 674.278503
v  -127.524551 951.524536 542.772522
v  -144.631454 928.862671 575.546143
v  -137.880142 878.931335 701.941650
v  -45.297165 819.998291 759.688538
v  -80.389801 858.253235 747.974060
v  -18.096308 790.346252 770.158325
v  -153.397003 863.668457 701.807007
v  -142.591873 825.327148 754.608521
v  -61.449028 718.024841 790.447998
v  -81.306747 791.242920 780.679138
v  -119.795364 760.508911 783.732117
v  -159.752090 846.162781 679.561707
v  -145.850677 796.742004 732.363220
v  -121.085686 728.995117 761.486877
v  -66.846519 702.640076 767.054443
v  69.912170 719.383789 681.433655
v  97.539749 724.661926 681.433655
v  153.033646 768.166992 717.516968
v  158.240662 793.457825 704.032043
v  20.999386 710.813843 681.433655
v  119.063705 731.636719 681.433655
v  147.605682 741.789124 731.580933
v  -156.635513 838.067810 680.247498
v  -147.453415 793.457825 704.032043
v  -66.846504 702.640076 681.436218
v  -8.299513 710.813843 681.433655
v  -136.815903 741.789124 731.580933
v  143.099747 955.954346 512.358582
v  181.535019 893.447388 543.717407
v  159.566574 939.873535 490.567902
v  173.183487 824.763306 696.389221
v  150.836548 741.789124 731.580933
v  141.877975 708.522705 745.690613
v  165.954666 779.924683 600.671875
v  165.954666 781.065186 557.593445
v  141.712891 719.106934 675.779663
v  157.730133 754.755798 597.319031
v  -134.631470 955.954346 512.358582
v  -151.095734 939.873535 490.567902
v  -173.066757 893.447388 543.717407
v  -164.715240 824.763306 696.389221
v  -142.368347 741.789124 731.580933
v  -157.486404 779.924683 600.671875
v  -133.409760 708.522705 745.690613
v  -157.486404 781.065186 557.593445
v  -133.242111 702.789917 675.779663
v  -149.261871 754.755798 597.319031
v  -142.246414 768.166992 717.516968
v  136.173370 265.610229 -755.261414
v  137.204605 302.694244 -771.492004
v  133.341248 262.247284 -612.521057
v  133.054169 372.389313 -250.461838
v  -129.487778 302.694244 -771.492004
v  -128.456543 265.610229 -755.261414
v  -125.624458 262.247284 -612.521057
v  -125.337486 372.389313 -250.461868
v  38.255119 669.993469 -660.316223
v  3.539695 669.993469 -660.316223
v  3.539682 653.209167 -576.788330
v  80.222572 644.956726 -576.788330
v  98.603729 606.234375 -507.182190
v  3.539671 611.776672 -498.500458
v  3.539657 548.830383 -405.597412
v  116.523933 538.926941 -421.764526
v  134.691086 513.237366 -456.897797
v  137.898682 474.690369 -509.618011
v  140.211761 545.967834 -555.317688
v  130.635666 581.634521 -523.958862
v  138.666977 588.329956 -594.139099
v  108.915207 615.619690 -580.745667
v  85.828300 646.663574 -646.737366
v  -31.178469 669.993469 -660.316223
v  -73.145950 644.956726 -576.788330
v  -91.524399 606.234375 -507.182190
v  -109.447350 538.926941 -421.764587
v  -127.614494 513.237366 -456.897858
v  -123.559059 581.634521 -523.958923
v  -133.135147 545.967834 -555.317749
v  -130.822067 474.690369 -509.618073
v  -101.838562 615.619690 -580.745667
v  -131.587585 588.329956 -594.139099
v  -78.751671 646.663574 -646.737366
v  139.508392 437.959412 -731.278687
v  141.136520 436.742737 -750.501465
v  138.286652 451.733826 -753.135437
v  141.136520 434.964722 -778.558289
v  139.505844 433.656616 -799.213562
v  138.286667 447.240570 -804.852356
v  139.254318 472.508453 -301.795227
v  140.476059 451.731293 -301.795227
v  128.512650 484.248352 -301.795227
v  135.644989 482.284943 -301.795227
v  134.677292 458.568970 -759.340637
v  127.542435 460.321564 -761.525085
v  134.677307 448.805206 -860.369263
v  127.542450 450.771179 -860.369263
v  127.542442 455.454895 -811.905945
v  134.677307 453.656616 -810.188904
v  138.286667 443.524536 -855.350098
v  141.136520 408.447144 -724.806824
v  141.136520 401.327515 -737.407776
v  141.136505 374.657532 -682.559021
v  141.136520 368.210999 -712.028076
v  141.136520 354.746460 -711.586121
v  139.381378 436.742737 -750.501465
v  139.381378 434.964722 -778.558289
v  139.505859 432.122437 -831.263306
v  139.256927 401.327515 -737.407776
v  139.256927 368.210999 -712.028076
v  139.256912 374.657532 -682.559021
v  139.256927 354.746460 -711.586121
v  139.256927 408.447144 -724.806824
v  198.913818 404.047852 -191.731949
v  198.913834 398.668121 -198.435013
v  198.913834 422.826080 -207.373276
v  198.913834 426.938324 -201.246780
v  198.913818 409.574890 -187.132004
v  198.913834 362.704285 -249.024200
v  198.913834 371.010071 -281.853668
v  198.913834 394.873383 -213.065414
v  198.913834 349.582642 -267.487427
v  198.913849 316.491516 -302.455627
v  198.913849 338.048492 -323.331879
v  198.913849 355.571960 -320.929047
v  198.913849 341.170166 -310.151825
v  198.913849 331.716278 -301.627563
v  198.913834 319.978943 -290.438873
v  198.761429 333.956543 -274.975372
v  198.913834 346.227295 -287.421356
v  198.913834 355.185883 -296.166595
v  198.913849 364.563538 -306.613617
v  198.913849 311.342926 -310.957001
v  198.913849 332.524017 -333.491882
v  198.913849 309.415070 -322.734985
v  198.913849 319.493805 -334.281830
v  198.913834 357.192474 -246.550217
v  198.913834 349.582642 -247.015045
v  198.913834 334.533142 -247.403656
v  198.913834 354.301971 -212.747894
v  198.913834 349.582642 -214.967865
v  198.913834 334.533142 -213.601364
v  198.913834 358.955231 -205.237122
v  198.913834 349.582642 -205.859436
v  198.913834 333.989594 -205.493668
v  198.913818 358.955231 -191.043594
v  198.913818 349.582642 -191.256958
v  198.913818 333.989594 -191.297607
v  198.913818 354.319733 -186.169342
v  198.913818 347.134094 -183.484573
v  198.913818 339.247375 -184.830765
v  198.913818 427.349823 -194.236374
v  198.913818 419.145630 -186.400482
v  187.308548 404.047852 -191.731949
v  187.308563 398.668121 -198.435013
v  187.308548 419.145630 -186.400482
v  187.308548 409.574890 -187.132004
v  187.308563 422.826080 -207.373276
v  187.308563 426.938324 -201.246780
v  187.308548 427.349823 -194.236374
v  187.308563 394.873383 -213.065414
v  187.308563 362.704285 -249.024200
v  187.308578 338.048492 -323.331879
v  187.308578 355.571960 -320.929047
v  187.308563 334.096283 -274.820404
v  187.308563 319.978943 -290.438873
v  187.308578 316.491516 -302.455627
v  187.308578 364.563538 -306.613617
v  187.308563 371.010071 -281.853668
v  187.308578 311.342926 -310.957001
v  187.308578 332.524017 -333.491882
v  187.308578 309.415070 -322.734985
v  187.308578 319.493805 -334.281830
v  187.308563 357.192474 -246.550217
v  187.308563 334.533142 -247.403656
v  187.308563 354.301971 -212.747894
v  187.308563 334.533142 -213.601364
v  187.308563 358.955231 -205.237122
v  187.308563 333.989594 -205.493668
v  187.308548 358.955231 -191.043594
v  187.308548 333.989594 -191.297607
v  187.308548 354.319733 -186.169342
v  187.308548 339.247375 -184.830765
v  187.308548 347.134094 -183.484573
v  175.705826 404.047852 -191.731949
v  175.705841 422.826080 -207.373276
v  175.705841 398.668121 -198.435013
v  175.705826 409.574890 -187.132004
v  175.705841 426.938324 -201.246780
v  175.705841 362.704285 -249.024200
v  175.705841 394.873383 -213.065414
v  175.705841 371.010071 -281.853668
v  175.705841 349.582642 -267.487427
v  175.705841 319.978943 -290.438873
v  175.705841 334.096283 -274.820404
v  175.705856 364.563538 -306.613617
v  175.705856 355.571960 -320.929047
v  175.705856 316.491516 -302.455627
v  175.705856 338.048492 -323.331879
v  175.705856 332.524017 -333.491882
v  175.705856 311.342926 -310.957001
v  175.705856 319.493805 -334.281830
v  175.705856 309.415070 -322.734985
v  175.705841 349.582642 -247.015045
v  175.705841 357.192474 -246.550217
v  175.705841 334.533142 -247.403656
v  175.705841 349.582642 -214.967865
v  175.705841 354.301971 -212.747894
v  175.705841 334.533142 -213.601364
v  175.705841 349.582642 -205.859436
v  175.705841 358.955231 -205.237122
v  175.705841 333.989594 -205.493668
v  175.705826 349.582642 -191.256958
v  175.705826 358.955231 -191.043594
v  175.705826 333.989594 -191.297607
v  175.705826 347.134094 -183.484573
v  175.705826 354.319733 -186.169342
v  175.705826 339.247375 -184.830765
v  175.705826 427.349823 -194.236374
v  175.705826 419.145630 -186.400482
v  187.308563 432.815918 -239.654129
v  175.705841 432.815918 -239.654129
v  175.705841 382.727081 -291.157684
v  187.308563 382.727081 -291.157684
v  187.308578 468.482605 -344.683136
v  175.705856 468.482605 -344.683136
v  175.705856 391.195435 -348.465179
v  187.308578 391.195435 -348.465179
v  187.308578 457.710449 -382.633270
v  175.705856 457.710449 -382.633270
v  175.705856 449.445282 -383.590820
v  187.308578 449.445282 -383.590820
v  297.031494 341.170166 -310.151825
v  297.031494 331.716278 -301.627563
v  198.913834 332.772919 -293.136353
v  297.031494 332.772919 -293.136353
v  198.913849 349.013672 -309.024078
v  297.031494 349.013672 -309.024078
v  198.913834 338.045959 -288.455139
v  297.031494 338.045959 -288.455109
v  297.031494 346.227295 -287.421356
v  198.913849 353.687286 -304.360626
v  297.031494 353.687286 -304.360626
v  297.031494 355.185883 -296.166565
v  64.588463 142.333923 -248.533981
v  126.384125 207.169922 -252.087448
v  129.571808 197.337555 -122.676971
v  68.931854 140.144409 -150.139465
v  133.132904 237.304504 -247.408752
v  133.313232 230.202606 -116.502228
v  96.569603 250.583649 -245.506302
v  104.194664 242.676575 -114.825836
v  64.593559 143.400696 -338.330627
v  104.316612 191.399078 -357.946991
v  112.497910 181.233978 -40.452095
v  69.267113 139.626282 -62.893005
v  113.808601 227.426422 -346.047089
v  120.902779 217.065765 -40.998196
v  84.027100 253.860199 -334.231049
v  103.618080 229.333954 -46.296638
v  58.550861 131.856384 -59.090622
v  10.969038 131.856384 -59.090630
v  10.969053 132.963806 -153.586243
v  58.550873 132.963806 -153.586243
v  72.985718 261.576721 -339.831757
v  10.969082 261.576721 -339.831757
v  10.969067 256.476410 -244.663040
v  84.171860 256.476410 -244.663025
v  54.723118 135.173645 -342.577515
v  96.031143 188.368835 -366.552551
v  103.826347 177.396057 -32.357121
v  105.860939 226.537415 -354.934570
v  112.236290 215.562073 -32.357117
v  91.070473 234.063416 -40.640060
v  47.827007 134.068726 -248.081863
v  91.070480 247.329865 -114.200989
v  10.969067 134.068726 -248.081863
v  10.969086 179.331482 -369.303375
v  10.969082 135.173645 -342.577515
v  10.969084 226.537415 -354.934601
v  10.969048 247.329865 -114.201004
v  10.969034 215.562073 -32.357132
v  10.969036 234.063416 -40.640072
v  10.969034 168.343506 -32.357132
v  -42.652874 142.333923 -248.533997
v  -46.993748 140.144409 -150.139481
v  -107.636246 197.337555 -122.677002
v  -104.448540 207.169922 -252.087479
v  -111.375137 230.202606 -116.502258
v  -111.194771 237.304504 -247.408783
v  -82.259117 242.676575 -114.825867
v  -74.634010 250.583649 -245.506332
v  -42.655399 143.400696 -338.330627
v  -82.380997 191.399078 -357.947021
v  -47.329037 139.626282 -62.893024
v  -90.562378 181.233978 -40.452126
v  -91.872978 227.426422 -346.047119
v  -98.967239 217.065765 -40.998230
v  -62.088940 253.860199 -334.231049
v  -81.682541 229.333954 -46.296665
v  -36.615322 131.856384 -59.090637
v  -36.615311 132.963806 -153.586258
v  -51.050098 261.576721 -339.831757
v  -62.236271 256.476410 -244.663055
v  -74.095520 188.368835 -366.552551
v  -32.787495 135.173645 -342.577515
v  -81.888283 177.396057 -32.357147
v  -83.922775 226.537415 -354.934601
v  -90.298218 215.562073 -32.357147
v  -69.132401 234.063416 -40.640083
v  -25.888870 134.068726 -248.081863
v  -69.132393 247.329865 -114.201019
v  127.539902 427.466614 -720.923157
v  127.539917 411.650055 -779.955322
v  116.765236 411.650055 -779.955322
v  116.765221 427.466614 -720.920654
v  127.539917 368.434509 -823.170898
v  116.765236 368.434509 -823.170898
v  127.539925 309.399841 -838.989990
v  116.765244 309.399841 -838.989990
v  127.539917 250.365143 -823.170898
v  116.765236 250.365143 -823.170898
v  127.537369 207.149597 -779.955322
v  116.765236 207.152130 -779.955322
v  127.537354 184.650269 -720.920654
v  116.765221 184.650269 -720.923157
v  127.537270 315.175781 -126.987350
v  116.765137 315.175781 -126.987366
v  127.537354 414.601563 -720.920654
v  127.537361 400.507080 -773.521484
v  127.537369 362.000702 -812.027832
v  127.539917 309.399841 -826.122314
v  127.539917 256.798981 -812.027832
v  127.539909 218.292572 -773.521484
v  127.539902 197.517944 -720.920654
v  127.539818 326.318787 -133.421173
v  116.765221 197.517944 -720.920654
v  116.765137 326.318787 -133.421173
v  116.765228 218.295105 -773.521484
v  116.765236 256.798981 -812.027832
v  116.765236 309.399841 -826.122314
v  116.765236 362.000702 -812.027832
v  116.765228 400.507080 -773.521484
v  116.765198 427.466614 -553.245056
v  127.539879 427.466614 -553.245056
v  127.537331 414.601563 -553.245056
v  116.765221 414.601563 -720.920654
v  116.765198 414.601563 -553.245056
v  120.249901 305.480621 575.805237
v  120.249893 356.326324 592.147583
v  120.249893 342.706848 607.275879
v  120.249893 304.279205 595.965210
v  120.249901 345.419586 572.818237
v  120.249901 316.674377 564.517456
v  120.249893 338.056122 623.605530
v  120.249893 298.665802 611.479492
v  120.249893 407.172058 608.487427
v  120.249893 381.137054 618.586426
v  120.249901 265.848999 584.654602
v  120.249901 254.634888 559.465454
v  120.249901 280.057770 567.636597
v  120.249893 377.446442 635.734009
v  94.804176 377.446442 635.734009
v  94.804176 338.056122 623.605530
v  120.249901 367.291534 578.959961
v  120.249901 303.801666 560.837036
v  120.249893 259.275482 599.351074
v  120.249901 397.387970 581.151978
v  120.249901 279.214478 543.018921
v  94.804184 316.674377 564.517456
v  94.804184 338.045959 559.216553
v  120.249901 338.045959 559.216553
v  94.804184 303.801666 560.837036
v  94.804184 345.419586 572.818237
v  94.804184 265.848999 584.654602
v  94.804184 254.634888 559.465454
v  94.804176 298.665802 611.479492
v  94.804176 381.137054 618.586426
v  94.804184 305.480621 575.805237
v  94.804176 304.279205 595.965210
v  94.804176 342.706848 607.275879
v  94.804176 356.326324 592.147583
v  94.804176 259.275482 599.351074
v  94.804184 397.387970 581.151978
v  94.804176 407.172058 608.487427
v  94.804184 280.057770 567.636597
v  94.804184 367.291534 578.959961
v  94.804184 279.214478 543.018921
v  117.107941 932.055420 424.708252
v  132.952469 938.616211 440.174316
v  132.952469 929.992920 443.864960
v  117.107941 923.432129 428.398895
v  132.952469 947.894836 462.046234
v  132.952469 939.271484 465.736877
v  117.107933 954.455688 477.509735
v  117.107933 945.829834 481.202911
v  94.700058 954.455688 477.509735
v  94.700058 945.829834 481.202911
v  132.952438 471.101318 640.293335
v  124.285942 469.686523 645.027832
v  113.518898 465.228821 634.517334
v  117.107910 464.540466 624.827271
v  132.952438 480.379944 662.162720
v  124.285942 475.990784 659.891907
v  117.107903 486.940765 677.628784
v  113.518890 480.451050 670.402466
v  113.518890 384.748932 670.069763
v  98.289047 384.748932 670.069763
v  98.289055 465.228821 634.517334
v  124.285942 388.680847 679.033386
v  124.285934 394.977509 693.282776
v  113.518883 399.945770 704.471497
v  132.952469 941.509277 438.937347
v  117.107941 934.948486 423.471283
v  117.107933 957.346191 476.272797
v  132.952469 950.785400 460.806732
v  128.019745 327.235718 702.294739
v  108.682732 336.610870 686.193665
v  108.682732 380.105804 666.978577
v  124.285942 384.992767 678.050415
v  124.285934 312.539276 729.190735
v  124.285934 392.960754 696.043762
v  113.518883 399.343781 710.425232
v  113.518875 301.251526 751.011902
v  94.700066 923.432129 428.401367
v  94.700066 932.055420 424.708221
v  94.700066 934.948486 423.471252
v  94.700058 957.346191 476.272797
v  98.289040 399.343781 710.425232
v  98.289032 301.251526 751.011902
v  98.289040 399.945770 704.471497
v  128.019745 272.757782 709.282227
v  128.019730 253.105804 720.628418
v  128.019745 262.775604 711.847656
v  128.019730 306.189270 719.073914
v  128.019730 309.585266 734.113281
v  128.019730 301.251526 750.968750
v  128.019730 288.658203 759.005310
v  128.019730 299.029022 719.498108
v  128.019730 256.019196 761.900879
v  128.019730 244.152344 733.297974
v  128.019745 287.850464 709.853760
v  111.740891 369.856934 654.791626
v  115.700745 364.914093 653.610535
v  116.305275 370.784027 631.067993
v  112.345413 375.726868 632.249146
v  115.919182 358.680908 651.995056
v  116.523720 364.550842 629.450012
v  113.493484 354.614380 650.669189
v  112.914368 359.407379 628.014954
v  105.903961 351.043121 639.269653
v  98.893578 359.407379 628.014954
v  115.700752 267.202820 625.627319
v  116.305275 273.392792 601.182373
v  111.923767 274.086212 619.015747
v  115.919189 260.969666 624.009399
v  116.523720 267.157104 599.564392
v  112.312393 255.826172 622.574219
v  112.914368 262.016144 598.129333
v  99.495552 255.826172 622.574219
v  98.893578 262.016144 598.129333
v  105.903969 277.733643 611.753845
v  112.345413 278.335632 602.363525
v  99.462532 278.335632 602.363525
v  99.462532 375.726868 632.249146
v  100.067047 369.856934 654.791626
v  103.125206 380.105804 666.978577
v  128.019745 320.174530 697.407776
v  114.423126 347.382996 645.604431
v  105.903954 277.411072 698.835205
v  105.903954 291.998291 700.379517
v  105.903954 301.711243 704.187012
v  105.903961 339.298187 651.436279
v  111.740898 272.148224 626.808411
v  105.903969 271.543671 626.638306
v  83.788170 288.658203 759.005310
v  83.788170 256.019196 761.900879
v  83.788177 244.152344 733.297974
v  83.788177 253.105804 720.628418
v  94.700035 464.540466 624.827271
v  78.852966 471.101318 640.293335
v  87.521988 469.686523 645.027832
v  78.852966 480.379944 662.162720
v  87.521988 475.990784 659.891907
v  94.700027 486.940765 677.628784
v  98.289047 480.451050 670.402466
v  87.521988 388.680847 679.033386
v  87.521980 394.977509 693.282776
v  78.852997 941.509277 438.937317
v  78.852997 950.785400 460.806702
v  83.788177 327.235718 702.294739
v  87.521988 384.992767 678.050415
v  103.125206 336.610870 686.193665
v  87.521980 312.539276 729.190735
v  87.521980 392.960754 696.043762
v  83.788177 272.757782 709.282227
v  83.788177 262.775604 711.847656
v  83.788177 306.189270 719.073914
v  83.788170 301.251526 750.968750
v  83.788177 309.585266 734.113281
v  83.788177 299.029022 719.498108
v  83.788177 287.850464 709.853760
v  95.502670 370.784027 631.067993
v  96.104645 364.914093 653.610535
v  95.284233 364.550842 629.450012
v  95.888748 358.680908 651.995056
v  98.314445 354.614380 650.669189
v  96.104652 267.202820 625.627319
v  99.884178 274.086212 619.015747
v  95.502670 273.392792 601.182373
v  95.284233 267.157104 599.564392
v  95.888756 260.969666 624.009399
v  83.788177 320.174530 697.407776
v  97.384804 347.382996 645.604431
v  100.067055 272.148224 626.808411
v  78.852997 938.616211 440.174286
v  78.852997 929.992920 443.864929
v  78.852997 947.894836 462.046204
v  78.852997 939.271484 465.736847
v  -86.508614 932.055420 424.708221
v  -70.664093 938.616211 440.174286
v  -70.664093 929.992920 443.864929
v  -86.508614 923.432129 428.398865
v  -86.508621 954.455688 477.509735
v  -108.916504 954.455688 477.509735
v  -108.916504 945.829834 481.202911
v  -86.508621 945.829834 481.202911
v  -70.664124 471.101318 640.293335
v  -79.330612 469.686523 645.027832
v  -90.097656 465.228821 634.517334
v  -86.508644 464.540466 624.827271
v  -70.664124 480.379944 662.162720
v  -79.330612 475.990784 659.891907
v  -86.508652 486.940765 677.628784
v  -90.097664 480.451050 670.402466
v  -79.330612 388.680847 679.033386
v  -90.100212 384.748932 670.069763
v  -79.330620 394.977509 693.282776
v  -90.100220 399.945770 704.471497
v  -70.664093 941.509277 438.937317
v  -86.508614 934.948486 423.471252
v  -86.508621 957.346191 476.272797
v  -70.664093 950.785400 460.806702
v  -75.596817 327.235718 702.294739
v  -94.933830 336.610870 686.193665
v  -94.933830 380.105804 666.978577
v  -79.330612 384.992767 678.050415
v  -79.330620 312.539276 729.190735
v  -79.330620 392.960754 696.043762
v  -90.100227 301.251526 751.011902
v  -90.100220 399.343781 710.425232
v  -105.327507 384.748932 670.069763
v  -105.327499 465.228821 634.517334
v  -108.916496 923.432129 428.401337
v  -108.916496 932.055420 424.708191
v  -108.916496 934.948486 423.471222
v  -108.916504 957.346191 476.272797
v  -105.327515 399.343781 710.425232
v  -105.327522 301.251526 751.011902
v  -105.327515 399.945770 704.471497
v  -75.596817 272.757782 709.282227
v  -75.596817 253.105804 720.628418
v  -75.596817 262.775604 711.847656
v  -75.596817 306.189270 719.073914
v  -75.596817 309.585266 734.113281
v  -75.596825 301.251526 750.968750
v  -75.596825 288.658203 759.005310
v  -75.596817 299.029022 719.498108
v  -75.596825 256.019196 761.900879
v  -75.596817 244.152344 733.297974
v  -75.596817 287.850464 709.853760
v  -91.875671 369.856934 654.791626
v  -87.915810 364.914093 653.610535
v  -87.311279 370.784027 631.067993
v  -91.271141 375.726868 632.249146
v  -87.697372 358.680908 651.995056
v  -87.092842 364.550842 629.450012
v  -90.123070 354.614380 650.669189
v  -90.702187 359.407379 628.014954
v  -97.712593 351.043121 639.269653
v  -104.722984 359.407379 628.014954
v  -87.915802 267.202820 625.627319
v  -87.311279 273.392792 601.182373
v  -91.692787 274.086212 619.015747
v  -87.697365 260.969666 624.009399
v  -87.092842 267.157104 599.564392
v  -91.306702 255.826172 622.574219
v  -90.702187 262.016144 598.129333
v  -104.120995 255.826172 622.574219
v  -104.722984 262.016144 598.129333
v  -97.712585 277.733643 611.753845
v  -91.271141 278.335632 602.363525
v  -104.154030 278.335632 602.363525
v  -104.154030 375.726868 632.249146
v  -103.552048 369.856934 654.791626
v  -100.491348 380.105804 666.978577
v  -75.596817 320.174530 697.407776
v  -89.193428 347.382996 645.604431
v  -97.712601 277.411072 698.835205
v  -97.712601 291.998291 700.379517
v  -97.712601 301.711243 704.187012
v  -97.712593 339.298187 651.436279
v  -91.875664 272.148224 626.808411
v  -97.712585 271.543671 626.638306
v  -119.828384 288.658203 759.005310
v  -119.828384 256.019196 761.900879
v  -119.828377 244.152344 733.297974
v  -119.828377 253.105804 720.628418
v  -124.763565 938.616211 440.174255
v  -124.763565 929.992920 443.864899
v  -124.763565 947.894836 462.046173
v  -124.763565 939.271484 465.736816
v  -108.916527 464.540466 624.827271
v  -124.763596 471.101318 640.293335
v  -116.097107 469.686523 645.027832
v  -124.763596 480.379944 662.162720
v  -116.097107 475.990784 659.891907
v  -108.916534 486.940765 677.628784
v  -105.327507 480.451050 670.402466
v  -116.097107 388.680847 679.033386
v  -116.097115 394.977509 693.282776
v  -124.763565 941.509277 438.937286
v  -124.763565 950.785400 460.806671
v  -119.828377 327.235718 702.294739
v  -116.097107 384.992767 678.050415
v  -100.491348 336.610870 686.193665
v  -116.097115 312.539276 729.190735
v  -116.097115 392.960754 696.043762
v  -119.828377 272.757782 709.282227
v  -119.828377 262.775604 711.847656
v  -119.828377 306.189270 719.073914
v  -119.828384 301.251526 750.968750
v  -119.828377 309.585266 734.113281
v  -119.828377 299.029022 719.498108
v  -119.828377 287.850464 709.853760
v  -108.113884 370.784027 631.067993
v  -107.511909 364.914093 653.610535
v  -108.332321 364.550842 629.450012
v  -107.727814 358.680908 651.995056
v  -105.302109 354.614380 650.669189
v  -107.511902 267.202820 625.627319
v  -103.732384 274.086212 619.015747
v  -108.113884 273.392792 601.182373
v  -108.332321 267.157104 599.564392
v  -107.727806 260.969666 624.009399
v  -119.828377 320.174530 697.407776
v  -106.231750 347.382996 645.604431
v  -103.552040 272.148224 626.808411
v  -70.664093 947.894836 462.046204
v  -70.664093 939.271484 465.736847
v  25.848272 977.203918 505.995880
v  7.715213 980.117310 512.919922
v  7.715212 962.278809 520.524719
v  25.848272 959.365601 513.600647
v  33.463196 952.230591 496.656281
v  33.463196 970.069092 489.051483
v  25.848269 918.197266 531.149475
v  25.848274 903.929993 497.260773
v  33.463192 911.062317 514.205200
v  25.848274 986.261597 502.135040
v  33.463196 979.126709 485.190765
v  25.848278 971.994446 468.246368
v  7.715213 989.174988 509.056549
v  25.848278 962.934204 472.107208
v  25.848276 945.095825 479.711945
v  7.715216 901.014099 490.339325
v  7.715219 942.182373 472.790436
v  19.465267 918.989624 411.995544
v  19.465267 934.951050 404.919098
v  25.794945 940.881897 419.000824
v  25.794945 924.920532 426.079865
v  7.715229 917.102417 407.509918
v  7.715230 933.063782 400.433472
v  19.465263 950.925049 431.258911
v  25.794945 944.996765 417.177155
v  19.465267 939.065796 403.092834
v  19.465263 878.164185 430.100647
v  25.794941 884.092651 444.182434
v  19.465260 890.023438 458.266693
v  7.715224 952.812256 435.744537
v  7.715224 948.697510 437.570770
v  19.465263 946.810303 433.085144
v  19.465263 930.848877 440.161591
v  7.715226 876.277039 425.615021
v  60.534515 949.479858 485.498016
v  60.534515 957.615479 482.030975
v  52.983097 960.211304 461.106445
v  52.983097 950.508545 465.241577
v  60.534515 967.318237 477.893341
v  52.983097 942.372925 468.711212
v  48.964817 933.612488 453.463562
v  48.964817 940.808228 450.273346
v  55.248779 943.559082 432.457764
v  55.248779 934.793518 436.343964
v  55.248779 927.597717 439.534210
v  48.964821 949.573853 446.384583
v  7.715220 960.020874 465.185669
v  7.715209 921.110535 538.073547
v  7.715220 969.078430 461.322327
v  7.715223 932.736206 444.647217
v  7.715230 937.178589 398.607178
v  7.715220 891.910767 462.752380
v  -10.420385 977.203918 505.995880
v  -10.420387 959.365601 513.600647
v  -18.035303 970.069092 489.051483
v  -18.035305 952.230591 496.656281
v  -10.420389 918.197266 531.149475
v  -18.035307 911.062317 514.205200
v  -10.420385 903.929993 497.260773
v  -10.420385 986.261597 502.135040
v  -10.420380 971.994446 468.246368
v  -18.035303 979.126709 485.190765
v  -10.420382 962.934204 472.107208
v  -10.420382 945.095825 479.711945
v  -4.034812 918.989624 411.995544
v  -10.364494 924.920532 426.079865
v  -10.364494 940.881897 419.000824
v  -4.034811 934.951050 404.919098
v  -4.034815 950.925049 431.258911
v  -4.034811 939.065796 403.092834
v  -10.364492 944.996765 417.177155
v  -4.034815 878.164185 430.100647
v  -4.034819 890.023438 458.266693
v  -10.364498 884.092651 444.182434
v  -4.034815 946.810303 433.085144
v  -4.034816 930.848877 440.161591
v  -45.104080 949.479858 485.498016
v  -45.104080 957.615479 482.030975
v  -37.552658 950.508545 465.241577
v  -37.552658 960.211304 461.106445
v  -45.104080 967.318237 477.893341
v  -37.552658 942.372925 468.711212
v  -33.534378 940.808228 450.273346
v  -33.534378 933.612488 453.463562
v  -39.818336 934.793518 436.343964
v  -39.818336 943.559082 432.457764
v  -39.818336 927.597717 439.534210
v  -33.534374 949.573853 446.384583
v  83.889778 527.468994 765.629578
v  83.887230 561.433899 755.561035
v  78.156975 556.191345 847.143188
v  83.635773 507.011841 761.895813
v  104.113243 459.793243 789.683411
v  112.215858 502.051208 742.921997
v  120.506416 531.091003 711.779053
v  78.157005 557.456238 644.753540
v  78.156998 595.670532 721.171997
v  123.021019 563.620850 687.801453
v  78.157013 577.682251 634.718018
v  78.157013 536.699341 588.891296
v  78.157021 556.069397 583.570007
v  78.157021 490.506927 536.465759
v  78.157028 487.591003 517.987183
v  126.739578 379.933105 727.768372
v  126.739578 435.559113 716.777771
v  115.667717 305.330750 780.846741
v  45.993019 495.017944 467.763824
v  45.993004 569.927673 570.547424
v  48.779350 606.683960 798.189880
v  50.023933 570.842041 883.066589
v  78.156982 588.378174 793.683838
v  46.691494 594.380249 627.453613
v  46.691483 612.274536 714.794067
v  2.734280 496.889893 460.946442
v  2.734264 573.915466 567.308960
v  2.734229 611.329651 800.257507
v  2.734215 576.689087 895.540405
v  2.734256 599.909790 624.806885
v  2.734242 617.385010 712.995728
v  133.061646 492.757385 680.473572
v  126.739578 447.875549 701.453979
v  133.061646 535.416626 664.405518
v  126.739571 321.281952 755.464539
v  88.022346 462.673584 795.573669
v  95.157211 301.764587 780.846741
v  78.157005 535.475037 653.856934
v  78.157013 515.053467 595.281982
v  -78.421303 527.471558 765.629578
v  -72.688538 556.191345 847.143188
v  -78.421303 561.433899 755.561035
v  -78.169846 507.011841 761.895813
v  -106.747383 502.051208 742.921997
v  -98.644791 459.793243 789.683411
v  -115.040474 531.091003 711.779053
v  -72.688507 557.456238 644.753540
v  -117.555077 563.620850 687.801453
v  -72.688515 595.670532 721.171997
v  -72.688499 577.682251 634.718018
v  -72.688492 556.069397 583.570007
v  -72.688499 536.699341 588.891296
v  -72.688484 487.591003 517.987183
v  -72.688492 490.506927 536.465759
v  -121.271095 379.933105 727.768372
v  -110.201775 305.330750 780.846741
v  -121.271095 435.559113 716.777771
v  -40.526997 495.017944 467.763824
v  -40.527012 569.927673 570.547424
v  -43.310890 606.683960 798.189880
v  -72.688530 588.378174 793.683838
v  -44.558044 570.842041 883.066589
v  -41.222984 594.380249 627.453613
v  -41.222996 612.274536 714.794067
v  -127.593140 492.757385 680.473572
v  -121.271095 447.875549 701.453979
v  -127.595688 535.416626 664.405518
v  -121.271103 321.281952 755.464539
v  -82.556427 462.673584 795.573669
v  -89.688744 301.764587 780.846741
v  -72.688507 535.475037 653.856934
v  -72.688499 515.053467 595.281982
v  -84.789055 305.480621 575.805237
v  -84.789063 356.326324 592.147583
v  -84.789063 342.706848 607.275879
v  -84.789063 304.279205 595.965210
v  -84.789055 345.419586 572.818237
v  -84.789055 316.674377 564.517456
v  -84.789063 338.056122 623.605530
v  -84.789063 298.665802 611.479492
v  -84.789063 407.172058 608.487427
v  -84.789063 381.137054 618.586426
v  -84.789055 265.848999 584.654602
v  -84.789055 254.634888 559.465454
v  -84.789055 280.057770 567.636597
v  -84.789063 377.446442 635.734009
v  -110.237312 377.446442 635.734009
v  -110.237312 338.056122 623.605530
v  -84.789055 367.291534 578.959961
v  -84.789055 303.801666 560.837036
v  -84.789063 259.275482 599.351074
v  -84.789055 397.387970 581.151978
v  -84.789055 279.214478 543.018921
v  -110.237305 316.674377 564.517456
v  -110.237305 338.045959 559.216553
v  -84.789055 338.045959 559.216553
v  -110.237305 303.801666 560.837036
v  -110.237305 345.419586 572.818237
v  -110.237305 265.848999 584.654602
v  -110.237305 254.634888 559.465454
v  -110.237312 298.665802 611.479492
v  -110.237312 381.137054 618.586426
v  -110.237305 305.480621 575.805237
v  -110.237312 304.279205 595.965210
v  -110.237312 342.706848 607.275879
v  -110.237312 356.326324 592.147583
v  -110.237312 259.275482 599.351074
v  -110.237305 397.387970 581.151978
v  -110.237312 407.172058 608.487427
v  -110.237305 280.057770 567.636597
v  -110.237305 367.291534 578.959961
v  -110.237305 279.214478 543.018921
v  203.988602 796.119690 649.635498
v  254.824158 793.800720 649.635498
v  254.958786 803.536499 649.635498
v  203.991150 806.325439 649.635498
v  224.808990 788.205078 643.470886
v  185.091019 790.402161 643.470825
v  185.091019 813.137756 643.470825
v  224.806442 812.672913 643.470886
v  276.635193 802.680542 643.470886
v  276.391327 795.446594 643.470886
v  185.091019 790.402161 633.059387
v  224.808990 788.205078 634.065247
v  185.091019 813.137756 633.059387
v  224.806442 812.672913 633.859558
v  276.635193 802.680542 638.342590
v  276.391327 795.446594 638.314697
v  191.761047 801.466431 634.461426
v  191.761047 794.257935 637.445984
v  133.076889 794.257935 629.688843
v  133.076889 801.466431 626.704346
v  191.761047 791.273376 636.897278
v  133.076889 791.273376 636.897278
v  191.761047 794.257935 639.797974
v  133.076889 794.257935 644.105835
v  191.761047 801.466431 642.782471
v  133.076889 801.466431 647.092896
v  191.761047 808.674927 639.797974
v  133.076889 808.674927 644.105835
v  191.761047 811.659424 636.897278
v  133.076889 811.659424 636.897278
v  191.761047 808.674927 637.445984
v  133.076889 808.674927 629.688843
v  -197.676819 796.119690 649.635437
v  -197.679367 806.325439 649.635437
v  -248.647018 803.536499 649.635376
v  -248.512390 793.800720 649.635376
v  -218.497208 788.205078 643.470764
v  -178.779221 790.402161 643.470825
v  -178.779221 813.137756 643.470825
v  -218.497208 812.672913 643.470764
v  -270.323334 802.680542 643.470764
v  -270.079498 795.446594 643.470764
v  -218.497208 788.205078 634.065125
v  -178.779221 790.402161 633.059387
v  -178.779221 813.137756 633.059387
v  -218.497208 812.672913 633.859436
v  -270.323334 802.680542 638.342468
v  -270.079498 795.446594 638.314575
v  -185.449265 801.466431 634.461426
v  -126.765099 801.466431 626.704346
v  -126.765099 794.257935 629.688843
v  -185.449265 794.257935 637.445984
v  -126.765106 791.273376 636.897278
v  -185.449265 791.273376 636.897278
v  -126.765106 794.257935 644.105835
v  -185.449265 794.257935 639.797974
v  -126.765106 801.466431 647.092896
v  -185.449265 801.466431 642.782471
v  -126.765106 808.674927 644.105835
v  -185.449265 808.674927 639.797974
v  -126.765106 811.659424 636.897278
v  -185.449265 811.659424 636.897278
v  -126.765099 808.674927 629.688843
v  -185.449265 808.674927 637.445984
v  -43.577538 946.101624 450.336853
v  -43.671516 939.680542 439.211609
v  0.001244 939.680542 439.211609
v  0.001242 946.101624 450.336853
v  -42.312618 958.946411 450.336853
v  0.001242 958.946411 450.336853
v  -41.141678 965.369995 439.211609
v  0.001244 965.369995 439.211609
v  -41.235653 958.946411 428.088989
v  0.001245 958.946411 428.088989
v  -42.500576 946.101624 428.088989
v  0.001245 946.101624 428.088989
v  -71.139076 949.667786 447.634247
v  -71.509918 943.302612 436.483673
v  -66.140358 961.768311 448.000031
v  -61.515015 967.501099 437.215179
v  -61.883312 961.135864 426.064606
v  -66.882027 949.035400 425.698822
v  -93.519020 953.899414 440.039673
v  -94.113373 947.686646 428.812866
v  -85.490082 965.100830 441.434143
v  -78.055489 969.624512 431.601807
v  -78.649857 959.291809 420.374969
v  -86.678787 951.483887 418.980530
v  -142.370834 972.461792 414.794556
v  -141.189728 964.849365 404.438995
v  -136.732040 984.211792 415.035889
v  -129.912125 988.351929 404.924133
v  -128.731018 983.376099 394.568573
v  -134.369827 968.270752 394.327271
v  -163.551895 978.278320 405.170502
v  -160.696930 970.206299 395.576935
v  -160.856949 990.836121 404.075806
v  -155.307037 995.324341 393.384918
v  -152.454620 987.252136 383.791382
v  -155.149567 974.691833 384.886078
v  -214.537308 977.488403 386.062103
v  -210.361542 969.728638 376.717438
v  -214.047073 990.231567 384.525421
v  -209.383652 995.215088 373.644012
v  -205.207886 987.455444 364.299408
v  -205.698090 974.712158 365.836060
v  -267.707092 969.093750 383.014099
v  -257.034027 949.258789 359.127960
v  -211.123535 949.901489 379.105042
v  -221.796631 969.736328 402.991180
v  -266.454895 1001.664124 379.087311
v  -220.544403 1002.306763 399.066895
v  -254.529602 1014.399658 351.276825
v  -208.619110 1015.042297 371.253906
v  -243.859055 994.564819 327.390656
v  -197.948563 995.207458 347.370300
v  -245.111282 961.991821 331.317505
v  -199.200775 962.637085 351.294586
v  -393.368530 968.059875 323.976837
v  -387.666229 957.460571 311.210815
v  -256.452362 964.422607 357.301697
v  -262.154663 975.024536 370.065186
v  -392.697968 985.466553 321.878815
v  -261.484100 992.428650 367.967133
v  -386.327637 992.271240 307.014740
v  -255.113800 999.235901 353.105591
v  -380.622803 981.671753 294.251251
v  -249.408966 988.633911 340.339569
v  -381.293365 964.267700 296.349274
v  -250.079514 971.229858 342.437592
v  -396.594330 973.960327 303.430786
v  -217.476089 947.107483 411.650085
v  -187.773346 942.708130 434.982483
v  -242.279205 935.065308 427.768921
v  -243.485703 941.750610 412.897217
v  -205.708267 966.751831 370.293793
v  -188.680099 967.915161 377.042572
v  -180.226990 950.399353 403.466187
v  -365.514893 921.527161 401.571320
v  -405.857697 916.995728 413.453430
v  -406.309845 918.629028 409.579926
v  -364.796051 925.004395 394.083405
v  -326.851013 932.733643 394.723480
v  -327.399628 927.610413 404.212921
v  -274.991821 938.730591 400.865234
v  -278.281128 932.378052 413.649048
v  -219.769730 958.476440 416.709747
v  -245.776764 953.122192 417.956879
v  -250.168427 946.436890 438.800140
v  -190.066956 954.079712 440.044708
v  -182.520599 961.770935 408.528442
v  -190.973724 979.286743 382.104736
v  -208.001877 978.120911 375.356049
v  -367.808502 932.898682 406.633545
v  -367.089691 936.375977 399.143066
v  -407.305511 923.559082 411.774506
v  -406.850830 921.925903 415.647980
v  -329.693268 938.979492 409.275146
v  -329.144623 944.102661 399.785706
v  -280.572205 943.747070 418.711273
v  -277.285431 950.099548 405.924896
v  -404.023834 908.679810 415.581940
v  -405.624023 914.450684 401.891357
v  -409.136841 931.872559 409.645966
v  -407.536652 926.101685 423.334045
v  -423.304962 929.294434 412.798096
v  -419.792145 911.872620 405.046051
v  -418.194489 906.101746 418.734070
v  -421.707306 923.523560 426.488739
v  43.580017 946.101624 450.336853
v  43.674004 939.680542 439.211609
v  42.315102 958.946411 450.336853
v  41.144165 965.369995 439.211609
v  41.238144 958.946411 428.088989
v  42.503063 946.101624 428.088989
v  71.141556 949.667786 447.634247
v  71.509857 943.299927 436.483673
v  66.142838 961.768311 448.000031
v  61.514961 967.501099 437.215179
v  61.885803 961.135864 426.064606
v  66.884529 949.035400 425.698822
v  93.518959 953.899414 440.039673
v  94.115860 947.686646 428.812866
v  85.490021 965.100830 441.434143
v  78.055443 969.624512 431.601807
v  78.652344 959.291809 420.374969
v  86.681290 951.483887 418.980530
v  141.189697 964.849365 404.439056
v  142.373322 972.461792 414.794617
v  136.734528 984.211792 415.035950
v  129.914627 988.351929 404.924194
v  128.730988 983.376099 394.568634
v  134.369797 968.270752 394.327332
v  163.551865 978.278320 405.170563
v  160.699432 970.206299 395.576996
v  160.859451 990.836121 404.075867
v  155.309555 995.324341 393.384979
v  152.454590 987.252136 383.791443
v  155.149536 974.691833 384.886139
v  214.539810 977.488403 386.062164
v  210.364059 969.728638 376.717499
v  214.049591 990.231567 384.525482
v  209.383621 995.215088 373.644073
v  205.207855 987.455444 364.299469
v  205.698059 974.712158 365.836121
v  267.707092 969.093750 383.014160
v  221.799133 969.736328 402.991241
v  211.126053 949.901489 379.105103
v  257.036560 949.258789 359.128021
v  266.454895 1001.664124 379.087372
v  220.546906 1002.306763 399.066956
v  254.532120 1014.399658 351.276886
v  208.621628 1015.042297 371.253967
v  243.859024 994.564819 327.390717
v  197.948532 995.207458 347.370361
v  245.111252 961.991821 331.317566
v  199.200745 962.637085 351.294647
v  393.368530 968.059875 323.976959
v  262.154663 975.024536 370.065247
v  256.452362 964.422607 357.301758
v  387.666229 957.460571 311.210938
v  392.700500 985.466553 321.878937
v  261.486664 992.428650 367.967194
v  386.327637 992.271240 307.014862
v  255.113770 999.235901 353.105652
v  380.625366 981.671753 294.251373
v  249.411484 988.633911 340.339630
v  381.293365 964.267700 296.349396
v  250.079483 971.229858 342.437653
v  396.594330 973.960327 303.430908
v  217.478577 947.107483 411.650146
v  243.485641 941.750610 412.897278
v  242.279144 935.065308 427.768982
v  187.775818 942.708130 434.982544
v  180.229492 950.399353 403.466248
v  188.682617 967.915161 377.042633
v  205.710785 966.751831 370.293854
v  365.517426 921.527161 401.571442
v  364.798615 925.004395 394.083527
v  406.312347 918.629028 409.580048
v  405.857697 916.995728 413.453552
v  327.402191 927.607910 404.213043
v  326.853546 932.733643 394.723602
v  278.281128 932.375427 413.649109
v  274.994385 938.730591 400.865295
v  219.769669 958.476440 416.709808
v  190.066895 954.079712 440.044769
v  250.168365 946.436890 438.800201
v  245.779251 953.122192 417.956940
v  208.001846 978.120911 375.356110
v  190.973694 979.286743 382.104797
v  182.520569 961.770935 408.528503
v  367.808502 932.898682 406.633667
v  406.853363 921.925903 415.648102
v  407.305511 923.559082 411.774628
v  367.089691 936.375977 399.143188
v  329.144623 944.102661 399.785828
v  329.693268 938.979492 409.275269
v  277.285431 950.099548 405.924957
v  280.574768 943.747070 418.711334
v  405.624023 914.450684 401.891479
v  404.026367 908.679810 415.582062
v  407.539154 926.101685 423.334167
v  409.136841 931.872559 409.646088
v  423.307495 929.294434 412.798218
v  421.707306 923.523560 426.488861
v  418.194489 906.101746 418.734192
v  419.794678 911.872620 405.046173
v  55.545959 939.540771 453.260376
v  55.545959 943.493042 463.001282
v  41.860439 943.493042 463.001282
v  41.860439 939.540771 453.260376
v  55.545963 972.042725 440.067627
v  41.860443 972.042725 440.067627
v  41.860439 975.992310 449.805969
v  55.545959 975.992310 449.805969
v  41.860443 963.294861 443.615997
v  55.545963 963.294861 443.615997
v  41.860439 967.247192 453.356873
v  55.545959 967.247192 453.356873
v  55.545963 933.147583 437.006897
v  55.545963 934.757935 440.794067
v  41.860443 934.757935 440.794067
v  41.860443 933.147583 437.006897
v  55.545967 959.858276 410.009277
v  41.860447 959.858276 410.009277
v  41.860447 963.795227 419.712067
v  55.545967 963.795227 419.712067
v  41.860447 951.113037 413.560181
v  55.545967 951.113037 413.560181
v  41.860443 955.050049 423.260468
v  55.545963 955.050049 423.260468
v  33.493683 974.376953 445.818176
v  33.493679 965.631653 449.369080
v  33.493683 965.253296 423.311218
v  33.493683 956.507935 426.862183
v  7.923502 974.376953 445.818176
v  7.923502 965.631653 449.369080
v  7.923505 956.507935 426.862183
v  7.923506 965.253296 423.311218
v  -39.696419 939.540771 453.260376
v  -26.013441 939.540771 453.260376
v  -26.013441 943.493042 463.001282
v  -39.696419 943.493042 463.001282
v  -39.696415 972.042725 440.067627
v  -39.698959 975.992310 449.805969
v  -26.013439 975.992310 449.805969
v  -26.013437 972.042725 440.067627
v  -39.696415 963.294861 443.618530
v  -26.013439 963.294861 443.615997
v  -26.013441 967.247192 453.356873
v  -39.696419 967.247192 453.356873
v  -39.696415 933.147583 437.006897
v  -26.013437 933.147583 437.006897
v  -26.013439 934.757935 440.794067
v  -39.696415 934.757935 440.794067
v  -39.696411 959.858276 410.009277
v  -39.696411 963.795227 419.712067
v  -26.013435 963.795227 419.712067
v  -26.013433 959.858276 410.009277
v  -39.696411 951.113037 413.560181
v  -26.013433 951.113037 413.560181
v  -26.013435 955.050049 423.260468
v  -39.696415 955.050049 423.260468
v  -17.646677 974.376953 445.818176
v  -17.646677 965.631653 449.369080
v  -17.646673 965.253296 423.311218
v  -17.646673 956.507935 426.862183
v  206.439758 1027.932739 405.866547
v  206.439758 988.819336 391.632385
v  212.644974 992.497253 381.530823
v  212.644974 1031.608154 395.764984
v  194.026779 1027.932739 405.866547
v  194.026779 988.819336 391.632385
v  187.821548 1031.608154 395.764984
v  187.821548 992.497253 381.530823
v  194.026779 1035.286133 385.665924
v  194.026779 996.172607 371.429199
v  206.439758 1035.286133 385.665924
v  206.439758 996.172607 371.429199
v  203.765137 1047.236816 405.404266
v  203.765137 1034.597778 403.364655
v  207.298279 1036.690796 397.616669
v  207.298279 1046.571411 399.285400
v  196.701401 1048.090332 405.404266
v  196.701401 1034.597778 403.364655
v  193.168259 1048.280762 399.285400
v  193.168259 1036.690796 397.616669
v  196.701401 1047.617798 393.169067
v  196.701401 1038.783691 391.866028
v  203.765137 1046.761841 393.169067
v  203.765137 1038.783691 391.866028
v  300.274994 1104.325928 393.136078
v  265.553192 1091.354126 396.735229
v  266.754608 1086.926880 391.363159
v  303.028351 1098.303467 384.690552
v  294.651428 1113.350464 391.688232
v  261.491730 1097.053833 395.775116
v  291.781219 1116.352783 381.792419
v  258.631683 1098.326416 389.442932
v  294.532043 1110.330322 373.344391
v  259.830566 1093.899170 384.070770
v  300.155609 1101.305786 374.794708
v  263.892029 1088.199341 385.030884
v  346.914459 1179.781738 346.011475
v  383.932434 1107.714233 339.171234
v  322.657471 1110.774902 352.196381
v  303.183289 1142.880493 357.350037
v  360.818420 1143.223389 398.406616
v  303.183289 1135.456055 394.213074
v  312.444122 1115.237793 396.648926
v  383.932434 1102.060181 369.199127
v  322.657471 1102.095703 381.642578
v  426.495178 1160.858643 333.263214
v  414.432739 1188.105225 336.450928
v  415.847534 1184.211426 349.920532
v  426.495178 1160.858643 357.286530
v  346.914459 1171.099854 379.143188
v  298.392853 1095.974365 372.229340
v  298.860229 1094.346191 391.812744
v  291.999664 1102.133911 398.551331
v  377.846588 1192.171875 342.656128
v  407.899841 1135.631348 335.031067
v  285.669983 1113.320068 375.127472
v  380.005585 1185.080078 365.272308
v  390.196075 1159.433594 386.902893
v  285.669983 1113.320068 395.279816
v  409.314636 1122.679932 363.359680
v  371.316223 1121.478394 401.167572
v  401.438110 1137.587158 385.919952
v  209.462341 1055.057495 399.287964
v  206.099396 1056.324951 405.406769
v  199.289658 1058.392456 405.406769
v  195.845413 1059.195068 399.287964
v  199.208374 1057.927612 393.169067
v  206.015579 1055.857544 393.169067
v  213.033585 1060.846069 399.046661
v  210.521530 1063.414063 405.165527
v  205.223083 1068.166382 405.165527
v  202.439255 1070.348389 399.046661
v  204.953842 1067.780396 392.927795
v  210.249741 1063.028076 392.927795
v  219.378525 1065.197144 398.317688
v  217.615738 1068.328979 404.433960
v  213.729553 1074.290283 404.433960
v  211.606110 1077.119873 398.317688
v  213.366348 1073.988037 392.198822
v  217.252533 1068.026733 392.198822
v  -159.602188 1028.661865 422.874298
v  -166.564331 1028.661865 406.069672
v  -166.564331 1085.697510 406.069672
v  -159.602188 1085.697510 422.874298
v  -183.368973 1028.661865 399.107544
v  -183.368973 1085.697510 399.107544
v  -200.173599 1028.661865 406.069672
v  -200.173599 1085.697510 406.069672
v  -207.133224 1028.661865 422.874298
v  -207.133224 1085.697510 422.874298
v  -200.173615 1028.661865 439.678955
v  -200.173615 1085.697510 439.678955
v  -183.368988 1028.661865 446.638550
v  -183.368988 1085.697510 446.638550
v  -166.564346 1028.661865 439.678955
v  -166.564346 1085.697510 439.678955
v  -206.437241 1027.932739 405.866486
v  -212.645004 1031.608154 395.764923
v  -212.645004 992.497253 381.530762
v  -206.437241 988.819336 391.632324
v  -194.024261 1027.932739 405.866486
v  -194.026794 988.819336 391.632324
v  -187.819046 1031.608154 395.764923
v  -187.819046 992.497253 381.530762
v  -194.024261 1035.286133 385.665863
v  -194.024261 996.172607 371.429138
v  -206.437241 1035.286133 385.665863
v  -206.437241 996.172607 371.429138
v  -203.765167 1047.236816 405.404205
v  -207.295761 1046.571411 399.285339
v  -207.295761 1036.690796 397.616608
v  -203.765167 1034.597778 403.364594
v  -196.698883 1048.090332 405.404205
v  -196.698883 1034.597778 403.364594
v  -193.168289 1048.280762 399.285339
v  -193.168289 1036.690796 397.616608
v  -196.698883 1047.617798 393.169006
v  -196.698883 1038.783691 391.865967
v  -203.765167 1046.761841 393.169006
v  -203.765167 1038.783691 391.865967
v  -300.274994 1104.325928 393.136017
v  -303.025818 1098.303467 384.690491
v  -266.752075 1086.926880 391.363098
v  -265.553192 1091.354126 396.735168
v  -294.651428 1113.350464 391.688171
v  -261.491699 1097.053833 395.775055
v  -291.778687 1116.355225 381.792358
v  -258.629150 1098.326416 389.442871
v  -294.532043 1110.330322 373.344330
v  -259.828033 1093.899170 384.070709
v  -300.155609 1101.305786 374.794647
v  -263.889496 1088.199341 385.030823
v  -346.914459 1179.781738 346.011353
v  -303.180725 1142.880493 357.349915
v  -322.654907 1110.774902 352.196259
v  -383.932434 1107.714233 339.171112
v  -360.818420 1143.223389 398.406494
v  -312.444122 1115.237793 396.648804
v  -303.180725 1135.456055 394.212952
v  -322.654907 1102.095703 381.642456
v  -383.932434 1102.060181 369.199005
v  -426.495178 1160.858643 333.263092
v  -426.495178 1160.858643 357.286407
v  -415.844971 1184.211426 349.920410
v  -414.430206 1188.105225 336.450806
v  -346.914459 1171.099854 379.143066
v  -298.392853 1095.974365 372.229279
v  -291.997131 1102.133911 398.551270
v  -298.860199 1094.346191 391.812683
v  -407.897339 1135.631348 335.030945
v  -377.846588 1192.171875 342.656006
v  -285.667450 1113.320068 375.127411
v  -380.005585 1185.080078 365.272186
v  -390.193512 1159.433594 386.902771
v  -285.667450 1113.320068 395.279755
v  -409.312134 1122.679932 363.359558
v  -371.313721 1121.478394 401.167450
v  -401.435577 1137.587158 385.919830
v  -206.096878 1056.324951 405.406708
v  -209.459854 1055.057495 399.287903
v  -199.287140 1058.392456 405.406708
v  -195.842911 1059.195068 399.287903
v  -199.205872 1057.927612 393.169006
v  -206.015610 1055.857544 393.169006
v  -210.519012 1063.414063 405.165466
v  -213.033615 1060.846069 399.046600
v  -205.223114 1068.166382 405.165466
v  -202.439285 1070.348389 399.046600
v  -204.951340 1067.780396 392.927734
v  -210.249771 1063.028076 392.927734
v  -217.613235 1068.328979 404.433899
v  -219.376007 1065.197144 398.317627
v  -213.727036 1074.290283 404.433899
v  -211.603592 1077.119873 398.317627
v  -213.366379 1073.988037 392.198761
v  -217.252563 1068.026733 392.198761
v  53.740238 876.109375 -977.127808
v  51.319618 880.998901 -974.204346
v  54.743534 880.942993 -946.053528
v  59.224094 876.302429 -946.061096
v  4.375337 880.998901 -974.143311
v  4.375333 881.049683 -946.053528
v  53.740238 859.472412 -977.127808
v  59.224094 859.279297 -946.061096
v  54.743534 851.451111 -944.829224
v  51.319618 855.187439 -974.204346
v  4.375333 851.400269 -944.829224
v  4.375337 855.187439 -974.143311
v  4.375337 855.367737 -974.265381
v  4.375337 880.793091 -974.265381
v  59.224083 855.812256 -870.092285
v  64.753654 843.274780 -868.329590
v  58.967552 857.445496 -937.158325
v  54.743526 878.682373 -899.022888
v  88.939537 843.274780 -868.329590
v  88.939552 857.445496 -937.158325
v  88.939552 851.451111 -944.829224
v  88.939552 843.277405 -946.053528
v  62.513390 843.277405 -946.053528
v  88.939552 833.986023 -941.809204
v  62.513386 833.986023 -941.809204
v  88.939545 804.712524 -909.622253
v  88.939552 830.396973 -932.949707
v  62.513382 804.712524 -909.622253
v  62.513386 830.396973 -932.949707
v  62.513386 783.015869 -921.626343
v  62.513386 804.829346 -940.104858
v  48.357971 804.829346 -940.104858
v  48.891369 783.013306 -921.626343
v  4.375333 843.277405 -946.053528
v  4.375332 833.986023 -941.809204
v  4.375332 804.829346 -940.104858
v  89.119896 763.473083 -933.833557
v  89.119896 748.174683 -942.997925
v  88.807472 766.335693 -963.175720
v  88.708412 784.697327 -954.981689
v  4.375335 766.335693 -963.175720
v  4.375334 784.697327 -954.981689
v  4.375329 783.013306 -921.626343
v  4.375337 696.269775 -974.844421
v  28.573917 696.899719 -974.844421
v  28.573919 704.900696 -987.437622
v  4.375339 704.270752 -987.437622
v  4.375306 930.323120 -769.269531
v  19.521326 930.226624 -769.269531
v  93.895058 872.865784 -696.181030
v  102.091637 863.094360 -691.535339
v  77.522217 882.050415 -705.551086
v  23.214483 920.460327 -752.563965
v  59.828575 891.031921 -716.815979
v  25.106783 914.623413 -752.563965
v  49.376495 885.916382 -827.115479
v  -44.989563 876.109375 -977.127808
v  -50.473427 876.302429 -946.061096
v  -45.992867 880.942993 -946.053528
v  -42.571480 880.998901 -974.204346
v  -44.989563 859.472412 -977.127808
v  -42.571480 855.187439 -974.204346
v  -45.992867 851.451111 -944.829224
v  -50.473427 859.279297 -946.061096
v  -50.473438 855.812256 -870.092285
v  -50.216892 857.445496 -937.158325
v  -56.003017 843.274780 -868.329590
v  -45.992874 878.682373 -899.022888
v  -80.188881 857.445496 -937.158325
v  -80.188896 843.274780 -868.329590
v  -80.188881 851.451111 -944.829224
v  -53.762722 843.277405 -946.053528
v  -80.188881 843.277405 -946.053528
v  -53.762726 833.986023 -941.809204
v  -80.188881 833.986023 -941.809204
v  -80.188881 830.396973 -932.949707
v  -80.188889 804.712524 -909.622253
v  -53.765270 830.396973 -932.949707
v  -53.765274 804.712524 -909.622253
v  -53.762726 804.829346 -940.104858
v  -53.765270 783.015869 -921.626343
v  -39.607311 804.829346 -940.104858
v  -40.140709 783.013306 -921.626343
v  -80.369225 763.473083 -933.833557
v  -79.957741 784.697327 -954.981689
v  -80.056808 766.335693 -963.175720
v  -80.369225 748.174683 -942.997925
v  -19.823242 696.899719 -974.844421
v  -19.823240 704.900696 -987.437622
v  -10.770714 930.226624 -769.269531
v  -93.341042 863.094360 -691.535339
v  -85.144463 872.865784 -696.181030
v  -68.774162 882.050415 -705.551086
v  -14.463875 920.460327 -752.563965
v  -51.077984 891.031921 -716.815979
v  -40.625866 885.916382 -827.115479
v  -16.356176 914.623413 -752.563965
v  142.871368 848.916199 -945.118713
v  193.706924 851.235107 -945.118713
v  193.841553 841.501953 -945.118713
v  142.873917 838.712952 -945.118713
v  163.691757 856.830811 -938.954163
v  123.973770 854.636230 -938.954163
v  123.973770 831.898132 -938.954163
v  163.689209 832.362915 -938.954163
v  215.517914 842.357910 -938.954102
v  215.274078 849.589233 -938.954102
v  123.973763 854.636230 -928.542786
v  163.691757 856.830811 -929.548523
v  123.973763 831.898132 -928.542786
v  163.689209 832.362915 -929.342957
v  215.517914 842.357910 -933.825928
v  215.274078 849.589233 -933.798035
v  130.643814 843.569458 -929.944824
v  130.643814 850.778015 -932.931885
v  71.959648 850.778015 -925.172241
v  71.959648 843.569458 -922.187744
v  130.643814 853.765015 -932.380737
v  71.959656 853.765015 -932.380737
v  130.643814 850.778015 -935.281311
v  71.959656 850.778015 -939.589233
v  130.643814 843.569458 -938.265808
v  71.959656 843.569458 -942.576233
v  130.643814 836.363464 -935.281311
v  71.959656 836.363464 -939.589233
v  130.643814 833.376465 -932.380737
v  71.959656 833.376465 -932.380737
v  130.643814 836.363464 -932.931885
v  71.959648 836.363464 -925.172241
v  2.221157 900.516235 747.631165
v  23.046621 962.558289 709.386353
v  -3.892617 958.268250 709.386353
v  64.941383 929.406250 726.094543
v  97.623558 962.360107 686.993774
v  64.941383 956.957520 705.558594
v  46.551785 958.954041 708.911438
v  41.563217 911.212219 739.658081
v  -90.829185 998.275757 653.420044
v  -90.252609 964.420105 684.877930
v  -58.799797 956.614624 705.558594
v  -59.815788 1012.710571 663.486023
v  -37.349487 1008.247803 663.486023
v  -35.294636 956.381042 708.911438
v  0.907990 1012.024780 663.486023
v  -83.633362 927.971191 615.281921
v  -68.802307 941.552490 676.757568
v  -68.802315 954.803589 698.395813
v  -83.633369 985.042358 649.183350
v  90.427757 928.313965 615.281921
v  75.594147 941.895386 676.757568
v  75.594147 911.105530 672.815430
v  30.239908 1020.607422 663.486023
v  97.623566 998.618652 653.420044
v  64.941391 1013.398926 663.486023
v  52.706203 1013.398926 663.486023
v  -58.467060 938.331787 719.269470
v  -33.790958 914.989197 736.328125
v  90.427750 985.385254 649.183350
v  75.594139 955.146484 698.395813
v  -68.802307 910.762634 672.815430
v  34.926197 915.418457 735.860779
v  34.926201 907.216797 720.661438
v  -28.131842 906.873901 720.661438
v  -28.131844 915.075562 735.860779
v  -59.815788 1010.414429 660.369446
v  -37.349487 1005.951660 660.369446
v  0.907990 1009.728638 660.369446
v  30.239908 1018.311279 660.369446
v  52.706203 1011.100220 660.369446
v  64.941391 1011.100220 660.369446
v  -90.829178 1009.060547 603.351501
v  -83.633362 997.061646 596.310669
v  90.427757 997.404541 596.310669
v  97.623573 1009.403503 603.351501
v  90.427765 940.333252 562.411804
v  -83.633354 939.990356 562.411804
v  -59.815781 1021.201782 612.503174
v  -37.349480 1016.916748 608.898926
v  0.907998 1020.513428 612.503174
v  30.239914 1026.340210 619.541504
v  52.706211 1021.887573 612.503174
v  64.941399 1021.887573 612.503174
v  -28.012440 1009.174927 603.351501
v  34.804295 1009.289246 603.351501
v  59.975742 260.375305 277.345062
v  58.672729 335.737122 292.069427
v  44.077881 334.187683 299.514191
v  45.375828 259.201813 284.863464
v  59.973209 263.362335 262.437775
v  58.670185 338.533630 277.124084
v  45.370750 265.180969 255.046417
v  44.075348 339.783325 269.625977
v  30.768291 264.010040 262.564789
v  29.483047 338.236450 277.070740
v  30.770824 261.020447 277.472046
v  29.483046 335.437378 292.016083
v  59.790325 239.466003 273.047394
v  45.297085 239.745453 280.862946
v  59.805573 242.674042 258.183289
v  45.325031 246.161438 251.137329
v  30.831791 246.440857 258.952911
v  30.819090 243.232819 273.816986
v  59.592209 219.138367 268.439819
v  45.469807 220.827515 276.575439
v  59.663326 222.559753 253.626526
v  45.606968 227.670258 246.946350
v  31.484570 229.359344 255.081970
v  31.415989 225.937958 269.897766
v  57.334152 212.816376 266.890411
v  42.917107 213.606293 274.858398
v  58.238388 218.716797 252.666412
v  44.728130 225.404541 246.407867
v  30.313629 226.192017 254.375824
v  29.406847 220.294098 268.602386
v  51.527710 196.760986 256.313873
v  35.822891 193.984772 261.934875
v  54.733189 209.021576 246.278320
v  42.236393 218.508453 241.866333
v  26.531570 215.734802 247.487335
v  23.326090 203.471680 257.520355
v  52.891693 190.489716 237.507690
v  36.683952 186.324127 238.955505
v  56.993793 205.237000 234.924530
v  44.890694 215.816101 233.789124
v  28.682955 211.650452 235.236938
v  24.580854 196.903229 237.817596
v  55.962563 186.199677 166.768723
v  39.757366 182.031525 166.768707
v  60.067207 200.944366 166.768723
v  47.964104 211.526031 166.768707
v  31.756363 207.357880 166.768707
v  27.651722 192.610626 166.768707
v  69.975723 235.153076 290.103455
v  68.517761 319.415070 306.565216
v  52.200802 317.685333 314.891357
v  53.648602 233.845032 298.508331
v  69.973190 238.495697 273.433472
v  68.515221 322.544342 289.854553
v  53.643528 240.527771 265.170837
v  52.195724 323.941345 281.470001
v  37.318947 239.219635 273.578247
v  35.878765 322.209045 289.796143
v  37.321484 235.876984 290.245697
v  35.881302 319.082306 306.506805
v  68.243439 211.777466 285.295258
v  52.038242 212.089905 294.035400
v  68.258690 215.363983 268.678558
v  52.068733 219.262878 260.799500
v  35.863529 219.575256 269.539642
v  35.848286 215.988800 286.156342
v  62.287144 189.049561 280.146698
v  46.493427 190.939301 289.242432
v  62.363350 192.874817 263.580780
v  46.650909 198.587250 256.115753
v  30.857189 200.476990 265.211487
v  30.780987 196.651764 281.774811
v  59.759846 181.980743 278.414398
v  43.641006 182.862091 287.322174
v  60.773312 188.577148 262.508911
v  45.665390 196.054901 255.511230
v  29.549088 196.936218 264.421539
v  28.535627 190.339874 280.326996
v  53.267612 164.028015 266.585632
v  35.711128 160.924133 272.872101
v  56.854088 177.738953 255.368988
v  42.879009 188.345947 250.433746
v  25.319990 185.242096 256.717712
v  21.736048 171.533722 267.936890
v  50.735229 157.017639 245.562042
v  32.612328 152.359253 247.177490
v  55.322475 173.507294 242.674042
v  41.789356 185.336060 241.404083
v  23.668991 180.677734 243.022034
v  19.079212 164.188049 245.907471
v  50.735245 157.017639 166.093079
v  32.612343 152.359253 166.093063
v  55.322487 173.507294 166.093079
v  41.789368 185.336060 166.093063
v  23.669003 180.677734 166.093063
v  19.079224 164.188049 166.093063
v  58.759113 171.828369 88.074448
v  64.578247 193.542847 88.074448
v  66.236862 195.953308 172.018875
v  57.103024 158.485779 172.018875
v  45.937180 151.315338 172.018860
v  47.588196 165.188812 88.074432
v  57.473877 205.709442 56.888309
v  58.225716 204.881378 88.074448
v  63.933102 194.551208 56.888309
v  59.404282 180.774231 56.888309
v  48.230824 174.340424 56.888309
v  60.153564 207.746521 172.018875
v  34.822140 151.648071 172.018860
v  36.785576 166.128632 88.074432
v  47.636459 210.032532 56.888309
v  48.398457 209.468597 88.074432
v  37.550121 175.516418 56.888309
v  50.361862 213.017029 172.018860
v  20.608316 182.051880 88.074432
v  18.949682 168.709229 172.018860
v  28.083525 206.176758 172.018860
v  26.424913 203.766327 88.074432
v  26.960854 170.715851 88.074432
v  25.030443 156.916016 172.018860
v  36.955761 211.208527 56.888309
v  25.779760 204.774719 56.888309
v  37.595837 210.408417 88.074432
v  21.253481 190.997742 56.888302
v  27.710161 179.836975 56.888309
v  32.919682 209.283203 172.018860
v  39.249363 213.349762 172.018860
v  97.704910 238.747192 281.315063
v  96.287582 320.613922 297.309448
v  80.435440 318.932465 305.399353
v  81.842606 237.474640 289.481171
v  97.702370 241.993317 265.120026
v  96.285049 323.651764 281.073792
v  81.837532 243.966888 257.093628
v  80.430367 325.008148 272.927979
v  65.977768 242.694397 265.259735
v  64.578224 323.326660 281.017914
v  65.980309 239.448273 281.454773
v  64.580765 320.288818 297.253571
v  92.378532 216.034485 276.644012
v  76.633064 216.336792 285.135254
v  92.393768 219.519409 260.499786
v  76.663551 223.306519 252.844208
v  60.920631 223.611359 261.335449
v  60.905388 220.126495 277.482208
v  83.681564 193.951782 271.640198
v  68.339973 195.788177 280.479431
v  83.757767 197.667786 255.546783
v  68.489830 203.217682 248.292542
v  53.148232 205.054108 257.131744
v  53.072029 201.338104 273.225189
v  81.227928 187.083588 269.958740
v  65.568832 187.939606 278.615051
v  82.210907 193.492004 254.505371
v  67.534790 200.758972 247.708344
v  51.875690 201.614929 256.364655
v  50.892712 195.206482 271.817993
v  65.004951 169.641449 258.467773
v  47.946308 166.626465 264.573944
v  68.487289 182.961151 247.568634
v  54.910992 193.268524 242.773132
v  37.849808 190.253510 248.879272
v  34.367470 176.933777 259.778412
v  56.727093 159.692230 238.038544
v  39.119816 155.165955 239.610809
v  61.184792 175.712036 235.234375
v  48.037754 187.205536 233.999969
v  30.430473 182.679260 235.572205
v  25.972775 166.659454 238.376373
v  36.910019 151.536285 200.403381
v  54.517300 156.062561 199.618530
v  58.974998 172.079803 198.213913
v  45.827957 183.573334 197.599228
v  28.220680 179.047028 198.384064
v  23.762980 163.027252 199.786163
v  34.700226 153.641968 161.195938
v  52.307507 158.168243 161.195953
v  56.765202 174.188019 161.195953
v  43.615623 185.681488 161.195938
v  26.010885 181.155212 161.195938
v  21.553186 165.135468 161.195938
v  78.403496 191.815613 -39.070343
v  68.058075 216.456177 -39.070343
v  65.975266 214.401306 -14.846363
v  75.459625 191.815613 -14.846361
v  43.310856 226.565338 -39.070347
v  43.310852 223.662109 -14.846367
v  65.975266 169.229919 -14.846363
v  68.058075 160.380554 -49.608807
v  66.628044 191.815613 57.965282
v  59.729401 208.241791 57.965282
v  59.729401 175.389435 57.965282
v  43.310841 168.681274 57.965282
v  43.310852 159.969116 -14.846367
v  43.310856 150.271393 -56.588726
v  43.310841 214.949951 57.965282
v  8.218216 191.815613 -39.070354
v  11.162071 191.815613 -14.846371
v  20.646431 214.401306 -14.846369
v  18.563635 216.456177 -39.070351
v  18.563637 160.380554 -49.608814
v  20.646431 169.229919 -14.846369
v  19.993641 191.815613 57.965275
v  26.892281 175.389435 57.965282
v  26.892281 208.241791 57.965282
v  -170.092224 428.172791 -665.251465
v  -163.754959 294.731323 -439.168640
v  -179.469940 270.052704 -453.418030
v  -186.322830 397.372742 -683.033997
v  -170.092224 458.975372 -647.468933
v  -163.754959 324.558563 -421.947479
v  -186.322830 489.775391 -629.686340
v  -179.469940 349.234650 -407.700562
v  -240.546783 270.052704 -453.418030
v  -256.261749 294.731323 -439.168640
v  -265.624146 428.172791 -665.251526
v  -249.396118 397.372742 -683.034058
v  -256.261749 324.558563 -421.947479
v  -265.624146 458.975372 -647.468994
v  -240.546783 349.234650 -407.700562
v  -249.396118 489.777954 -629.686401
v  -194.590561 264.904114 -456.389832
v  -198.855194 388.431915 -688.197815
v  -225.426147 264.904114 -456.389832
v  -236.861206 388.431915 -688.197876
v  -35.662781 191.259338 -331.779938
v  -23.981319 202.260071 -337.975006
v  -33.557121 202.260071 -317.675323
v  -46.714321 183.547913 -321.368500
v  -10.826660 220.967224 -334.281860
v  -20.402462 220.967224 -313.979645
v  -7.042061 231.965393 -323.740845
v  -7.247803 239.676849 -310.286469
v  -43.135464 202.260071 -297.373108
v  -56.290127 183.550476 -301.068817
v  -29.978264 220.967224 -293.679932
v  -16.823608 239.676849 -289.984253
v  -52.711266 202.257568 -277.073425
v  -56.495869 191.259338 -287.611908
v  -39.556606 220.967224 -273.377716
v  -27.875151 231.965393 -279.572784
v  -106.866592 296.542358 -361.269379
v  -120.186356 308.835968 -343.842438
v  -150.221848 308.835968 -324.088867
v  -172.213165 296.542358 -318.290039
v  -194.697205 465.907013 -647.049805
v  -198.855194 498.716187 -624.522522
v  -194.697205 421.101440 -672.919678
v  -241.021729 465.907013 -647.049866
v  -236.861206 498.716187 -624.522583
v  -241.021729 421.101440 -672.919739
v  -165.136719 279.323700 -405.561890
v  -175.291641 265.315613 -413.649292
v  -165.136734 303.156525 -391.802734
v  -175.291656 317.164612 -383.712830
v  -228.895798 265.315613 -413.649292
v  -239.050735 279.323700 -405.561890
v  -239.050751 303.156525 -391.802734
v  -228.895813 317.164612 -383.712830
v  -189.774719 255.493408 -419.321075
v  -214.412720 255.493408 -419.321075
v  -194.590561 354.383240 -404.728790
v  -225.426147 354.385773 -404.728790
v  -189.774734 326.986786 -378.043549
v  -214.412735 326.986786 -378.043549
v  -141.644272 268.168030 -390.799408
v  -155.096115 254.157379 -394.904053
v  -137.443115 291.998291 -378.284851
v  -145.957199 306.008942 -367.675262
v  -213.074158 254.157379 -377.733673
v  -221.588242 268.165497 -367.124084
v  -217.387070 291.998291 -354.609497
v  -203.932678 306.008942 -350.504852
v  -172.492569 244.335175 -395.422211
v  -199.139709 244.335175 -387.530457
v  -159.889099 315.831116 -357.878479
v  -131.484268 304.672882 -352.961060
v  -120.839142 294.850739 -366.885315
v  -186.536224 315.831116 -349.986694
v  -155.482193 304.672882 -337.177460
v  -173.053909 294.850739 -332.544525
v  -111.182053 249.181488 -391.810364
v  -129.744370 231.650452 -391.960205
v  -139.119522 242.999176 -391.406464
v  -124.288452 257.009796 -391.287109
v  -100.666451 279.008728 -377.703156
v  -115.886124 280.840057 -380.017120
v  -195.090958 231.650452 -348.980865
v  -201.288559 249.184052 -332.544525
v  -196.284744 257.009796 -343.936432
v  -191.331757 242.999176 -357.065674
v  -190.772949 279.008728 -318.439911
v  -187.882431 280.840057 -332.663910
v  -151.733154 219.356873 -386.161377
v  -156.688690 233.176941 -386.773529
v  -181.768661 219.356873 -366.405273
v  -180.689148 233.176941 -370.989960
v  169.955276 286.227417 -161.320526
v  169.955276 296.549988 -156.949188
v  169.955292 306.278168 -220.004700
v  169.955292 293.471497 -231.719177
v  181.077942 286.227417 -161.320526
v  181.077957 293.471497 -231.719177
v  181.077957 306.278168 -220.004700
v  181.077942 296.549988 -156.949173
v  169.955292 332.798309 -275.935486
v  169.955292 310.179596 -277.550903
v  181.077957 310.179596 -277.550903
v  181.077957 332.798309 -275.935486
v  169.955307 367.669983 -306.453583
v  169.955307 359.300690 -318.996124
v  181.077972 359.300690 -318.996124
v  181.077972 367.669983 -306.453583
v  169.955307 421.728821 -319.412659
v  169.955307 421.632294 -330.111145
v  181.077972 421.632294 -330.111145
v  181.077972 421.728821 -319.412659
v  169.955276 278.066406 -151.366272
v  169.955276 296.585541 -144.802902
v  169.955276 298.569275 -150.266449
v  169.955276 279.841858 -157.317490
v  181.077942 278.066406 -151.366257
v  181.077942 279.841858 -157.317490
v  181.077942 296.585541 -144.802902
v  181.077942 298.569275 -150.266434
v  181.077942 280.286346 -144.452377
v  181.077942 290.601288 -140.556015
v  169.955276 290.601288 -140.556030
v  169.955276 280.286346 -144.452393
v  240.071960 296.549988 -156.949173
v  240.071960 286.227417 -161.320511
v  240.071960 279.841858 -157.317474
v  240.071960 298.569275 -150.266434
v  240.071960 280.286346 -144.452377
v  240.071960 290.601288 -140.556015
v  240.071960 278.066406 -151.366257
v  240.071960 296.585541 -144.802887
v  -185.235779 398.772278 -192.753098
v  -185.411041 421.662781 -202.267929
v  -185.431351 390.728119 -203.410934
v  -185.151978 404.299316 -188.153137
v  -186.287323 357.428680 -250.035172
v  -185.626923 389.597809 -214.084000
v  -186.891861 366.499023 -282.884979
v  -186.627686 344.307068 -268.493347
v  -187.633514 338.465057 -323.166840
v  -187.597946 331.574036 -321.233887
v  -187.079803 313.766083 -293.044983
v  -187.412537 335.894592 -311.152618
v  -187.255051 326.443237 -302.630951
v  -186.919785 320.197388 -284.383575
v  -186.584503 332.582397 -274.309937
v  -186.993454 340.951721 -288.424713
v  -187.156006 349.910309 -297.167419
v  -187.399841 356.166321 -310.537964
v  -187.547150 322.292877 -318.508484
v  -187.323639 314.368103 -306.301239
v  -186.251770 344.307068 -248.026031
v  -186.244156 351.919434 -247.561218
v  -186.259384 329.257568 -248.414658
v  -185.662491 344.307068 -215.983932
v  -185.621857 349.026398 -213.766495
v  -185.637085 329.257568 -214.619934
v  -185.494843 344.307068 -206.878021
v  -185.484680 353.679657 -206.255722
v  -185.487228 328.713989 -206.512268
v  -185.225616 344.307068 -192.278107
v  -185.223083 353.679657 -192.064743
v  -185.228165 328.713989 -192.318741
v  -185.083389 341.858490 -184.505707
v  -185.134186 349.044159 -187.193024
v  -185.108780 333.971802 -185.851898
v  -185.281509 422.074219 -195.257523
v  -185.136719 413.870026 -187.421616
v  -173.828629 390.728119 -203.624283
v  -173.633057 398.772278 -192.966446
v  -173.549255 404.299316 -188.366501
v  -173.536545 413.870026 -187.634995
v  -173.678787 422.074219 -195.470886
v  -174.687149 357.428680 -250.248520
v  -174.026749 389.597809 -214.297348
v  -176.030792 338.465057 -323.380219
v  -175.995224 331.574036 -321.447266
v  -175.317062 320.197388 -284.596924
v  -175.129105 332.724640 -274.363281
v  -175.477081 313.766083 -293.258331
v  -175.799652 356.166321 -310.751312
v  -175.291672 366.499023 -283.098328
v  -175.720917 314.368103 -306.514618
v  -175.944443 322.292877 -318.721832
v  -174.641434 351.919434 -247.774567
v  -174.656662 329.257568 -248.628006
v  -174.019135 349.026398 -213.979858
v  -174.036911 329.257568 -214.833298
v  -173.881973 353.679657 -206.469070
v  -173.887054 328.713989 -206.725632
v  -173.620377 353.679657 -192.278107
v  -173.625443 328.713989 -192.532104
v  -173.531464 349.044159 -187.406387
v  -173.506058 333.971802 -186.065277
v  -173.483200 341.858490 -184.719055
v  -173.808319 421.662781 -202.481293
v  -162.032883 398.772278 -193.179810
v  -162.228455 390.728119 -203.837646
v  -162.208130 421.662781 -202.694641
v  -161.946533 404.299316 -188.579865
v  -163.084427 357.428680 -250.461884
v  -163.688950 366.499023 -283.311676
v  -162.424026 389.597809 -214.510742
v  -163.424789 344.307068 -268.920044
v  -163.716888 320.197388 -284.810303
v  -164.430618 338.465057 -323.593567
v  -164.196930 356.166321 -310.964691
v  -163.528931 332.724640 -274.576630
v  -163.876907 313.766083 -293.471710
v  -164.395050 331.574036 -321.660614
v  -164.120743 314.368103 -306.727966
v  -164.344254 322.292877 -318.932648
v  -163.038712 351.919434 -247.987930
v  -163.048874 344.307068 -248.452759
v  -163.056488 329.257568 -248.841370
v  -162.418961 349.026398 -214.193222
v  -162.459595 344.307068 -216.410645
v  -162.434189 329.257568 -215.046661
v  -162.279251 353.679657 -206.682434
v  -162.291946 344.307068 -207.304764
v  -162.284332 328.713989 -206.938980
v  -162.020187 353.679657 -192.491470
v  -162.022720 344.307068 -192.704819
v  -162.025269 328.713989 -192.745468
v  -161.928757 349.044159 -187.619751
v  -161.880493 341.858490 -184.932434
v  -161.905884 333.971802 -186.278625
v  -162.078613 422.074219 -195.684250
v  -161.933823 413.870026 -187.848358
v  -162.726288 432.295227 -230.883575
v  -174.326462 432.295227 -230.670212
v  -163.828644 377.715668 -290.908813
v  -175.431381 377.715668 -290.695465
v  -164.445847 469.633179 -324.487640
v  -176.048569 469.633179 -324.274292
v  -165.545670 453.880127 -384.294495
v  -177.145859 453.880127 -384.081116
v  -165.642197 445.383789 -389.620850
v  -164.720184 415.361023 -339.440643
v  -176.322906 415.361023 -339.227264
v  -177.244919 445.383789 -389.407501
v  -285.357452 326.443237 -300.827545
v  -285.514954 335.894592 -309.349243
v  -187.100128 327.497345 -294.139709
v  -285.202515 327.497345 -292.336334
v  -285.494629 343.738098 -308.221497
v  -187.392212 343.738098 -310.024902
v  -187.013779 332.770386 -289.458496
v  -285.116180 332.770386 -287.655121
v  -285.098389 340.951721 -286.621338
v  -285.408295 348.411713 -303.560577
v  -187.305847 348.411713 -305.363983
v  -285.258423 349.910309 -295.364014
v  -164.870041 348.414246 -347.487335
v  -164.608414 367.210236 -333.291290
v  -176.470215 348.414246 -347.273987
v  -176.208588 367.210236 -333.077911
v  -165.626953 364.731201 -388.734406
v  -164.649048 370.189667 -335.526489
v  -177.229675 364.731201 -388.521057
v  -176.251785 370.189667 -335.313110
v  -165.835220 377.159424 -400.126282
v  -164.786209 382.328339 -343.029633
v  -177.437943 377.159424 -399.912933
v  -176.388931 382.328339 -342.816284
v  -165.781891 395.122284 -397.215485
v  -164.720184 387.164459 -339.399994
v  -177.384628 395.122284 -397.002106
v  -176.322906 387.164459 -339.186615
v  -165.573624 402.381622 -385.805786
v  -164.966553 402.432404 -352.752747
v  -177.173798 402.381622 -385.592407
v  -176.566727 402.432404 -352.539398
v  133.193893 756.721802 -468.924683
v  133.193893 740.450562 -479.630798
v  143.328461 613.643616 -286.880341
v  143.328461 629.917358 -276.176788
v  143.148148 740.450562 -479.630798
v  143.148148 756.721802 -468.924683
v  153.285263 629.917358 -276.174225
v  153.285263 613.643616 -286.880341
v  122.467506 856.353271 -655.807739
v  122.467506 872.624512 -645.104187
v  132.424301 872.624512 -645.104187
v  132.424301 856.353271 -655.810242
v  151.888245 514.012085 -99.997314
v  151.888245 497.740845 -110.700867
v  161.842499 497.740845 -110.700867
v  161.842499 514.012085 -99.997314
v  -164.684601 717.938538 -426.224823
v  -164.684601 705.716003 -428.769867
v  -164.684601 721.845032 -414.368073
v  -169.845871 585.726440 -524.680298
v  -169.845871 581.012207 -516.943420
v  -164.684601 697.402649 -419.458221
v  -169.845901 673.544373 -350.380402
v  -169.845901 662.939880 -356.971710
v  -169.845901 673.138000 -337.901398
v  -169.845871 575.863647 -511.584045
v  -169.845871 569.874329 -503.811646
v  -169.845901 651.931519 -351.083984
v  -169.845871 573.910339 -535.213623
v  -169.845871 546.155762 -544.225525
v  -169.845871 536.821289 -533.280701
v  -169.845871 559.206299 -548.317505
v  -169.845871 554.027222 -552.932678
v  -169.845871 578.901489 -540.545105
v  -169.845871 560.819214 -550.715271
v  -169.845871 572.985779 -551.774475
v  -169.845871 586.084595 -536.267761
v  -169.845871 622.241455 -579.193726
v  -169.845871 613.044128 -588.497681
v  -169.845871 634.479187 -589.206360
v  -169.845871 631.240662 -596.442871
v  -142.632324 697.402649 -419.458221
v  -142.632324 701.309143 -407.601532
v  -164.684601 701.309143 -407.601532
v  -142.632324 713.531616 -405.056458
v  -164.684601 713.531616 -405.056458
v  -142.632324 721.845032 -414.368073
v  -142.632324 717.938538 -426.224823
v  -142.632324 705.716003 -428.769867
v  -147.791046 585.726440 -524.680298
v  -147.791046 581.012207 -516.943420
v  -147.791077 651.931519 -351.083984
v  -147.791077 651.525146 -338.607483
v  -169.845901 651.525146 -338.607483
v  -147.791077 662.127136 -332.016205
v  -169.845901 662.127136 -332.016205
v  -147.791077 673.138000 -337.901398
v  -147.791077 673.544373 -350.380402
v  -147.791077 662.939880 -356.971710
v  -147.791046 575.863647 -511.584045
v  -147.791046 569.874329 -503.811646
v  -156.612473 559.206299 -548.317505
v  -147.791046 554.027222 -552.932678
v  -147.791046 536.821289 -533.280701
v  -147.791046 546.155762 -544.225525
v  -156.612473 573.910339 -535.213623
v  -156.612473 560.819214 -550.715271
v  -156.612473 578.901489 -540.545105
v  -156.612473 572.985779 -551.774475
v  -156.612473 586.084595 -536.267761
v  -156.612473 613.044128 -588.497681
v  -156.612473 622.241455 -579.193726
v  -156.612473 631.240662 -596.442871
v  -156.612473 634.479187 -589.206360
v  -147.791046 573.910339 -535.213623
v  -147.791046 559.206299 -548.317505
v  -130.412384 756.721802 -468.924744
v  -140.549561 629.917358 -276.174255
v  -140.549561 613.643616 -286.880371
v  -130.412384 740.450562 -479.630859
v  -140.366638 740.450562 -479.630859
v  -150.503815 613.643616 -286.880371
v  -150.503815 629.917358 -276.174255
v  -140.366638 756.721802 -468.924744
v  -119.685928 856.353271 -655.807739
v  -129.642731 856.353271 -655.810242
v  -129.642731 872.624512 -645.104187
v  -119.685928 872.624512 -645.104187
v  -142.015137 514.012085 -99.997360
v  -151.971954 514.012085 -99.997360
v  -151.971954 497.740845 -110.700912
v  -142.015137 497.740845 -110.700912
v  169.180618 717.938538 -426.224762
v  169.180618 721.845032 -414.368011
v  169.180618 705.716003 -428.769806
v  169.180618 697.402649 -419.458160
v  174.339371 581.012207 -516.943359
v  174.339371 585.726440 -524.680237
v  174.339340 673.544373 -350.380341
v  174.339340 673.138000 -337.901337
v  174.339340 662.939880 -356.969116
v  174.339340 651.931519 -351.083923
v  174.339371 569.874329 -503.811584
v  174.339371 575.863647 -511.583984
v  174.339371 573.910339 -535.213562
v  174.339371 536.821289 -533.280640
v  174.339371 546.155762 -544.225464
v  174.339371 554.027222 -552.932617
v  174.339371 559.206299 -548.317444
v  174.339371 560.819214 -550.715210
v  174.339371 578.901489 -540.545044
v  174.339371 572.985779 -551.774414
v  174.339371 586.084595 -536.267700
v  174.339371 613.044128 -588.497681
v  174.339371 622.241455 -579.193726
v  174.339371 631.240662 -596.442871
v  174.339371 634.479187 -589.206360
v  169.180618 701.309143 -407.601471
v  147.128326 701.309143 -407.601471
v  147.128326 697.402649 -419.458160
v  169.180618 713.531616 -405.056396
v  147.128326 713.531616 -405.056396
v  147.128326 721.845032 -414.368011
v  147.128326 717.938538 -426.224762
v  147.128326 705.716003 -428.769806
v  152.287094 585.726440 -524.680237
v  152.287094 581.012207 -516.943359
v  174.339340 651.525146 -338.607422
v  152.287064 651.525146 -338.607422
v  152.287064 651.931519 -351.083923
v  174.339340 662.127136 -332.016144
v  152.287064 662.127136 -332.016144
v  152.287064 673.138000 -337.901337
v  152.287064 673.544373 -350.380341
v  152.287064 662.939880 -356.969116
v  152.287094 575.863647 -511.583984
v  152.287094 569.874329 -503.811584
v  152.287094 554.027222 -552.932617
v  161.108521 559.206299 -548.317444
v  152.287094 536.821289 -533.280640
v  152.287094 546.155762 -544.225464
v  161.108521 573.910339 -535.213562
v  161.108521 560.819214 -550.715210
v  161.108521 578.901489 -540.545044
v  161.108521 572.985779 -551.774414
v  161.108521 586.084595 -536.267700
v  161.108521 613.044128 -588.497681
v  161.108521 622.241455 -579.193726
v  161.108521 631.240662 -596.442871
v  161.108521 634.479187 -589.206360
v  152.287094 559.206299 -548.317444
v  152.287094 573.910339 -535.213562
v  -138.428543 848.916199 -945.118713
v  -138.431076 838.712952 -945.118713
v  -189.398712 841.501953 -945.118713
v  -189.264099 851.235107 -945.118713
v  -159.248917 856.830811 -938.954163
v  -119.533485 854.636230 -938.954163
v  -119.530937 831.898132 -938.954163
v  -159.248917 832.362915 -938.954163
v  -211.075089 842.357910 -938.954224
v  -210.831253 849.589233 -938.954224
v  -159.248917 856.830811 -929.548523
v  -119.533493 854.636230 -928.542786
v  -119.530945 831.898132 -928.542786
v  -159.248917 832.362915 -929.342957
v  -211.075089 842.357910 -933.826050
v  -210.831253 849.589233 -933.798157
v  -126.200996 843.569458 -929.944824
v  -67.516830 843.569458 -922.187744
v  -67.516830 850.778015 -925.172241
v  -126.200989 850.778015 -932.931885
v  -67.516823 853.765015 -932.380737
v  -126.200989 853.765015 -932.380737
v  -67.516823 850.778015 -939.589233
v  -126.200989 850.778015 -935.281311
v  -67.516823 843.569458 -942.576233
v  -126.200989 843.569458 -938.265808
v  -67.516823 836.363464 -939.589233
v  -126.200989 836.363464 -935.281311
v  -67.516823 833.376465 -932.380737
v  -126.200989 833.376465 -932.380737
v  -67.516830 836.363464 -925.172241
v  -126.200989 836.363464 -932.931885
v  -155.814972 292.658691 -167.848373
v  -157.123047 310.177094 -238.991241
v  -157.016373 324.718567 -233.116211
v  -155.776855 297.819977 -165.663971
v  -168.136490 324.718567 -232.910492
v  -168.243179 310.177094 -238.785522
v  -166.935089 292.658691 -167.645172
v  -166.894455 297.819977 -165.458237
v  -158.073013 323.080261 -290.611664
v  -157.991730 335.734558 -286.207306
v  -169.111847 335.734558 -286.001556
v  -169.193130 323.080261 -290.405914
v  -166.650604 288.968079 -152.130844
v  -166.637894 291.419189 -151.409485
v  -196.046021 291.419189 -150.868484
v  -196.061264 288.968079 -151.589844
v  -155.517776 291.419189 -151.615234
v  -196.305099 297.819977 -164.917221
v  -196.345734 292.658691 -167.104172
v  -155.530487 288.968079 -152.336594
# 2883 vertices

vn 0.572211 0.507621 0.644124
vn 0.436497 0.513207 0.738978
vn 0.444591 0.441753 0.779226
vn 0.673407 -0.442674 -0.592083
vn 0.110592 -0.832695 -0.542575
vn 0.559347 -0.469599 -0.683087
vn 0.980599 0.192861 -0.035066
vn 0.971403 -0.236925 -0.015565
vn 0.894151 0.441798 0.072855
vn 0.994395 0.105452 -0.007612
vn 0.915895 -0.363704 -0.169869
vn 0.929901 -0.210809 -0.301402
vn 0.903363 -0.039545 -0.427050
vn 0.762279 0.585801 -0.275260
vn 0.000000 -0.797453 -0.603382
vn 0.000000 -0.223202 -0.974772
vn 0.950445 0.169847 0.260397
vn 0.949971 0.050690 0.308197
vn 0.854361 0.448408 0.262673
vn 0.858383 0.503968 -0.095894
vn 0.839680 0.506708 0.195411
vn 0.932112 0.362168 0.000889
vn 0.944926 0.205414 -0.254792
vn 0.934035 0.302534 -0.189872
vn 0.973409 0.223038 0.052247
vn 0.962276 0.167979 -0.214027
vn 0.904669 0.262517 -0.335646
vn 0.971436 0.208903 -0.112563
vn 0.821374 0.489039 -0.293575
vn 0.855401 0.391228 -0.339455
vn 0.632882 0.653720 -0.414863
vn 0.647620 0.687257 -0.329039
vn 0.318272 0.911869 -0.259227
vn 0.330464 0.943509 -0.024170
vn 0.613427 0.768784 -0.180773
vn 0.740474 0.671943 0.013801
vn 0.420657 0.894992 0.148447
vn 0.620781 0.710106 0.332235
vn 0.701053 0.656469 0.278521
vn 0.513786 0.730950 0.449150
vn 0.160920 0.977507 0.136329
vn 0.217890 0.946330 0.238712
vn 0.310349 0.791283 0.526835
vn 0.000000 0.988418 -0.151759
vn -0.000000 0.999835 0.018154
vn -0.000000 0.988709 0.149850
vn -0.000000 0.971063 0.238824
vn -0.000000 0.813438 0.581651
vn 0.000000 0.772127 -0.635469
vn 0.000000 0.863028 -0.505156
vn 0.948850 0.313743 0.035338
vn 0.874971 0.397932 -0.275818
vn 0.956201 0.230443 -0.180485
vn 0.994080 0.108499 -0.005727
vn 0.861505 0.438897 0.255299
vn 0.929749 0.178930 0.321793
vn 0.841852 0.411472 0.349250
vn 0.976674 0.013012 0.214331
vn 0.695617 0.590306 0.409457
vn 0.912643 0.306946 -0.269937
vn 0.970169 0.109708 0.216188
vn 0.858837 0.271623 0.434304
vn 0.427102 0.734082 0.527928
vn 0.992267 0.029494 0.120564
vn 0.948205 0.288136 0.133732
vn 0.758351 0.633845 0.152129
vn 0.833927 0.530883 0.150760
vn 0.402934 0.415780 -0.815335
vn -0.000012 0.600587 -0.799560
vn -0.000008 0.884053 -0.467386
vn 0.305476 0.898299 -0.315821
vn 0.022856 -0.667886 -0.743912
vn 0.232576 -0.127888 -0.964133
vn -0.000002 -0.668061 -0.744107
vn -0.000001 -0.668061 -0.744107
vn 0.720979 0.657466 -0.218926
vn 0.115174 0.965435 0.233817
vn 0.993239 0.092079 0.070698
vn 0.827382 0.548290 0.121724
vn 0.846768 -0.525529 -0.082476
vn 0.521120 0.635913 -0.569253
vn 0.426967 0.894656 -0.131492
vn 0.949794 0.304061 -0.073741
vn 0.721616 0.680324 -0.128174
vn 0.000000 0.747367 -0.664412
vn -0.091435 0.976627 -0.194525
vn -0.089741 -0.587393 -0.804311
vn 0.985678 0.089141 -0.143156
vn 0.999982 -0.005689 0.001946
vn 0.586771 0.624485 -0.515479
vn 0.842266 0.337602 -0.420253
vn 0.596470 0.374829 -0.709737
vn 0.602048 0.456945 -0.654782
vn 0.758382 0.583627 -0.290235
vn 0.598700 0.697294 -0.394130
vn 0.686923 0.725225 0.046746
vn 0.448885 0.891850 0.055722
vn 0.624510 0.741282 0.245944
vn 0.360037 0.915606 0.178992
vn -0.000002 0.945938 0.324346
vn -0.000002 0.991670 0.128802
vn 0.191748 0.912855 0.360457
vn 0.320372 0.916959 -0.237797
vn 0.497577 0.761855 0.414723
vn 0.481429 0.100413 0.870714
vn 0.205971 0.575734 0.791269
vn 0.145085 0.985361 0.089517
vn 0.197169 0.970767 0.136877
vn 0.659023 0.746203 0.094182
vn 0.000000 0.444968 -0.895547
vn 0.000000 0.536500 -0.843900
vn 0.000000 0.867652 -0.497172
vn -0.000000 0.999582 0.028914
vn -0.000000 0.999871 0.016032
vn 0.160838 0.983356 0.084505
vn -0.000000 0.560185 0.828368
vn -0.000000 0.068196 0.997672
vn -0.000000 0.990681 0.136206
vn 0.923720 0.286695 -0.254062
vn 0.055739 -0.845761 -0.530642
vn 0.032575 -0.865457 -0.499924
vn 0.000000 -0.885912 -0.463853
vn 0.000000 -0.907008 -0.421114
vn 0.047410 -0.882719 -0.467503
vn 0.000000 -0.152114 -0.988363
vn 0.372000 0.582100 0.723032
vn 0.927557 0.333130 -0.169297
vn 0.757591 0.645089 -0.099582
vn 0.354897 0.916719 0.183503
vn 0.337542 -0.837024 -0.430647
vn 0.573305 -0.768670 -0.283669
vn 0.283885 0.946938 0.150720
vn -0.000000 0.989439 0.144949
vn 0.963343 0.070347 -0.258886
vn 0.946694 0.222838 -0.232624
vn 0.904640 0.362121 -0.224713
vn 0.938601 0.336527 -0.076013
vn 0.978054 -0.131810 0.161361
vn 0.966850 -0.030653 0.253499
vn 0.500706 0.778384 0.378697
vn 0.660989 0.008740 0.750345
vn -0.000000 0.861953 0.506987
vn -0.000000 0.151230 0.988499
vn -0.000000 0.986770 0.162129
vn 0.058978 0.983677 0.170005
vn -0.079574 -0.179593 -0.980517
vn -0.062366 0.757314 -0.650066
vn -0.000001 0.948826 0.315799
vn 0.050754 0.947604 0.315391
vn 0.697024 -0.577729 -0.424720
vn 0.685773 -0.631555 -0.361737
vn 0.684134 -0.572764 -0.451555
vn 0.785809 0.594788 0.169505
vn 0.895963 0.318553 0.309475
vn 0.933998 0.139726 -0.328824
vn 0.910476 0.004097 -0.413542
vn -0.000000 0.968405 0.249383
vn 0.170534 0.972109 0.161005
vn 0.331874 -0.892001 -0.306911
vn 0.331219 0.940991 0.069506
vn 0.567447 0.516553 0.641230
vn 0.631395 0.543357 0.553266
vn 0.782037 0.084826 0.617432
vn 0.816641 0.252107 0.519172
vn 0.969784 -0.170736 0.174264
vn 0.176771 -0.860726 -0.477392
vn 0.951446 0.278682 0.130712
vn 0.966043 0.225788 0.125619
vn 0.960751 0.246308 0.127632
vn 0.971874 0.156489 -0.175989
vn 0.961450 -0.028810 -0.273468
vn 0.972559 0.116802 -0.201214
vn 0.997152 0.039636 -0.064163
vn 0.974113 -0.202456 -0.100573
vn 0.968249 -0.000153 -0.249989
vn 0.999857 -0.009361 -0.014110
vn 0.958800 0.259243 -0.116174
vn 0.833522 0.516347 -0.196536
vn 0.964858 0.199795 -0.170677
vn 0.675665 0.736535 0.031526
vn 0.790685 0.544292 0.280290
vn 0.953859 0.299027 0.027114
vn 0.941977 0.310598 -0.127316
vn 0.555697 0.531000 0.639718
vn 0.812909 0.270118 0.515961
vn 0.917913 0.383836 0.100526
vn 0.992669 0.087016 0.083879
vn 0.969734 0.232351 -0.075030
vn 0.955537 -0.068022 -0.286917
vn 0.997543 -0.018372 -0.067604
vn 0.964680 0.221081 0.143232
vn 0.757340 -0.443321 0.479482
vn 0.976941 0.186095 0.104668
vn 0.996118 0.013489 -0.086983
vn 0.969891 0.153329 0.189213
vn 0.979908 0.191234 0.056651
vn 0.578060 0.807084 0.120259
vn 0.880023 0.444823 0.166412
vn 0.975604 -0.150305 -0.160019
vn 0.961368 -0.068052 -0.266721
vn 0.828776 -0.272419 0.488793
vn 0.977493 -0.202012 -0.060824
vn 0.950810 -0.174844 -0.255714
vn 0.905635 0.238602 0.350564
vn 0.377463 0.353153 0.856040
vn 0.383680 0.427437 0.818588
vn 0.414304 0.470293 0.779215
vn 0.787808 0.574138 0.222991
vn 0.469731 0.764817 0.440917
vn 0.537934 0.660801 0.523420
vn -0.022713 0.998775 0.043955
vn 0.782432 0.568621 0.253909
vn 0.128979 0.916523 0.378616
vn 0.218253 0.920781 0.323308
vn 0.269846 0.860495 0.432125
vn 0.991613 0.105387 0.074812
vn 0.817081 0.571847 0.073278
vn 0.964625 -0.199107 0.172789
vn 0.800587 0.105932 -0.589778
vn 0.899078 -0.407003 0.161267
vn 0.914676 -0.403820 0.017251
vn 0.938890 -0.006249 -0.344159
vn 0.976138 0.176851 -0.126011
vn 0.998520 0.029353 0.045794
vn 0.992192 0.124459 -0.008112
vn 0.892316 0.168029 -0.418973
vn 0.994877 0.070856 0.072105
vn 0.973110 -0.230155 -0.009248
vn 0.709640 -0.204044 -0.674371
vn 0.737932 -0.186620 0.648559
vn 0.996949 0.047196 -0.062166
vn 0.575585 -0.602807 -0.552563
vn 0.979581 -0.151641 0.132006
vn 0.999834 -0.015392 0.009764
vn 0.999053 -0.013899 -0.041235
vn 0.852694 -0.370483 0.368314
vn 0.895197 -0.382874 0.228099
vn 0.910240 -0.386149 0.149507
vn 0.950975 0.138416 -0.276564
vn 0.523747 0.636152 -0.566569
vn 0.287527 -0.338033 -0.896137
vn 0.459499 -0.068395 -0.885541
vn 0.926330 -0.375719 -0.027345
vn 0.602636 -0.416381 -0.680777
vn 0.939837 -0.340789 -0.023864
vn 0.712156 -0.564127 -0.417846
vn 0.607097 -0.422229 -0.673169
vn 0.723595 -0.653334 -0.222631
vn 0.620262 -0.772942 -0.133551
vn 0.843690 0.316473 -0.433626
vn 0.832548 -0.009105 -0.553878
vn 0.651983 -0.070952 0.754907
vn 0.001070 -0.802267 0.596964
vn -0.002962 -0.255944 0.966687
vn -0.031212 0.662148 0.748722
vn 0.011989 -0.779433 -0.626371
vn 0.005654 0.332105 -0.943226
vn -0.032413 0.899130 -0.436480
vn 0.999877 0.001265 0.015657
vn 0.999864 0.001263 0.016412
vn 0.999838 0.001259 0.017958
vn 0.999903 0.001269 0.013847
vn 0.922386 -0.383838 -0.043280
vn 0.987715 -0.146988 -0.053039
vn 0.898497 -0.433120 0.071481
vn 0.899977 -0.423624 0.102883
vn 0.808110 -0.588736 -0.018643
vn 0.815129 -0.555121 0.165546
vn 0.783317 -0.559425 0.271033
vn 0.956010 -0.293267 -0.006336
vn 0.926142 -0.368106 -0.082209
vn 0.699337 -0.568012 0.433923
vn 0.444651 -0.776718 -0.446088
vn 0.374567 -0.926540 -0.034978
vn 0.555143 -0.805686 0.206608
vn 0.625475 -0.724091 -0.290641
vn 0.000020 -0.990744 -0.135745
vn 0.825711 -0.419366 0.377271
vn 0.467224 -0.879090 0.094357
vn 0.551636 -0.826517 -0.112101
vn 0.619533 -0.779383 -0.093494
vn 0.609586 -0.791601 -0.042098
vn 0.459316 -0.672325 -0.580523
vn -0.001200 -0.900222 -0.435430
vn -0.002194 -0.927035 -0.374967
vn 0.084146 -0.838425 -0.538482
vn 0.000000 -0.266270 -0.963898
vn 0.000000 -0.924227 -0.381844
vn 0.660147 -0.716117 -0.226676
vn 0.642010 -0.336123 -0.689090
vn 0.803025 -0.124129 -0.582874
vn 0.893050 -0.321055 -0.315253
vn 0.999468 -0.006916 -0.031861
vn 0.778008 -0.588070 -0.221080
vn 0.559086 -0.567598 -0.604364
vn 0.000000 -0.944187 -0.329409
vn 0.000000 -0.440760 -0.897625
vn 0.000000 -0.313529 -0.949579
vn 0.000000 -0.709245 -0.704962
vn 0.000000 -0.579664 -0.814855
vn 0.000000 -0.691934 -0.721960
vn 0.000000 -0.945673 -0.325120
vn 0.999478 -0.014936 0.028631
vn 0.999474 -0.032195 0.003815
vn 0.989620 0.142514 -0.018503
vn 0.974317 0.189318 0.121926
vn 0.999591 -0.028489 0.002543
vn 0.857062 -0.204851 -0.472737
vn 0.000000 -0.350325 -0.936628
vn 0.705986 0.699168 0.112906
vn 0.413264 0.896926 0.157279
vn 0.000000 0.914041 -0.405622
vn -0.694254 0.701789 -0.159699
vn -0.575758 0.751405 -0.322325
vn 0.760945 0.597656 -0.252527
vn 0.008195 0.976177 -0.216823
vn 0.999613 -0.020140 0.019174
vn 0.999656 -0.019021 0.018037
vn 0.999599 -0.025058 0.013165
vn -0.332115 0.936400 -0.113382
vn 0.643962 0.743410 -0.180707
vn 0.671362 0.703555 0.232991
vn 0.846770 -0.531787 0.013541
vn 0.863855 -0.496305 0.086233
vn -0.000009 0.952826 0.303517
vn 0.999745 -0.016475 0.015452
vn 0.999593 -0.027106 0.008864
vn 0.999588 -0.026743 0.010418
vn 0.446222 0.305328 -0.841226
vn 0.342040 0.026315 -0.939317
vn 0.988563 0.045773 -0.143690
vn 0.963071 -0.222064 -0.152254
vn 0.999569 -0.028881 0.005354
vn 0.585269 0.805347 -0.094211
vn 0.999701 -0.022097 0.010431
vn 0.965854 0.100156 0.238943
vn 0.627392 -0.705817 -0.328940
vn 0.449198 -0.893250 0.018056
vn 0.384970 -0.894286 0.228145
vn 0.693420 -0.315571 0.647753
vn 0.578223 -0.591472 0.561978
vn 0.710484 0.429514 0.557432
vn 0.524998 0.814776 0.246002
vn 0.391536 0.919706 0.028980
vn 0.232550 0.963105 -0.135458
vn 0.614051 0.606152 -0.505490
vn 0.999765 -0.020828 0.006039
vn 0.999772 -0.020746 0.005063
vn 0.999774 -0.020674 0.005020
vn 0.999758 -0.020895 0.006827
vn 0.999767 -0.019242 0.009738
vn -0.105814 0.243790 -0.964038
vn 0.000569 -0.226074 -0.974110
vn 0.000000 -0.095953 -0.995386
vn 0.000612 -0.785823 -0.618451
vn 0.000000 0.058760 -0.998272
vn -0.004928 -0.804520 -0.593906
vn -0.014359 -0.955020 -0.296193
vn -0.000000 -0.659045 0.752104
vn -0.000000 -0.961316 0.275448
vn 0.000000 -0.925024 -0.379909
vn -0.006593 -0.998763 -0.049284
vn -0.000123 -0.994640 -0.103398
vn -0.000000 0.993211 0.116326
vn -0.000000 0.952823 0.303527
vn -0.572212 0.507625 0.644120
vn -0.444584 0.441742 0.779236
vn -0.436495 0.513215 0.738974
vn -0.673412 -0.442665 -0.592084
vn -0.559378 -0.469566 -0.683084
vn -0.110592 -0.832695 -0.542575
vn -0.980596 0.192880 -0.035059
vn -0.994391 0.105493 -0.007602
vn -0.894150 0.441801 0.072856
vn -0.971404 -0.236921 -0.015561
vn -0.915901 -0.363693 -0.169859
vn -0.929908 -0.210797 -0.301388
vn -0.903367 -0.039502 -0.427045
vn -0.762279 0.585817 -0.275225
vn -0.950445 0.169847 0.260397
vn -0.949971 0.050691 0.308197
vn -0.854361 0.448409 0.262672
vn -0.858364 0.503998 -0.095897
vn -0.869993 0.473380 -0.137927
vn -0.839679 0.506709 0.195413
vn -0.944926 0.205415 -0.254792
vn -0.973409 0.223038 0.052246
vn -0.934035 0.302534 -0.189872
vn -0.962276 0.167979 -0.214027
vn -0.971436 0.208905 -0.112567
vn -0.904670 0.262518 -0.335645
vn -0.821374 0.489039 -0.293575
vn -0.855400 0.391231 -0.339454
vn -0.632881 0.653720 -0.414863
vn -0.647620 0.687257 -0.329039
vn -0.613427 0.768784 -0.180773
vn -0.330464 0.943509 -0.024170
vn -0.318272 0.911869 -0.259227
vn -0.740474 0.671943 0.013801
vn -0.701053 0.656469 0.278521
vn -0.620781 0.710106 0.332235
vn -0.420657 0.894993 0.148446
vn -0.513786 0.730950 0.449150
vn -0.217890 0.946330 0.238712
vn -0.160921 0.977507 0.136329
vn -0.310349 0.791283 0.526835
vn -0.948850 0.313743 0.035338
vn -0.994080 0.108499 -0.005727
vn -0.956201 0.230444 -0.180486
vn -0.874973 0.397926 -0.275819
vn -0.861506 0.438897 0.255299
vn -0.929749 0.178930 0.321793
vn -0.841853 0.411472 0.349249
vn -0.976675 0.013025 0.214329
vn -0.695617 0.590306 0.409457
vn -0.912643 0.306947 -0.269937
vn -0.970169 0.109708 0.216188
vn -0.427102 0.734082 0.527927
vn -0.858837 0.271623 0.434304
vn -0.992267 0.029494 0.120564
vn -0.833927 0.530883 0.150760
vn -0.758366 0.633829 0.152124
vn -0.948217 0.288104 0.133722
vn -0.402923 0.415714 -0.815374
vn -0.305486 0.898296 -0.315821
vn -0.022859 -0.667886 -0.743912
vn -0.172530 0.198076 -0.964883
vn -0.409837 0.910781 0.050115
vn -0.102778 0.970113 0.219811
vn -0.993239 0.092079 0.070698
vn -0.846793 -0.525491 -0.082473
vn -0.827381 0.548292 0.121724
vn -0.521122 0.635895 -0.569271
vn -0.426989 0.894643 -0.131508
vn -0.818282 0.463108 -0.340508
vn -0.143398 0.965092 0.219167
vn -0.949788 0.304084 -0.073732
vn 0.089741 -0.587393 -0.804311
vn 0.091435 0.976627 -0.194525
vn -0.985678 0.089170 -0.143134
vn -0.999982 -0.005634 0.001953
vn -0.586771 0.624485 -0.515479
vn -0.602047 0.456947 -0.654782
vn -0.596467 0.374829 -0.709739
vn -0.842267 0.337597 -0.420255
vn -0.598700 0.697293 -0.394132
vn -0.758384 0.583624 -0.290238
vn -0.448885 0.891851 0.055721
vn -0.686922 0.725226 0.046745
vn -0.360030 0.915609 0.178992
vn -0.624510 0.741282 0.245943
vn -0.191746 0.912855 0.360457
vn -0.497573 0.761857 0.414724
vn -0.320371 0.916960 -0.237796
vn -0.481430 0.100413 0.870714
vn -0.205971 0.575734 0.791269
vn -0.145085 0.985361 0.089517
vn -0.659057 0.746174 0.094175
vn -0.197169 0.970767 0.136877
vn -0.160836 0.983357 0.084506
vn -0.923720 0.286696 -0.254063
vn -0.923720 0.286696 -0.254062
vn -0.032575 -0.865457 -0.499924
vn -0.055739 -0.845761 -0.530642
vn -0.047410 -0.882719 -0.467503
vn -0.372000 0.582100 0.723032
vn -0.927558 0.333127 -0.169303
vn -0.757626 0.645043 -0.099613
vn -0.354878 0.916724 0.183518
vn -0.573323 -0.768655 -0.283672
vn -0.337542 -0.837024 -0.430647
vn -0.283886 0.946938 0.150720
vn -0.946694 0.222838 -0.232624
vn -0.963342 0.070341 -0.258889
vn -0.904639 0.362121 -0.224714
vn -0.975401 0.219534 0.019927
vn -0.987426 0.045538 0.151380
vn -0.966850 -0.030653 0.253499
vn -0.660989 0.008740 0.750344
vn -0.500707 0.778384 0.378697
vn 0.062344 0.757368 -0.650006
vn 0.079561 -0.179509 -0.980534
vn -0.267264 -0.443277 -0.855614
vn -0.050756 0.947603 0.315393
vn -0.697008 -0.577746 -0.424723
vn -0.684121 -0.572780 -0.451554
vn -0.685754 -0.631569 -0.361749
vn -0.217976 0.948600 0.229444
vn -0.895963 0.318553 0.309475
vn -0.976695 0.197295 0.084508
vn -0.911973 0.009957 -0.410129
vn -0.932814 0.127019 -0.337231
vn -0.170534 0.972109 0.161005
vn -0.331916 -0.891980 -0.306925
vn -0.331219 0.940991 0.069506
vn -0.631396 0.543357 0.553266
vn -0.567447 0.516553 0.641230
vn -0.782037 0.084826 0.617432
vn -0.816641 0.252107 0.519172
vn -0.705568 -0.676194 -0.211980
vn -0.960751 0.246308 0.127632
vn -0.972560 0.116802 -0.201208
vn -0.949529 0.090183 -0.300434
vn -0.962544 0.181933 -0.201020
vn -0.997153 0.039600 -0.064162
vn -0.968250 -0.000187 -0.249983
vn -0.974113 -0.202456 -0.100573
vn -0.958801 0.259237 -0.116176
vn -0.969701 0.199525 -0.140962
vn -0.675669 0.736530 0.031522
vn -0.946290 0.323240 -0.007213
vn -0.778817 0.568054 0.266004
vn -0.969202 0.216718 -0.116966
vn -0.555701 0.530987 0.639725
vn -0.901158 0.428022 0.068632
vn -0.802333 0.297896 0.517223
vn -0.995324 0.070780 0.065730
vn -0.990836 -0.124202 -0.053088
vn -0.754159 -0.472930 0.455612
vn -0.980419 0.190815 0.048673
vn -0.978186 0.141640 0.151955
vn -0.885403 0.213844 -0.412714
vn -0.983811 0.168863 0.060002
vn -0.891632 0.421634 0.164976
vn -0.588484 0.799581 0.119817
vn -0.984673 0.145995 0.095414
vn -0.932134 -0.131189 -0.337513
vn -0.915188 -0.277996 -0.291802
vn -0.900330 -0.377587 -0.216412
vn -0.710285 -0.507974 -0.487296
vn -0.843191 -0.300550 0.445756
vn -0.967622 -0.024309 -0.251232
vn -0.901968 0.255574 0.348044
vn -0.377456 0.353167 0.856038
vn -0.383670 0.427437 0.818593
vn -0.488750 0.574969 0.656151
vn -0.766178 0.594700 0.243523
vn -0.467379 0.769555 0.435134
vn -0.537036 0.665610 0.518223
vn 0.022729 0.998770 0.044078
vn -0.126134 0.915441 0.382176
vn -0.777700 0.571149 0.262623
vn -0.263668 0.867803 0.421185
vn -0.210349 0.923295 0.321372
vn -0.997444 0.049206 0.051814
vn -0.730985 0.681650 0.031858
vn -0.971140 0.202220 0.126466
vn -0.993767 0.012519 -0.110769
vn -0.799097 0.114360 -0.590225
vn -0.968637 -0.186034 0.164725
vn -0.896036 -0.408494 0.173934
vn -0.945985 0.040263 -0.321702
vn -0.926898 -0.254779 -0.275585
vn -0.958992 0.221393 -0.176971
vn -0.994105 0.051897 -0.095198
vn -0.893793 0.164222 -0.417331
vn -0.994081 0.098444 0.045949
vn -0.964672 0.033470 0.261319
vn -0.707537 -0.222025 -0.670892
vn -0.959373 -0.242825 0.143665
vn -0.627396 -0.172169 0.759429
vn -0.585825 -0.430464 -0.686665
vn -0.936129 -0.347318 0.055072
vn -0.989704 -0.129067 0.061875
vn -0.595630 -0.245497 0.764824
vn -0.678416 -0.605634 0.415883
vn -0.608971 0.541396 0.579694
vn -0.539082 -0.660875 -0.522145
vn -0.710681 0.237746 -0.662124
vn -0.572922 0.725666 -0.381012
vn -0.968559 -0.235962 0.078840
vn -0.901406 -0.428945 0.058938
vn -0.858808 -0.476908 -0.187106
vn -0.965045 0.030063 0.260356
vn -0.922123 -0.231669 0.309868
vn -0.926702 -0.358660 -0.112193
vn -0.960251 -0.279002 -0.008698
vn -0.715174 -0.554345 0.425708
vn -0.343933 -0.935323 -0.082946
vn -0.417001 -0.749055 -0.514808
vn -0.554960 -0.805974 0.205972
vn -0.624753 -0.724316 -0.291635
vn -0.850578 -0.394944 0.347183
vn -0.459382 -0.671500 -0.581426
vn -0.637557 -0.770098 -0.021673
vn -0.713115 -0.698107 -0.064138
vn 0.001200 -0.900222 -0.435430
vn -0.084145 -0.838425 -0.538482
vn 0.002194 -0.927035 -0.374967
vn -0.660147 -0.716117 -0.226676
vn -0.893050 -0.321055 -0.315254
vn -0.803025 -0.124129 -0.582875
vn -0.642009 -0.336123 -0.689090
vn -0.559085 -0.567598 -0.604364
vn -0.778005 -0.588076 -0.221075
vn -0.999468 -0.006932 -0.031862
vn -0.999474 -0.032195 0.003815
vn -0.999478 -0.014936 0.028631
vn -0.989620 0.142514 -0.018503
vn -0.857052 -0.204866 -0.472750
vn -0.999591 -0.028494 0.002533
vn -0.413263 0.896926 0.157279
vn -0.705982 0.699174 0.112895
vn 0.694341 0.701707 -0.159683
vn -0.007192 0.976185 -0.216821
vn -0.003657 0.918218 -0.396058
vn 0.576040 0.751216 -0.322260
vn -0.999613 -0.020140 0.019174
vn -0.999596 -0.024326 0.014701
vn -0.999637 -0.021525 0.016234
vn -0.999656 -0.019021 0.018037
vn 0.332122 0.936397 -0.113382
vn -0.643955 0.743415 -0.180709
vn -0.863856 -0.496301 0.086243
vn -0.846802 -0.531735 0.013531
vn -0.671362 0.703554 0.232990
vn 0.000009 0.952826 0.303517
vn -0.999745 -0.016475 0.015451
vn -0.922839 0.365108 0.122740
vn -0.999593 -0.027106 0.008864
vn -0.782219 0.618995 -0.070559
vn -0.988563 0.045776 -0.143696
vn -0.341405 0.026143 -0.939553
vn -0.445689 0.305511 -0.841442
vn -0.963070 -0.222062 -0.152268
vn -0.999568 -0.028910 0.005349
vn -0.999701 -0.022097 0.010431
vn -0.965856 0.100146 0.238942
vn -0.449261 -0.893218 0.018061
vn -0.627417 -0.705778 -0.328974
vn -0.384975 -0.894280 0.228161
vn -0.693383 -0.315608 0.647774
vn -0.578191 -0.591486 0.561997
vn -0.710477 0.429500 0.557451
vn -0.391536 0.919706 0.028980
vn -0.232543 0.963107 -0.135459
vn -0.614027 0.606151 -0.505522
vn -0.999765 -0.020828 0.006039
vn -0.999772 -0.020746 0.005062
vn -0.999774 -0.020674 0.005020
vn -0.999758 -0.020895 0.006827
vn -0.999767 -0.019242 0.009737
vn 0.105814 0.243790 -0.964038
vn -0.980859 0.178349 -0.078156
vn -0.981048 0.177872 -0.076860
vn -0.981021 0.177939 -0.077042
vn -0.979667 0.091166 0.178720
vn -0.000000 0.060710 0.998155
vn -0.113268 -0.617730 -0.778190
vn -0.772682 0.357243 -0.524728
vn -0.979860 -0.152489 -0.128927
vn -0.989708 -0.109251 -0.092423
vn -0.989817 -0.066443 -0.125886
vn -0.976200 -0.134937 -0.169778
vn -0.977911 -0.068134 -0.197605
vn -0.985786 -0.039006 -0.163415
vn -0.997341 -0.052387 -0.050665
vn -0.997015 -0.039020 -0.066623
vn -0.966452 -0.247518 -0.068594
vn -0.976125 -0.104881 -0.190210
vn -0.972909 -0.218839 -0.074546
vn -0.958901 -0.252141 -0.130132
vn -0.964715 -0.226823 -0.133701
vn -0.999773 -0.010354 -0.018613
vn -0.993578 -0.108711 -0.031389
vn -0.954671 -0.256245 0.151469
vn -0.925453 -0.372360 -0.069897
vn -0.957083 -0.250423 -0.145877
vn -0.950656 -0.204398 -0.233400
vn -0.990355 -0.135198 -0.030318
vn -0.999092 -0.032794 -0.027214
vn -0.677752 -0.728084 0.102695
vn -0.975611 0.143444 -0.166151
vn -0.250436 0.248606 0.935669
vn 0.000001 0.915329 0.402706
vn 0.000000 0.969078 -0.246753
vn -0.122237 0.779107 0.614858
vn -0.033924 0.935294 0.352243
vn 0.096963 0.105497 0.989681
vn 0.001793 0.108746 0.994068
vn -0.000297 -0.085016 0.996379
vn 0.110814 -0.149075 0.982597
vn -0.000626 -0.326596 0.945164
vn 0.075813 -0.334264 0.939425
vn 0.045633 -0.376385 0.925339
vn -0.000000 -0.376778 0.926304
vn -0.096881 0.111071 0.989079
vn -0.111071 -0.149421 0.982515
vn -0.075462 -0.333333 0.939784
vn -0.045633 -0.376385 0.925339
vn -0.000000 -0.334687 0.942330
vn -0.000000 -0.334687 0.942329
vn 0.064220 0.854813 0.514947
vn 0.125484 0.779144 0.614157
vn 0.000009 0.915334 0.402696
vn 0.250436 0.248606 0.935669
vn 0.343186 0.436332 0.831768
vn 0.034494 0.934856 0.353347
vn -0.000000 0.615395 0.788219
vn -0.387982 0.533355 0.751667
vn 0.097971 0.961514 -0.256694
vn -0.995059 0.090683 -0.040419
vn 0.995027 0.090976 -0.040549
vn -0.983567 0.172463 -0.053398
vn -0.983568 0.172463 -0.053398
vn -0.002788 -0.974541 0.224193
vn 0.983443 0.173111 -0.053599
vn -0.950774 0.290015 -0.109175
vn 0.950774 0.290015 -0.109175
vn 0.957682 0.260123 -0.123210
vn -0.946927 0.290509 -0.137603
vn -0.946926 0.290509 -0.137603
vn 0.996620 0.079057 -0.022326
vn -0.996620 0.079057 -0.022326
vn 0.941950 0.321749 -0.095952
vn 0.941951 0.321749 -0.095952
vn -0.941951 0.321749 -0.095952
vn -0.941950 0.321749 -0.095952
vn 0.000000 0.973427 -0.228997
vn -0.097971 0.961514 -0.256694
vn -0.000000 0.750754 0.660582
vn -0.000000 0.518099 0.855320
vn -0.000000 0.518042 0.855355
vn -0.203939 0.932285 0.298753
vn 0.181835 0.737136 0.650820
vn -0.376539 0.923238 0.076489
vn 0.526373 0.668825 0.524980
vn 0.580862 0.530804 0.617128
vn 0.570456 0.778507 0.261739
vn 0.889839 0.390386 0.236189
vn 0.967801 0.079246 0.238915
vn 0.967802 0.079246 0.238915
vn 0.245155 0.598415 0.762757
vn -0.228659 0.071653 0.970866
vn 0.960703 -0.277579 0.000000
vn 0.593692 -0.804467 0.019045
vn -0.903528 0.351983 0.244429
vn -0.632284 0.748761 0.198932
vn -0.872408 0.460705 0.163263
vn 0.843847 -0.487358 0.224510
vn 0.320073 0.786201 0.528622
vn -0.235913 0.889391 0.391571
vn -0.394712 0.828296 0.397652
vn 0.535310 -0.253998 0.805561
vn -0.376000 0.868791 0.322219
vn 0.598238 0.756059 0.265492
vn 0.262260 0.522438 0.811343
vn -0.032030 0.434130 0.900280
vn 0.197077 0.283075 0.938632
vn 0.030203 0.514750 0.856808
vn 0.056020 0.414406 0.908366
vn -0.010676 0.486456 0.873640
vn 0.017325 0.773044 0.634116
vn 0.285057 0.304298 0.908926
vn 0.285057 0.304298 0.908925
vn 0.939762 -0.040716 0.339397
vn 0.133474 -0.704831 0.696705
vn 0.832674 0.117163 0.541226
vn 0.832674 0.117163 0.541227
vn 0.290067 -0.629809 0.720556
vn 0.048688 -0.736856 0.674294
vn 0.210262 -0.799662 0.562432
vn 0.762995 -0.275767 0.584629
vn 0.788009 -0.343248 0.511099
vn 0.982919 -0.032900 -0.181074
vn -0.000000 0.934863 0.355010
vn 0.203939 0.932285 0.298753
vn -0.181835 0.737136 0.650820
vn -0.181835 0.737136 0.650819
vn 0.376543 0.923236 0.076489
vn -0.526373 0.668825 0.524980
vn -0.580863 0.530803 0.617127
vn -0.570538 0.778445 0.261744
vn -0.889839 0.390386 0.236189
vn -0.967802 0.079246 0.238914
vn -0.225027 0.611934 0.758221
vn 0.386811 0.160423 0.908098
vn -0.960703 -0.277579 -0.000000
vn -0.593692 -0.804467 0.019045
vn 0.903528 0.351983 0.244429
vn 0.632284 0.748761 0.198932
vn 0.872408 0.460705 0.163263
vn -0.844119 -0.486890 0.224501
vn -0.070576 0.841018 0.536384
vn 0.269292 0.879955 0.391358
vn 0.703175 0.709884 0.040120
vn -0.855102 -0.344603 0.387363
vn 0.149656 0.958271 0.243555
vn -0.669490 0.677955 0.303580
vn -0.360864 0.669566 0.649198
vn -0.053853 0.299524 0.952568
vn -0.022189 0.126302 0.991744
vn -0.221209 0.439955 0.870349
vn 0.162082 0.261351 0.951538
vn -0.975357 -0.009335 0.220434
vn -0.922753 -0.181739 0.339848
vn -0.922754 -0.181739 0.339848
vn 0.046191 -0.805172 0.591240
vn -0.437118 -0.594469 0.674932
vn -0.962554 0.262267 0.068596
vn -0.200315 0.342054 0.918081
vn -0.200314 0.342054 0.918081
vn -0.022874 0.438747 0.898319
vn -0.296532 -0.903620 0.309094
vn 0.296532 -0.903620 0.309094
vn 0.000000 -1.000000 -0.000000
vn -0.000000 0.958292 0.285790
vn 0.000000 0.999948 -0.010191
vn 0.187651 -0.982236 0.000000
vn 0.187652 -0.982236 0.000000
vn 0.981562 -0.165821 0.095077
vn 0.172580 -0.984995 0.000000
vn 0.308268 -0.951300 0.000000
vn 0.938693 -0.200252 0.280631
vn 0.399866 -0.913787 0.071420
vn -0.976644 -0.212180 0.033856
vn 0.138269 -0.990395 0.000000
vn -0.475369 -0.879181 -0.032639
vn -0.952903 -0.160331 0.257429
vn -0.840419 -0.358029 -0.406830
vn 0.796035 0.573719 0.192804
vn 0.983741 0.178519 -0.019616
vn 0.818857 0.568535 0.079002
vn 0.793071 0.556269 0.248199
vn 0.994060 -0.097848 0.047654
vn 0.973339 -0.227007 0.032848
vn 0.955357 -0.294828 0.019206
vn 0.965104 -0.256399 -0.053236
vn 0.745996 -0.516021 -0.420967
vn 0.679423 -0.692129 -0.243601
vn 0.564215 -0.752528 -0.339652
vn 0.794856 0.568822 0.211294
vn -0.595924 0.447275 0.666948
vn 0.000308 0.771740 0.635938
vn -0.534708 0.455965 0.711466
vn -0.000000 0.470478 0.882412
vn 0.990658 -0.108061 0.083179
vn -0.000000 0.390472 0.920615
vn -0.927436 -0.301939 0.220673
vn -0.927435 -0.301939 0.220673
vn -0.787798 0.595441 0.157558
vn -0.824067 0.561086 0.078076
vn -0.985305 0.165914 -0.040569
vn -0.817934 0.541482 0.194372
vn -0.993289 -0.107376 0.042980
vn -0.973339 -0.227007 0.032847
vn -0.971013 -0.234621 -0.045670
vn -0.964177 -0.263748 0.028262
vn -0.745988 -0.516020 -0.420981
vn -0.702336 -0.668806 -0.243767
vn -0.599696 -0.729280 -0.329416
vn -0.778119 0.612444 0.139441
vn 0.564274 0.475849 0.674657
vn 0.083261 0.748129 0.658308
vn 0.419401 0.458903 0.783270
vn 0.419401 0.458902 0.783269
vn 0.419401 0.458903 0.783269
vn 0.995027 0.099434 -0.005768
vn -0.050408 -0.820129 0.569955
vn -0.731193 -0.511300 0.451584
vn 0.000000 -0.388840 -0.921306
vn 0.000000 -0.388839 -0.921306
vn 0.000000 -0.388839 -0.921305
vn -0.000000 0.992354 0.123426
vn 0.071384 -0.373652 0.924818
vn 0.070356 -0.401556 0.913128
vn 0.088343 -0.272624 0.958056
vn 0.071680 -0.513698 -0.854972
vn 0.053501 -0.997608 -0.043760
vn 0.683376 -0.159963 0.712326
vn 0.579979 0.062628 0.812220
vn 0.579980 0.062628 0.812220
vn -0.683377 -0.159963 0.712326
vn -0.579980 0.062628 0.812220
vn -0.000000 0.031953 0.999489
vn -0.434203 -0.005521 0.900798
vn 0.434203 -0.005521 0.900798
vn -0.000000 0.989559 0.144128
vn 0.362799 0.529486 -0.766825
vn -0.397612 0.916429 0.045413
vn -0.319774 0.630698 -0.707082
vn -0.362447 0.530007 -0.766632
vn 0.370061 0.929005 0.001859
vn 0.297706 0.646740 -0.702209
vn 0.103801 -0.761661 0.639608
vn 0.000537 -0.767963 0.640494
vn -0.101553 -0.766114 0.634631
vn -0.004425 -0.677088 0.735889
vn 0.020701 -0.921761 -0.387205
vn -0.023897 -0.876285 -0.481201
vn 0.020274 -0.937797 -0.346592
vn 0.004730 -0.922462 -0.386059
vn -0.020701 -0.921761 -0.387205
vn 0.023897 -0.876285 -0.481201
vn -0.020274 -0.937797 -0.346592
vn -0.004730 -0.922462 -0.386059
vn 0.014321 -0.401660 -0.915677
vn 0.014321 -0.401661 -0.915677
vn -0.034144 -0.999112 -0.024696
vn 0.021072 0.037786 -0.999064
vn -0.024936 -0.956082 0.292035
vn -0.423860 -0.890091 0.167575
vn -0.423860 -0.890090 0.167575
vn -0.012665 -0.401631 -0.915714
vn 0.030198 -0.999241 -0.024621
vn -0.018601 0.037857 -0.999110
vn 0.022047 -0.956147 0.292057
vn 0.382440 -0.908032 0.170930
vn 0.999094 0.040055 -0.014363
vn -0.999095 0.040048 -0.014350
vn -0.999392 0.031826 -0.014218
vn 0.999392 0.031826 -0.014218
vn 0.998857 0.039538 0.026873
vn -0.998864 0.039468 0.026712
vn -0.000000 -0.999345 0.036199
vn -0.218824 -0.654116 -0.724050
vn 0.224034 -0.653270 -0.723220
vn -0.975058 0.052439 -0.215667
vn 0.216357 0.958528 0.185508
vn 0.000002 0.974185 0.225750
vn 0.000001 0.938020 0.346581
vn 0.374699 0.892280 0.251866
vn 0.463592 0.781417 0.417696
vn 0.000001 0.849769 0.527155
vn 0.000001 0.813686 0.581305
vn 0.504148 0.710625 0.490762
vn 0.926181 0.309463 0.215456
vn 0.993555 0.078448 0.081820
vn 0.962580 0.247063 0.111355
vn 0.875980 0.441589 0.194056
vn 0.830253 0.542439 0.128220
vn 0.716756 0.684971 0.130675
vn 0.585046 0.807993 0.069772
vn -0.216355 0.958529 0.185509
vn -0.374697 0.892280 0.251870
vn -0.463576 0.781422 0.417704
vn -0.504141 0.710631 0.490760
vn -0.926176 0.309476 0.215460
vn -0.875977 0.441596 0.194055
vn -0.962583 0.247058 0.111339
vn -0.993555 0.078448 0.081820
vn -0.716763 0.684965 0.130670
vn -0.830268 0.542423 0.128188
vn -0.585051 0.807990 0.069768
vn 0.995530 0.093885 0.010242
vn 0.977640 0.198198 0.070259
vn 0.944141 0.329473 -0.006709
vn 0.995095 0.055249 -0.082059
vn 0.971285 0.237542 -0.013406
vn 0.997708 0.067496 -0.004839
vn 0.258980 0.964554 -0.050646
vn 0.648372 0.760261 -0.040227
vn 0.635793 0.769757 -0.056934
vn 0.262125 0.962087 -0.075362
vn 0.264391 0.959941 -0.092790
vn 0.264326 0.959962 -0.092767
vn 0.264306 0.959968 -0.092760
vn 0.866534 0.497320 -0.042320
vn 0.875169 0.481991 -0.041989
vn 0.884122 0.465398 -0.041620
vn 0.994198 0.072310 0.079630
vn 0.993365 -0.089042 -0.072784
vn 0.996351 0.066658 0.053313
vn 1.000000 0.000000 0.000000
vn 0.998464 -0.033697 -0.043969
vn 0.997248 0.073912 -0.005810
vn 0.000000 -0.173052 -0.984913
vn 0.995893 0.090352 -0.005746
vn -0.000000 0.906113 0.423035
vn -0.000000 0.774247 0.632884
vn 0.000000 -0.799751 -0.600332
vn -0.000000 0.609915 0.792467
vn 0.000000 -0.032806 -0.999462
vn -0.000000 -0.824639 0.565659
vn 0.000000 0.870641 -0.491919
vn 0.000000 -0.672263 -0.740312
vn 0.999992 -0.003988 0.000671
vn 0.999987 -0.004167 -0.003122
vn 0.999986 -0.004167 -0.003122
vn -0.000000 -0.779886 0.625921
vn -0.000000 -0.076211 0.997092
vn 0.000000 0.830300 -0.557316
vn -0.000000 0.690689 0.723152
vn -0.000000 -0.745288 0.666742
vn -0.000000 -0.967970 0.251066
vn 0.000000 0.135850 -0.990729
vn 0.000010 -0.741855 0.670561
vn -0.000000 -0.960374 0.278714
vn 0.000000 0.846815 -0.531888
vn 0.000000 0.967737 -0.251962
vn -0.000000 -0.855365 0.518025
vn 0.000000 0.878525 -0.477696
vn -0.000000 -0.986867 0.161533
vn 0.000000 0.060513 -0.998167
vn 0.000000 -0.753376 -0.657589
vn -0.000000 0.409493 0.912313
vn -0.005935 -0.999812 0.018443
vn -0.000000 0.996364 0.085201
vn 0.000000 0.850076 -0.526660
vn 0.000000 -0.997760 -0.066891
vn 0.000000 1.000000 -0.000000
vn -0.000000 0.724631 0.689137
vn -0.000000 -0.775910 0.630844
vn -0.000000 0.349998 0.936750
vn -0.000000 -0.168257 0.985743
vn 0.000000 0.998282 -0.058597
vn -0.000000 -0.639699 0.768625
vn -1.000000 0.000000 -0.000000
vn -0.000000 -0.741858 0.670557
vn 0.000000 0.967737 -0.251961
vn -0.000000 -0.999873 0.015932
vn -0.000000 0.955301 0.295634
vn 0.000000 -0.621855 -0.783133
vn -0.000000 0.946891 0.321554
vn 0.000000 -0.989258 -0.146183
vn 0.000000 0.961996 -0.273063
vn 0.000000 -0.516394 -0.856351
vn 0.000000 0.115084 -0.993356
vn 0.000000 0.820887 -0.571091
vn 0.000000 -0.669648 -0.742679
vn -0.000000 -0.992346 0.123487
vn 0.000000 0.142317 -0.989821
vn -0.000000 -0.663895 0.747826
vn -0.000000 -0.125360 0.992111
vn 0.000000 0.706337 -0.707876
vn 0.000000 0.983684 -0.179905
vn -0.000000 0.698534 0.715577
vn 0.999964 -0.000928 0.008452
vn 0.999940 -0.001376 0.010888
vn 0.724963 -0.687181 -0.047025
vn 0.899046 -0.429943 -0.082853
vn 0.893448 -0.448742 0.019543
vn 0.702714 -0.710476 -0.037634
vn 0.883500 0.462157 -0.076413
vn 0.876791 0.466583 0.116357
vn 0.434564 0.899792 -0.039106
vn 0.408982 0.904485 0.120999
vn 0.739631 -0.672209 -0.032883
vn 0.865735 -0.491625 -0.093847
vn 0.866130 -0.494674 0.071525
vn 0.689920 -0.723880 -0.002855
vn 0.942212 0.282462 -0.180144
vn 0.918171 0.335924 0.210040
vn 0.492751 0.862644 -0.114202
vn 0.448700 0.870886 0.200564
vn 0.000000 -0.999931 -0.011718
vn 0.000000 -0.999932 -0.011705
vn 0.000000 -0.999932 -0.011706
vn 0.000000 0.790529 -0.612424
vn 0.000000 0.849824 -0.527067
vn -0.000000 0.998093 0.061728
vn -0.000000 0.998065 0.062181
vn 0.599034 -0.788260 0.140727
vn 0.592487 -0.801333 0.082610
vn 0.531361 -0.846407 -0.035372
vn 0.546039 -0.837324 -0.027026
vn 0.613643 -0.765547 -0.193341
vn 0.582435 -0.804958 -0.113190
vn 0.732728 -0.475170 -0.487158
vn 0.759312 -0.233347 -0.607450
vn 0.721298 -0.392716 0.570530
vn 0.688884 -0.580376 0.434283
vn 0.707425 0.384622 -0.592972
vn 0.690081 0.454646 -0.563104
vn 0.660518 0.339828 0.669502
vn 0.660371 0.340330 0.669392
vn 0.536576 0.825405 -0.175480
vn 0.543644 0.809238 -0.222678
vn 0.447584 0.894224 0.005630
vn 0.444020 0.895986 0.007521
vn 0.417172 0.838562 0.350402
vn 0.405298 0.865578 0.294124
vn 0.512122 -0.858624 -0.022282
vn 0.512328 -0.858513 -0.021802
vn 0.380188 0.918949 0.104835
vn 0.380072 0.918787 0.106656
vn 0.000000 -0.999932 -0.011692
vn 0.000001 -0.126500 -0.991967
vn 0.017507 0.054346 -0.998369
vn 0.052296 -0.478641 -0.876452
vn 0.000001 -0.857237 -0.514922
vn 0.000000 0.344043 -0.938954
vn 0.000000 0.332777 -0.943006
vn -0.000000 0.992296 0.123892
vn -0.000000 0.992181 0.124811
vn -0.000000 0.208917 0.977933
vn -0.000000 0.150435 0.988620
vn -0.000000 0.716783 0.697297
vn -0.000000 0.787444 0.616386
vn -0.000000 0.000000 1.000000
vn 0.000000 -0.309138 0.951017
vn 0.036071 -0.559604 0.827975
vn 0.000000 -0.559968 0.828515
vn -0.724954 -0.687190 -0.047025
vn -0.702703 -0.710487 -0.037630
vn -0.893458 -0.448722 0.019543
vn -0.899057 -0.429922 -0.082850
vn -0.876783 0.466599 0.116351
vn -0.883489 0.462178 -0.076409
vn -0.409005 0.904475 0.120994
vn -0.434576 0.899786 -0.039107
vn -0.739621 -0.672219 -0.032891
vn -0.865738 -0.491620 -0.093850
vn -0.689903 -0.723896 -0.002858
vn -0.866132 -0.494671 0.071520
vn -0.942207 0.282484 -0.180138
vn -0.918171 0.335932 0.210026
vn -0.492751 0.862644 -0.114202
vn -0.448721 0.870877 0.200556
vn 0.000000 -0.999931 -0.011706
vn 0.000000 0.790533 -0.612420
vn -0.599073 -0.788231 0.140725
vn -0.546096 -0.837287 -0.027026
vn -0.531399 -0.846383 -0.035372
vn -0.592548 -0.801288 0.082614
vn -0.613658 -0.765548 -0.193287
vn -0.759300 -0.233310 -0.607478
vn -0.732751 -0.475159 -0.487134
vn -0.582445 -0.804955 -0.113162
vn -0.721236 -0.392692 0.570625
vn -0.688854 -0.580377 0.434331
vn -0.690051 0.454647 -0.563140
vn -0.707378 0.384669 -0.592997
vn -0.660424 0.339797 0.669611
vn -0.660265 0.340341 0.669491
vn -0.543662 0.809225 -0.222681
vn -0.536602 0.825384 -0.175498
vn -0.444025 0.895983 0.007518
vn -0.447591 0.894220 0.005626
vn -0.417119 0.838564 0.350459
vn -0.405241 0.865593 0.294157
vn -0.512328 -0.858513 -0.021802
vn -0.512122 -0.858624 -0.022283
vn -0.380023 0.918807 0.106661
vn -0.380140 0.918968 0.104841
vn -0.035757 -0.795603 -0.604762
vn -0.017507 0.054340 -0.998369
vn -0.010949 -0.169866 0.985406
vn -0.036071 -0.559603 0.827976
vn -0.000015 0.991444 -0.130534
vn -0.000015 0.866031 -0.499990
vn -0.000015 0.991449 -0.130496
vn 0.000000 0.500006 -0.866022
vn 0.000000 0.000000 -1.000000
vn -0.000043 -0.500009 -0.866020
vn -0.000043 -0.500012 -0.866019
vn -0.000077 -0.839326 -0.543628
vn -0.000077 -0.839310 -0.543654
vn -0.000049 -0.997273 -0.073804
vn -0.000049 -0.997267 -0.073888
vn -0.000025 -0.976693 0.214642
vn 1.000000 -0.000198 0.000029
vn 1.000000 -0.000172 0.000099
vn 1.000000 -0.000198 0.000024
vn 1.000000 -0.000075 0.000125
vn 1.000000 -0.000003 0.000053
vn 1.000000 -0.000044 -0.000028
vn 1.000000 -0.000139 -0.000065
vn 1.000000 -0.000142 -0.000066
vn 1.000000 -0.000196 -0.000018
vn 1.000000 -0.000197 -0.000012
vn 1.000000 -0.000200 0.000044
vn 1.000000 -0.000198 0.000000
vn 0.000000 0.976801 -0.214150
vn 0.000109 0.930080 0.367356
vn 0.000098 0.836047 0.548657
vn 0.000098 0.836029 0.548685
vn 0.000043 0.500008 0.866021
vn -0.000000 0.000004 1.000000
vn -0.000000 -0.499997 0.866027
vn -0.000000 -0.500001 0.866025
vn -0.000000 -0.707107 0.707107
vn -0.000000 -0.965925 0.258822
vn -0.000000 0.500023 0.866012
vn -0.000000 0.505581 0.862779
vn -0.000000 -0.294245 0.955730
vn 0.000000 -0.240740 -0.970590
vn 0.000000 0.274894 -0.961475
vn 0.000000 0.879128 -0.476585
vn 0.000000 -1.000000 -0.000871
vn 0.000000 -0.960744 -0.277437
vn -0.000000 -0.294244 0.955730
vn -0.000000 0.760718 0.649083
vn -0.000000 -0.910727 0.413009
vn -0.000000 0.909581 0.415527
vn 0.000000 0.941508 -0.336990
vn 0.000000 0.586804 -0.809729
vn 0.000000 0.270347 -0.962763
vn 0.000000 0.072641 -0.997358
vn 0.000000 -0.556107 -0.831111
vn 0.396131 -0.361157 -0.844184
vn 0.929365 -0.145192 -0.339411
vn 0.929377 -0.145249 -0.339354
vn 0.396133 -0.361329 -0.844109
vn 0.929343 0.145341 0.339407
vn 0.929375 0.145262 0.339353
vn 0.396148 0.361366 0.844086
vn 0.396140 0.361344 0.844099
vn -0.261123 0.379919 0.887399
vn -0.261672 0.379830 0.887275
vn 0.293026 -0.919647 0.261504
vn 0.693423 -0.720529 -0.001306
vn 0.285439 -0.886866 -0.363307
vn 0.335414 -0.791412 -0.511042
vn 0.293122 -0.827097 0.479572
vn 0.295376 -0.829065 0.474768
vn 0.335648 -0.179572 0.924713
vn 0.124388 -0.768129 0.628097
vn 0.450848 -0.078462 -0.889145
vn -0.450848 -0.078462 -0.889146
vn -0.285428 -0.886872 -0.363304
vn 0.942130 -0.066026 -0.328682
vn 0.953879 0.216149 0.208312
vn 0.931814 0.139874 0.334900
vn 0.449490 0.722740 0.524982
vn 0.404166 0.354886 0.843034
vn -0.000000 0.920603 -0.390500
vn 0.308453 0.297711 -0.903452
vn 0.308183 0.857777 0.411390
vn 0.985496 -0.043149 -0.164124
vn 0.582248 -0.322556 -0.746287
vn 0.304390 0.214884 -0.927993
vn 0.860768 -0.056878 -0.505810
vn 0.882551 0.184856 0.432357
vn 0.909749 0.333462 0.247305
vn 0.405822 0.698143 0.589835
vn 0.309603 0.363421 0.878676
vn -0.261149 -0.379880 -0.887408
vn -0.261648 -0.379599 -0.887381
vn -0.308423 0.297714 -0.903461
vn -0.308152 0.857786 0.411394
vn -0.405822 0.698143 0.589835
vn -0.309603 0.363421 0.878676
vn -0.449490 0.722740 0.524982
vn 0.021718 0.889137 0.457125
vn 0.435090 0.868417 0.237799
vn 0.939730 0.323896 0.109540
vn 0.939727 0.323903 0.109542
vn 0.385832 0.879979 -0.277074
vn 0.943919 -0.322834 -0.069250
vn 0.965240 -0.257269 -0.046095
vn 0.858526 -0.497746 -0.123217
vn 0.595740 -0.184074 -0.781800
vn 0.000000 -0.802620 -0.596491
vn 0.939179 0.327008 0.104924
vn 0.940026 0.324213 0.106002
vn 0.927405 0.359350 0.103865
vn 0.961031 -0.272704 -0.045296
vn 0.960259 -0.275298 -0.045972
vn 0.466207 -0.860281 -0.206320
vn 0.471349 -0.857664 -0.205531
vn -0.466207 -0.860281 -0.206320
vn -0.471349 -0.857664 -0.205531
vn -0.000000 0.997951 0.063976
vn -0.595740 -0.184073 -0.781800
vn -0.385770 0.880008 -0.277070
vn 0.025774 0.251930 -0.967402
vn 0.000000 0.251141 -0.967951
vn 0.025858 0.251906 -0.967406
vn 0.000000 0.765339 -0.643628
vn 0.940667 0.183235 0.285604
vn 0.052241 0.873272 0.484424
vn 0.980321 -0.016627 0.196707
vn 0.050159 0.888113 0.456881
vn 0.645646 0.492025 -0.583997
vn 0.943122 -0.300328 -0.142560
vn 0.420446 0.064518 -0.905021
vn 0.485093 0.473410 -0.735233
vn 0.375493 -0.230698 -0.897654
vn 0.375493 -0.230698 -0.897655
vn -0.000000 -0.722387 -0.691489
vn 0.521838 -0.616228 -0.589871
vn 0.430204 -0.741211 -0.515297
vn 0.623984 -0.761131 -0.176985
vn -0.000000 0.330437 -0.943828
vn 0.979908 0.055311 -0.191624
vn 0.698381 0.712933 -0.063176
vn 0.782558 0.622319 0.017946
vn -0.100364 0.991681 -0.080593
vn 0.788736 0.591971 0.165729
vn 0.269408 0.931466 0.244519
vn -0.106921 0.965462 0.237595
vn 0.788485 0.590877 0.170749
vn 0.969102 0.180264 -0.168365
vn -0.000000 -0.359865 0.933004
vn -0.000000 -0.359865 0.933005
vn 0.002508 0.537951 0.842972
vn -0.000000 0.088368 0.996088
vn -0.000000 -0.923661 0.383211
vn 0.000000 -0.816657 -0.577124
vn 0.000000 -0.999615 -0.027733
vn -0.335405 -0.791414 -0.511046
vn -0.789178 -0.608523 -0.083050
vn -0.693392 -0.720560 -0.001300
vn -0.293067 -0.827122 0.479563
vn -0.295311 -0.829083 0.474777
vn -0.335616 -0.179578 0.924723
vn -0.124370 -0.768134 0.628094
vn -0.942130 -0.066026 -0.328683
vn -0.953879 0.216149 0.208312
vn -0.931814 0.139874 0.334900
vn -0.404166 0.354886 0.843034
vn 0.000000 0.920603 -0.390500
vn -0.985496 -0.043149 -0.164124
vn -0.860768 -0.056878 -0.505810
vn -0.304389 0.214884 -0.927994
vn -0.582248 -0.322557 -0.746287
vn -0.882551 0.184856 0.432357
vn -0.909749 0.333462 0.247305
vn -0.021719 0.889137 0.457125
vn -0.435019 0.868457 0.237783
vn -0.939733 0.323904 0.109489
vn -0.939741 0.323883 0.109484
vn -0.965215 -0.257353 -0.046148
vn -0.943896 -0.322892 -0.069287
vn -0.858526 -0.497746 -0.123217
vn -0.939169 0.327047 0.104887
vn -0.927359 0.359469 0.103860
vn -0.940050 0.324159 0.105952
vn -0.960233 -0.275382 -0.046022
vn -0.961004 -0.272791 -0.045347
vn -0.025774 0.251930 -0.967402
vn -0.025858 0.251906 -0.967406
vn -0.940630 0.183309 0.285679
vn -0.052241 0.873272 0.484424
vn -0.980358 -0.016970 0.196493
vn -0.050159 0.888113 0.456881
vn -0.645646 0.492025 -0.583997
vn -0.943122 -0.300328 -0.142561
vn -0.420446 0.064518 -0.905021
vn -0.485093 0.473410 -0.735233
vn -0.375493 -0.230698 -0.897655
vn -0.375492 -0.230698 -0.897655
vn -0.521838 -0.616228 -0.589871
vn -0.521838 -0.616228 -0.589872
vn -0.430204 -0.741211 -0.515297
vn -0.623985 -0.761130 -0.176985
vn -0.979909 0.055311 -0.191625
vn -0.698419 0.712896 -0.063163
vn -0.782358 0.622571 0.017911
vn 0.100364 0.991681 -0.080593
vn -0.788544 0.592211 0.165785
vn -0.269409 0.931466 0.244519
vn 0.106921 0.965462 0.237595
vn -0.788485 0.590877 0.170749
vn -0.969102 0.180264 -0.168365
vn 0.929148 -0.145346 -0.339939
vn 0.929639 -0.144999 -0.338744
vn 0.929689 0.145042 0.338588
vn 0.929117 0.145514 0.339951
vn -0.929133 -0.145361 -0.339973
vn -0.929593 -0.144906 -0.338909
vn -0.929098 -0.145534 -0.339994
vn -0.929674 0.145056 0.338622
vn -0.929046 0.145679 0.340075
vn -0.929103 0.145529 0.339985
vn -0.929627 0.145009 0.338770
vn 0.873039 -0.191793 -0.448350
vn 0.727492 -0.269979 -0.630767
vn 0.261146 0.379917 0.887393
vn -0.396112 0.361372 0.844100
vn -0.396104 0.361350 0.844114
vn 0.261696 0.379827 0.887269
vn 0.569985 -0.814112 -0.111081
vn 0.693413 -0.720539 -0.001316
vn 0.285428 -0.886868 -0.363313
vn 0.942121 -0.065981 -0.328717
vn 0.450773 -0.078324 -0.889196
vn 0.953869 0.216174 0.208333
vn 0.931803 0.139880 0.334928
vn 0.449434 0.722760 0.525002
vn 0.404145 0.354884 0.843044
vn 0.719832 0.470252 -0.510593
vn 0.308454 0.297711 -0.903452
vn 0.582249 -0.322557 -0.746287
vn 0.304407 0.214881 -0.927988
vn 0.860753 -0.056779 -0.505846
vn 0.882511 0.184885 0.432427
vn 0.909724 0.333503 0.247342
vn 0.309582 0.363424 0.878682
vn 0.405780 0.698154 0.589850
vn -0.450778 -0.078430 -0.889184
vn -0.285404 -0.886864 -0.363341
vn -0.396139 -0.361349 -0.844098
vn -0.396099 -0.361183 -0.844188
vn 0.000000 0.920601 -0.390505
vn -0.405781 0.698154 0.589850
vn -0.309582 0.363424 0.878682
vn -0.449423 0.722763 0.525006
vn 0.021715 0.889137 0.457125
vn 0.435089 0.868418 0.237799
vn 0.858526 -0.497746 -0.123216
vn 0.595740 -0.184073 -0.781799
vn 0.000000 -0.802620 -0.596490
vn 0.940027 0.324213 0.106002
vn 0.961008 -0.272786 -0.045295
vn 0.960236 -0.275379 -0.045971
vn 0.466110 -0.860335 -0.206312
vn 0.471299 -0.857695 -0.205515
vn -0.385805 0.879983 -0.277101
vn 0.943073 -0.300480 -0.142566
vn 0.000000 0.330437 -0.943828
vn 0.782557 0.622320 0.017946
vn 0.788735 0.591972 0.165730
vn -0.929347 -0.145230 -0.339443
vn -0.929356 -0.145290 -0.339394
vn -0.929329 0.145356 0.339441
vn -0.929361 0.145277 0.339386
vn -0.118817 -0.986345 0.114045
vn -0.789187 -0.608509 -0.083065
vn -0.693393 -0.720558 -0.001332
vn -0.293112 -0.827096 0.479580
vn -0.295364 -0.829061 0.474782
vn -0.335617 -0.179571 0.924725
vn -0.124372 -0.768123 0.628108
vn -0.942114 -0.066019 -0.328730
vn -0.953865 0.216182 0.208343
vn -0.931793 0.139896 0.334951
vn -0.404112 0.354895 0.843056
vn -0.985484 -0.043193 -0.164183
vn -0.860739 -0.056866 -0.505859
vn -0.304365 0.214883 -0.928002
vn -0.582218 -0.322577 -0.746302
vn -0.882518 0.184876 0.432416
vn -0.909732 0.333493 0.247326
vn -0.021721 0.889136 0.457126
vn -0.021721 0.889137 0.457126
vn -0.435115 0.868418 0.237750
vn -0.939760 0.323839 0.109450
vn -0.939768 0.323817 0.109444
vn -0.858525 -0.497747 -0.123217
vn -0.939202 0.326983 0.104795
vn -0.927379 0.359432 0.103816
vn -0.940051 0.324159 0.105952
vn -0.940626 0.183274 0.285717
vn -0.052277 0.873271 0.484423
vn -0.980358 -0.016969 0.196494
vn -0.623984 -0.761131 -0.176985
vn -0.979908 0.055311 -0.191625
vn -0.782560 0.622315 0.017973
vn 0.100321 0.991686 -0.080594
vn -0.788740 0.592033 0.165489
vn -0.269408 0.931466 0.244519
vn 0.106875 0.965458 0.237630
vn -0.788486 0.590877 0.170749
vn 0.929061 0.145664 0.340041
vn 0.929642 0.144994 0.338736
vn -0.396427 -0.361270 -0.843996
vn -0.395862 -0.361021 -0.844368
vn -0.929674 0.145057 0.338622
vn 0.707123 0.277305 0.650446
vn 0.000025 0.392193 0.919883
vn 0.000025 0.392147 0.919902
vn 0.707127 0.277282 0.650450
vn 0.990667 0.053451 0.125384
vn 0.990541 0.053819 0.126226
vn -0.000162 -0.921652 0.388018
vn 0.548712 0.794579 0.259923
vn 0.776430 0.580501 -0.245306
vn 0.549250 0.366369 -0.751065
vn 0.000019 0.883175 0.469044
vn 0.706583 0.277483 0.650956
vn 0.999999 0.000423 0.000998
vn 0.604097 -0.312510 -0.733078
vn 0.707639 -0.277077 -0.649981
vn 0.603346 -0.312732 -0.733602
vn 0.000025 -0.392141 -0.919905
vn 0.000025 -0.392152 -0.919900
vn 0.707037 -0.286657 -0.646472
vn 0.707070 -0.286717 -0.646410
vn 0.990868 -0.054658 -0.123262
vn 0.990322 -0.056259 -0.126873
vn 0.000000 -0.405350 -0.914162
vn 0.000000 -0.405487 -0.914101
vn 0.547852 0.796736 0.255088
vn 0.776368 0.579514 -0.247823
vn 0.550066 0.361290 -0.752925
vn 0.547858 -0.796709 -0.255159
vn 0.776372 -0.579493 0.247859
vn 0.550058 -0.361366 0.752895
vn -0.000000 0.886473 0.462781
vn -0.000000 0.405482 0.914103
vn 0.602018 0.323763 0.729898
vn 0.923848 0.155157 0.349901
vn 0.000000 -0.886408 -0.462906
vn 0.386436 0.361664 0.848450
vn -0.381170 -0.362461 -0.850489
vn -0.056178 0.928599 -0.366808
vn 0.056179 -0.928599 0.366808
vn -0.410512 0.369575 0.833603
vn 0.413779 -0.368979 -0.832251
vn -0.078100 -0.929272 0.361045
vn 0.078103 0.929272 -0.361046
vn 0.386449 0.361786 0.848392
vn 0.386448 0.361786 0.848392
vn -0.381185 -0.362590 -0.850427
vn -0.410434 0.369794 0.833544
vn 0.413730 -0.369065 -0.832237
vn 0.923877 -0.150075 -0.352035
vn 0.284411 -0.369422 -0.884668
vn 0.923877 0.155147 0.349828
vn -0.235628 0.391339 0.889569
vn 0.923878 0.155147 0.349828
vn -0.974733 0.088997 0.204877
vn 0.000025 -0.392170 -0.919893
vn 0.000094 -0.921651 0.388020
vn -0.000000 -0.921651 0.388020
vn 0.000019 0.277510 -0.960723
vn 0.000025 0.392130 0.919910
vn 0.382588 0.374511 0.844611
vn -0.000000 0.405351 0.914161
vn 0.000000 0.270745 -0.962651
vn -0.000000 -0.270879 0.962613
vn -0.707106 0.277311 0.650461
vn -0.707110 0.277289 0.650466
vn -0.990541 0.053819 0.126226
vn -0.990667 0.053451 0.125384
vn 0.000162 -0.921652 0.388018
vn -0.548701 0.794581 0.259939
vn -0.549238 0.366359 -0.751078
vn -0.776429 0.580501 -0.245307
vn -0.999999 0.000423 0.000997
vn -0.706566 0.277490 0.650972
vn -0.923883 -0.150033 -0.352037
vn -0.603319 -0.312740 -0.733621
vn -0.707621 -0.277084 -0.649998
vn -0.707036 -0.286657 -0.646473
vn -0.990322 -0.056259 -0.126873
vn -0.990868 -0.054658 -0.123263
vn -0.707070 -0.286717 -0.646410
vn -0.547852 0.796736 0.255088
vn -0.550066 0.361290 -0.752926
vn -0.776368 0.579514 -0.247823
vn -0.547858 -0.796709 -0.255159
vn -0.550058 -0.361366 0.752895
vn -0.776372 -0.579493 0.247859
vn -0.602018 0.323763 0.729898
vn -0.605271 0.322669 0.727689
vn -0.386467 0.361659 0.848438
vn 0.381200 -0.362456 -0.850477
vn 0.056183 0.928599 -0.366806
vn -0.056183 -0.928599 0.366806
vn 0.410512 0.369575 0.833603
vn -0.413778 -0.368979 -0.832251
vn 0.078100 -0.929272 0.361045
vn -0.078102 0.929272 -0.361046
vn -0.386480 0.361781 0.848380
vn 0.381216 -0.362585 -0.850416
vn 0.381215 -0.362585 -0.850416
vn 0.410433 0.369794 0.833544
vn 0.410433 0.369794 0.833545
vn -0.413730 -0.369065 -0.832237
vn -0.923877 -0.150075 -0.352035
vn -0.284411 -0.369422 -0.884668
vn -0.923878 0.155147 0.349828
vn 0.235628 0.391339 0.889569
vn 0.974733 0.088997 0.204878
vn -0.382615 -0.362329 -0.849896
vn -0.000094 -0.921651 0.388020
vn -0.031783 0.889926 -0.454995
vn -0.009614 -0.898967 0.437912
vn 0.155872 0.388039 0.908367
vn 0.155872 0.388039 0.908366
vn -0.050917 -0.905767 0.420705
vn 0.034743 0.910879 -0.411207
vn -0.727414 -0.270072 -0.630817
vn -0.727414 -0.270072 -0.630818
vn 0.018797 -0.914790 0.403492
vn 0.206512 -0.390275 -0.897239
vn -0.077238 0.902172 -0.424405
vn -0.129122 0.389552 0.911908
vn 0.041812 -0.908704 0.415341
vn -0.014659 -0.915544 0.401950
vn -0.159445 -0.393770 -0.905275
vn -0.028523 0.912764 -0.407491
vn 0.060336 0.906202 -0.418519
vn 0.025359 0.889806 -0.455634
vn 0.007670 -0.899065 0.437749
vn -0.002509 0.537951 0.842972
vn -0.000000 0.535896 0.844284
vn 0.999977 0.001977 0.006417
vn 0.945545 0.041263 0.322866
vn 0.997802 0.018903 0.063514
vn 0.668521 0.407947 0.621819
vn 0.639502 0.224032 0.735423
vn 0.522826 0.562563 0.640450
vn 0.719454 0.248349 0.648621
vn 0.974465 0.056120 -0.217415
vn 0.653379 0.756516 0.027911
vn 0.779848 0.612696 -0.128220
vn 0.850611 0.502079 -0.156133
vn 0.866420 0.428843 -0.255752
vn 0.794339 0.462484 -0.393871
vn 0.952400 0.069477 0.296829
vn 0.955877 0.168964 0.240313
vn 0.918424 0.129424 0.373828
vn 0.329114 0.751197 -0.572178
vn 0.364180 0.800595 -0.475836
vn 0.356924 0.909033 0.215093
vn 0.340423 0.867614 0.362433
vn 0.733819 0.610541 0.297910
vn 0.828339 0.539412 0.151295
vn 0.313476 0.905170 -0.287054
vn 0.307125 0.949352 -0.066374
vn 0.000003 0.809051 -0.587739
vn 0.000003 0.866118 -0.499839
vn 0.000001 0.975669 0.219247
vn 0.000002 0.931647 0.363365
vn 0.000001 0.952716 -0.303863
vn 0.000000 0.997642 -0.068632
vn 0.957664 0.067043 0.279975
vn 0.959689 0.058607 0.274884
vn 0.960831 0.115049 0.252125
vn 0.869041 0.456651 -0.190364
vn 0.922595 0.158078 0.351895
vn 0.935483 0.289840 0.202148
vn 0.824634 0.241542 0.511504
vn 0.293158 0.308344 0.904976
vn 0.159730 -0.064136 0.985075
vn 0.877024 0.015121 -0.480209
vn -0.999976 0.001985 0.006694
vn -0.997802 0.018837 0.063538
vn -0.945534 0.041232 0.322903
vn -0.668525 0.407923 0.621831
vn -0.522867 0.562524 0.640451
vn -0.639512 0.224028 0.735415
vn -0.719469 0.248316 0.648616
vn -0.974463 0.056122 -0.217423
vn -0.779841 0.612705 -0.128224
vn -0.653363 0.756530 0.027904
vn -0.850613 0.502077 -0.156130
vn -0.866428 0.428834 -0.255742
vn -0.794357 0.462465 -0.393856
vn -0.952406 0.069484 0.296809
vn -0.918444 0.129414 0.373782
vn -0.955878 0.168969 0.240307
vn -0.329120 0.751195 -0.572176
vn -0.364192 0.800593 -0.475830
vn -0.356925 0.909033 0.215090
vn -0.828326 0.539429 0.151299
vn -0.733823 0.610540 0.297901
vn -0.340429 0.867615 0.362427
vn -0.313476 0.905171 -0.287051
vn -0.307125 0.949352 -0.066374
vn -0.957666 0.067005 0.279977
vn -0.960831 0.115049 0.252124
vn -0.959691 0.058588 0.274885
vn -0.869051 0.456629 -0.190367
vn -0.922600 0.158045 0.351897
vn -0.935464 0.289897 0.202156
vn -0.824694 0.241504 0.511425
vn -0.293189 0.308340 0.904968
vn -0.159730 -0.064136 0.985075
vn -0.877019 0.015112 -0.480217
vn -0.113728 -0.332113 0.936358
vn 0.100929 -0.458249 0.883075
vn 0.126596 0.391638 0.911369
vn -0.093979 0.335983 0.937168
vn 0.029430 -0.810487 0.585016
vn -0.253073 -0.186912 0.949220
vn -0.241172 0.191836 0.951333
vn 0.081633 0.741338 0.666148
vn 0.256919 0.125817 0.958208
vn 0.254810 -0.133092 0.957788
vn -0.726372 -0.687302 -0.000000
vn -0.731626 -0.681706 -0.000000
vn 0.038721 -0.999250 0.000000
vn 0.042095 -0.999114 0.000000
vn -0.702957 0.711233 -0.000000
vn -0.707585 0.706628 -0.000000
vn 0.100909 0.994896 0.000000
vn 0.097870 0.995199 0.000000
vn 0.781756 0.623584 0.000000
vn 0.768241 0.640160 0.000000
vn 0.728437 -0.685113 0.000000
vn 0.743499 -0.668737 0.000000
vn 0.052445 -0.005268 -0.998610
vn 0.022583 -0.004355 -0.999736
vn 0.022583 -0.004355 -0.999735
vn 0.051206 -0.005230 -0.998674
vn 0.083979 -0.006228 -0.996448
vn 0.131044 0.000000 -0.991377
vn 0.084469 -0.578133 -0.811559
vn 0.087015 -0.566036 -0.819775
vn 0.038867 -0.994410 -0.098170
vn 0.044878 -0.661537 0.748569
vn 0.046320 -0.647418 0.760726
vn 0.073232 0.000000 0.997315
vn 0.044878 0.661539 0.748566
vn 0.046320 0.647420 0.760724
vn 0.038866 0.994410 -0.098170
vn 0.084469 0.578136 -0.811556
vn 0.087015 0.566039 -0.819773
vn 0.113728 -0.332113 0.936358
vn 0.093979 0.335980 0.937169
vn -0.126596 0.391630 0.911373
vn -0.100930 -0.458249 0.883075
vn -0.029431 -0.810487 0.585016
vn 0.253073 -0.186912 0.949220
vn 0.241172 0.191836 0.951334
vn -0.081635 0.741327 0.666160
vn -0.256918 0.125816 0.958208
vn -0.254810 -0.133092 0.957788
vn 0.726372 -0.687302 0.000000
vn -0.042095 -0.999114 -0.000000
vn -0.038721 -0.999250 -0.000000
vn 0.731626 -0.681706 0.000000
vn 0.702957 0.711232 0.000000
vn 0.707585 0.706628 0.000000
vn -0.100914 0.994895 -0.000000
vn -0.097874 0.995199 -0.000000
vn -0.781758 0.623582 -0.000000
vn -0.768242 0.640159 -0.000000
vn -0.743500 -0.668736 -0.000000
vn -0.728438 -0.685112 -0.000000
vn -0.052443 -0.005271 -0.998610
vn -0.051209 -0.005234 -0.998674
vn -0.022582 -0.004356 -0.999736
vn -0.083981 -0.006234 -0.996448
vn -0.131044 0.000000 -0.991377
vn -0.087015 -0.566036 -0.819775
vn -0.084469 -0.578133 -0.811559
vn -0.038867 -0.994410 -0.098170
vn -0.046320 -0.647418 0.760726
vn -0.044878 -0.661537 0.748569
vn -0.073232 0.000000 0.997315
vn -0.046320 0.647420 0.760724
vn -0.044878 0.661540 0.748566
vn -0.038866 0.994410 -0.098170
vn -0.087015 0.566039 -0.819773
vn -0.084469 0.578136 -0.811556
vn -0.074464 -0.504309 0.860307
vn -0.064889 -0.997780 0.014990
vn 0.000000 -1.000000 -0.000051
vn -0.000000 -0.500060 0.865991
vn -0.014632 0.482764 0.875628
vn -0.000000 0.499986 0.866034
vn 0.052713 0.998499 0.014880
vn 0.000000 1.000000 -0.000051
vn 0.067762 0.490286 -0.868924
vn 0.000000 0.499942 -0.866059
vn 0.009509 -0.523796 -0.851791
vn 0.000000 -0.500016 -0.866016
vn -0.261841 -0.446569 0.855579
vn -0.165007 -0.985050 0.049488
vn -0.102926 0.518215 0.849034
vn 0.104998 0.994466 -0.003471
vn 0.203750 0.476016 -0.855508
vn 0.106076 -0.571201 -0.813927
vn -0.446870 -0.386750 0.806679
vn -0.289297 -0.956114 0.046407
vn -0.183193 0.560397 0.807710
vn 0.227033 0.972982 -0.041985
vn 0.420766 0.278430 -0.863384
vn 0.167581 -0.641825 -0.748316
vn -0.495548 -0.323853 0.805948
vn -0.322764 -0.945687 0.038735
vn -0.171610 0.622792 0.763335
vn 0.318308 0.947660 -0.024914
vn 0.491837 0.379323 -0.783716
vn 0.172025 -0.615358 -0.769247
vn -0.394841 -0.326549 0.858758
vn -0.169479 -0.980861 0.095853
vn -0.216966 0.648531 0.729612
vn 0.154269 0.984592 -0.082335
vn 0.385176 0.399593 -0.831844
vn 0.237832 -0.587138 -0.773760
vn -0.321278 -0.367913 0.872594
vn -0.048192 -0.987487 0.150156
vn -0.279039 0.609511 0.742046
vn 0.039763 0.992368 -0.116723
vn 0.321180 0.384267 -0.865553
vn 0.276372 -0.622998 -0.731773
vn -0.363191 -0.387924 0.847117
vn -0.038133 -0.992091 0.119585
vn -0.038126 -0.992094 0.119569
vn -0.363188 -0.387942 0.847110
vn -0.325051 0.604176 0.727539
vn 0.038148 0.992092 -0.119576
vn 0.038155 0.992090 -0.119591
vn 0.363203 0.387914 -0.847117
vn 0.363201 0.387926 -0.847112
vn 0.325059 -0.604185 -0.727528
vn 0.325065 -0.604166 -0.727541
vn -0.700331 -0.358430 0.617305
vn -0.409796 -0.911537 -0.034178
vn 0.011482 -0.993027 0.117327
vn -0.287847 -0.383671 0.877463
vn -0.687004 0.529220 0.497948
vn -0.288444 0.623039 0.727064
vn -0.387839 0.881051 -0.270794
vn 0.002879 0.987531 -0.157396
vn -0.093281 0.342124 -0.935013
vn 0.287170 0.387308 -0.876086
vn -0.101114 -0.564135 -0.819468
vn 0.296089 -0.585741 -0.754479
vn -0.899341 -0.035350 -0.435818
vn -0.916868 -0.012857 -0.398984
vn -0.916845 -0.012843 -0.399037
vn -0.916841 -0.012865 -0.399044
vn -0.916868 -0.012879 -0.398982
vn -0.916887 -0.012841 -0.398939
vn -0.916887 -0.012841 -0.398940
vn -0.916883 -0.012840 -0.398949
vn 0.916849 0.012828 0.399027
vn 0.916868 0.012839 0.398984
vn 0.916871 0.012843 0.398976
vn 0.916850 0.012805 0.399027
vn 0.916866 0.012792 0.398990
vn 0.916869 0.012820 0.398982
vn -0.234103 -0.675300 -0.699404
vn 0.576200 -0.724800 0.377700
vn 0.033069 -0.958082 0.284579
vn 0.209307 -0.390333 -0.896566
vn -0.601288 -0.612495 -0.513130
vn 0.699761 -0.531211 -0.477649
vn 0.788697 -0.565929 -0.240170
vn 0.147179 -0.949414 0.277400
vn 0.234787 -0.853030 0.466063
vn -0.258710 -0.429874 -0.865030
vn -0.079897 -0.356739 -0.930781
vn 0.113174 -0.310032 -0.943966
vn 0.078864 -0.943777 0.321039
vn 0.257821 -0.300861 -0.918156
vn -0.006649 -0.972732 0.231836
vn -0.416655 0.904837 -0.087568
vn -0.089220 0.939196 -0.331587
vn -0.304969 0.231980 0.923677
vn 0.455544 0.349913 0.818560
vn 0.710787 0.654506 0.257687
vn 0.452370 0.835784 0.311170
vn -0.789102 0.602517 0.119543
vn -0.021638 0.408131 0.912667
vn -0.284221 0.873016 -0.396309
vn -0.365037 0.895665 -0.254032
vn 0.118480 0.343251 0.931741
vn -0.164579 0.347219 0.923229
vn -0.122708 0.924776 -0.360185
vn -0.330588 0.321186 0.887441
vn -0.007759 0.913964 -0.405722
vn 0.977605 0.208813 -0.026207
vn 0.977604 0.208813 -0.026207
vn 0.977610 0.208768 -0.026371
vn 0.977611 0.208774 -0.026285
vn 0.977607 0.208812 -0.026117
vn -0.977623 -0.208737 0.026101
vn -0.078623 0.915296 0.395034
vn 0.263467 -0.347388 0.899948
vn -0.263510 0.347373 -0.899942
vn -0.263510 0.347373 -0.899941
vn 0.078618 -0.915296 -0.395036
vn 0.078618 -0.915296 -0.395035
vn 0.074454 -0.504294 0.860316
vn 0.064868 -0.997781 0.014992
vn 0.014632 0.482763 0.875629
vn -0.052716 0.998499 0.014880
vn -0.067764 0.490282 -0.868925
vn -0.009523 -0.523780 -0.851800
vn 0.261858 -0.446530 0.855594
vn 0.165010 -0.985050 0.049474
vn 0.102936 0.518215 0.849033
vn -0.105004 0.994466 -0.003477
vn -0.203756 0.475998 -0.855517
vn -0.106089 -0.571162 -0.813953
vn 0.446877 -0.386725 0.806687
vn 0.289330 -0.956104 0.046405
vn 0.183198 0.560408 0.807701
vn -0.227029 0.972982 -0.042002
vn -0.420777 0.278415 -0.863383
vn -0.167575 -0.641805 -0.748335
vn 0.322761 -0.945688 0.038723
vn 0.495547 -0.323866 0.805943
vn 0.171616 0.622783 0.763341
vn -0.318292 0.947666 -0.024894
vn -0.491846 0.379336 -0.783704
vn -0.172031 -0.615356 -0.769248
vn 0.394851 -0.326559 0.858750
vn 0.169467 -0.980861 0.095875
vn 0.216973 0.648522 0.729618
vn -0.154255 0.984596 -0.082317
vn -0.385182 0.399617 -0.831830
vn -0.237825 -0.587142 -0.773759
vn 0.321270 -0.367918 0.872595
vn 0.048209 -0.987478 0.150211
vn 0.279046 0.609475 0.742074
vn -0.039753 0.992372 -0.116694
vn -0.321181 0.384277 -0.865548
vn -0.276362 -0.623035 -0.731746
vn 0.363203 -0.387934 0.847107
vn 0.363203 -0.387935 0.847107
vn 0.038129 -0.992094 0.119566
vn 0.038141 -0.992090 0.119593
vn 0.325061 0.604186 0.727526
vn 0.325066 0.604171 0.727537
vn -0.038141 0.992093 -0.119565
vn -0.038153 0.992090 -0.119593
vn -0.363199 0.387934 -0.847109
vn -0.363201 0.387922 -0.847114
vn -0.325054 -0.604201 -0.727517
vn -0.325066 -0.604161 -0.727545
vn 0.700312 -0.358472 0.617301
vn 0.287839 -0.383716 0.877446
vn -0.011482 -0.993027 0.117327
vn 0.409796 -0.911537 -0.034178
vn 0.687057 0.529189 0.497908
vn 0.288446 0.623030 0.727072
vn 0.387803 0.881063 -0.270807
vn -0.002887 0.987528 -0.157420
vn 0.093344 0.342125 -0.935007
vn -0.287167 0.387319 -0.876082
vn 0.101099 -0.564137 -0.819468
vn -0.296089 -0.585740 -0.754480
vn 0.899337 -0.035379 -0.435823
vn 0.916864 -0.012758 -0.398995
vn 0.916861 -0.012812 -0.399001
vn 0.916860 -0.012882 -0.399001
vn 0.916869 -0.012879 -0.398982
vn 0.916869 -0.012879 -0.398981
vn 0.916871 -0.012869 -0.398977
vn 0.916866 -0.012819 -0.398990
vn -0.916850 0.012828 0.399026
vn -0.916850 0.012819 0.399027
vn -0.916849 0.012819 0.399027
vn -0.916853 0.012823 0.399019
vn -0.916849 0.012847 0.399026
vn -0.916850 0.012847 0.399026
vn -0.916851 0.012856 0.399022
vn -0.916855 0.012841 0.399015
vn 0.234115 -0.675252 -0.699446
vn -0.209309 -0.390305 -0.896578
vn -0.033091 -0.958084 0.284572
vn -0.576141 -0.724857 0.377682
vn -0.788643 -0.565991 -0.240199
vn -0.699695 -0.531272 -0.477678
vn 0.601371 -0.612421 -0.513121
vn -0.147178 -0.949420 0.277382
vn 0.079928 -0.356686 -0.930799
vn 0.258739 -0.429799 -0.865059
vn -0.234771 -0.853074 0.465990
vn -0.078859 -0.943794 0.320989
vn -0.113153 -0.309962 -0.943992
vn 0.006628 -0.972746 0.231779
vn -0.257813 -0.300799 -0.918179
vn 0.416653 0.904844 -0.087509
vn -0.455604 0.349882 0.818540
vn 0.304952 0.231990 0.923680
vn 0.089207 0.939201 -0.331577
vn 0.789032 0.602599 0.119596
vn -0.452433 0.835765 0.311130
vn -0.710864 0.654436 0.257654
vn 0.021658 0.408140 0.912663
vn -0.118498 0.343206 0.931755
vn 0.365019 0.895684 -0.253990
vn 0.284203 0.873031 -0.396290
vn 0.122703 0.924775 -0.360188
vn 0.164594 0.347251 0.923215
vn 0.007751 0.913959 -0.405733
vn 0.330563 0.321223 0.887437
vn -0.977605 0.208810 -0.026207
vn -0.977637 0.208666 -0.026137
vn -0.977638 0.208666 -0.026137
vn -0.977617 0.208774 -0.026037
vn -0.977649 0.208636 -0.025947
vn -0.977649 0.208635 -0.025947
vn 0.977606 -0.208801 0.026253
vn 0.078623 0.915296 0.395034
vn 0.078623 0.915296 0.395035
vn -0.263510 -0.347376 0.899940
vn 0.263467 0.347385 -0.899949
vn -0.078618 -0.915296 -0.395036
vn 0.707159 -0.655179 0.265832
vn 0.707054 -0.655276 0.265871
vn -0.000000 -0.926631 0.375971
vn 0.000000 0.926684 -0.375841
vn 0.000000 -0.376186 -0.926544
vn -0.707055 -0.655434 0.265478
vn -0.000000 0.376187 0.926544
vn -0.000000 0.376199 0.926539
vn 0.894409 -0.414537 0.167905
vn -0.000000 0.376211 0.926534
vn 0.798805 -0.553620 0.235406
vn 0.562754 -0.186900 0.805218
vn -0.000000 -0.920261 0.391306
vn 0.000000 0.926626 -0.375985
vn 0.000000 -0.793775 -0.608211
vn 0.000000 -0.606258 -0.795268
vn -0.625787 0.509963 0.590193
vn -0.719998 -0.162718 0.674630
vn 0.884538 -0.109373 0.453464
vn 0.000000 -0.376211 -0.926534
vn 0.000000 0.926815 -0.375518
vn 0.000218 0.926684 -0.375842
vn 0.000218 0.926684 -0.375841
vn -0.457320 0.334563 0.823969
vn -0.000278 -0.926630 0.375975
vn -0.000278 -0.926630 0.375974
vn -0.000260 0.926626 -0.375985
vn -0.863952 -0.189450 -0.466578
vn 0.000425 -0.926593 0.376066
vn -0.000223 -0.926800 0.375554
vn 0.000171 0.926781 -0.375602
vn -0.000000 0.376207 0.926536
vn 0.000000 -0.376212 -0.926534
vn -0.000000 -0.926750 0.375679
vn 0.000000 0.926750 -0.375678
vn -0.707138 -0.655198 0.265840
vn -0.707054 -0.655276 0.265871
vn -0.707034 0.655300 -0.265867
vn -0.707298 0.655055 -0.265767
vn 0.000000 0.926684 -0.375842
vn -0.000086 -0.376144 -0.926561
vn -0.816369 -0.531887 -0.225029
vn -0.000036 -0.921024 -0.389505
vn -1.000000 -0.000085 -0.000031
vn -0.798805 -0.553620 0.235406
vn -0.625787 -0.717798 0.305216
vn -0.707052 0.655274 -0.265883
vn -0.707106 0.655224 -0.265862
vn -0.000000 0.653804 0.756664
vn 0.000030 -0.234482 0.972120
vn -0.884538 -0.109378 0.453462
vn -0.000218 0.926684 -0.375842
vn -0.000218 0.926684 -0.375841
vn 0.457320 0.334563 0.823970
vn 0.457320 0.334563 0.823969
vn 0.000278 -0.926630 0.375975
vn 0.000260 0.926625 -0.375985
vn 0.000260 0.926626 -0.375985
vn 0.863952 -0.189450 -0.466578
vn -0.000426 -0.926593 0.376066
vn 0.000223 -0.926800 0.375554
vn 0.000223 -0.926801 0.375554
vn -0.000171 0.926781 -0.375602
vn 0.469688 0.044221 0.881724
vn 0.500016 -0.296162 0.813801
vn 1.000000 0.000014 -0.000013
vn 0.939309 0.322392 0.117311
vn -0.469688 0.044221 0.881724
vn -0.500015 -0.296162 0.813801
vn -0.939309 0.322392 0.117311
vn -1.000000 0.000014 -0.000013
vn -0.469682 0.600643 -0.647014
vn -0.499998 0.296204 -0.813797
vn 0.469682 0.600643 -0.647013
vn 0.499999 0.296204 -0.813796
vn 0.432190 -0.141226 0.890655
vn 0.419744 0.212491 0.882418
vn 0.899555 0.400025 0.175445
vn 0.997777 -0.010394 0.065821
vn -0.504147 -0.130872 0.853644
vn -0.423602 0.214498 0.880086
vn -0.998272 -0.009193 0.058036
vn -0.899441 0.399687 0.176793
vn -0.543001 0.125653 -0.830278
vn -0.480365 0.606145 -0.633907
vn 0.500723 0.135773 -0.854893
vn 0.483372 0.607852 -0.629975
vn 0.227470 -0.351311 0.908206
vn 0.197336 -0.261950 0.944691
vn 0.323598 -0.931980 0.163391
vn 0.320534 -0.937442 0.135866
vn -0.192528 0.586868 0.786460
vn -0.224059 0.637913 0.736794
vn -0.501440 0.845992 -0.181259
vn -0.499543 0.851120 -0.161405
vn -0.360227 0.159896 -0.919059
vn -0.390433 0.245210 -0.887375
vn 0.043605 -0.690763 -0.721766
vn 0.015681 -0.644964 -0.764052
vn 0.000000 -0.939694 -0.342015
vn 0.000000 -0.939733 -0.341910
vn 0.000000 -0.939656 -0.342120
vn -0.188786 0.011004 -0.981957
vn -0.187654 0.011653 -0.982166
vn -0.352911 -0.091574 -0.931165
vn -0.355999 -0.093588 -0.929788
vn 0.006246 0.268950 0.963134
vn -0.086821 0.202297 0.975468
vn 0.166978 -0.221516 0.960755
vn 0.371922 -0.896015 -0.242551
vn 0.244879 -0.952810 -0.179410
vn 0.153266 -0.962271 -0.224820
vn 0.027808 -0.965284 -0.259718
vn 0.912041 0.410017 0.008166
vn 0.781862 0.502587 0.368915
vn 0.809279 0.308976 0.499602
vn -0.674091 0.723798 0.147369
vn -0.733979 0.668675 0.118945
vn -0.496722 0.840776 0.215321
vn -0.428303 0.872085 0.236693
vn -0.743136 -0.429587 -0.513034
vn -0.764820 -0.643281 -0.035231
vn -0.408913 -0.528015 0.744305
vn -0.157852 0.035699 -0.986817
vn -0.157884 0.035839 -0.986807
vn -0.754068 -0.420036 -0.504928
vn 0.174744 0.658177 0.732303
vn -0.041780 0.576054 0.816343
vn 0.311738 0.468985 0.826361
vn -0.634072 -0.279574 0.720966
vn 0.800127 -0.559055 -0.217381
vn 0.734162 -0.643506 -0.216578
vn 0.311397 -0.929350 -0.198344
vn -0.812569 0.577985 0.075264
vn -0.128296 0.951696 0.278952
vn -0.068626 0.957588 0.279851
vn -0.160344 0.046641 -0.985958
vn -0.160344 0.046641 -0.985959
vn 0.853630 -0.499791 -0.146713
vn 0.146535 0.950276 0.274777
vn 0.175676 -0.353010 0.918979
vn 0.629799 -0.108197 0.769186
vn 0.148747 -0.610328 0.778058
vn 0.417404 -0.693747 0.586932
vn 0.711201 -0.446935 0.542626
vn 0.428662 -0.458877 0.778255
vn 0.836130 -0.214162 0.504997
vn -0.000052 -0.000245 1.000000
vn -0.842164 0.208885 0.497118
vn -0.842165 0.208885 0.497118
vn -0.838499 0.204869 -0.504924
vn 0.841543 -0.211226 -0.497180
vn 0.841543 -0.211226 -0.497181
vn 0.745460 -0.444093 0.497062
vn 0.011970 0.021252 0.999703
vn 0.011970 0.021252 0.999702
vn -0.743184 0.456167 0.489479
vn -0.753221 0.431043 -0.496850
vn -0.012006 -0.021299 -0.999701
vn 0.738980 -0.463312 -0.489132
vn 0.526936 -0.684939 0.503187
vn 0.058204 0.049897 0.997057
vn -0.486604 0.722515 0.491110
vn -0.539989 0.674873 -0.502951
vn -0.058101 -0.049795 -0.997068
vn 0.464100 -0.738752 -0.488729
vn -0.320407 0.854092 0.409714
vn 0.319370 -0.854582 -0.409502
vn 0.097622 0.147570 0.984222
vn 0.419029 -0.705101 0.572055
vn -0.415136 0.707298 -0.572181
vn -0.098033 -0.147844 -0.984140
vn 1.000000 0.000000 -0.000000
vn 0.707106 0.000000 -0.707107
vn -0.707152 0.000000 -0.707062
vn -0.707107 0.000000 0.707107
vn 0.707061 0.000000 0.707153
vn -0.469611 0.044213 0.881766
vn -0.939314 0.322380 0.117306
vn -0.499939 -0.296177 0.813843
vn 0.469679 0.044240 0.881728
vn 0.499963 -0.296187 0.813825
vn 0.939299 0.322409 0.117345
vn 1.000000 -0.000016 0.000023
vn 0.469685 0.600667 -0.646990
vn -0.469605 0.600664 -0.647051
vn -0.499922 0.296219 -0.813838
vn -0.432311 -0.141216 0.890598
vn -0.997780 -0.010388 0.065785
vn -0.899578 0.399985 0.175419
vn -0.419838 0.212524 0.882366
vn 0.504272 -0.130862 0.853572
vn 0.423662 0.214570 0.880040
vn 0.998274 -0.009188 0.058005
vn 0.899438 0.399699 0.176784
vn 0.543152 0.125640 -0.830181
vn 0.480447 0.606190 -0.633802
vn -0.500866 0.135759 -0.854811
vn -0.483479 0.607855 -0.629889
vn -0.227472 -0.351328 0.908199
vn -0.320531 -0.937447 0.135846
vn -0.323588 -0.931998 0.163308
vn -0.197366 -0.262044 0.944659
vn 0.192483 0.586776 0.786540
vn 0.224036 0.637856 0.736850
vn 0.501462 0.845987 -0.181225
vn 0.499571 0.851098 -0.161433
vn 0.360190 0.159819 -0.919087
vn 0.390403 0.245143 -0.887407
vn -0.043598 -0.690752 -0.721777
vn -0.015685 -0.644967 -0.764049
vn 0.188786 0.011006 -0.981957
vn 0.355995 -0.093597 -0.929789
vn 0.352908 -0.091584 -0.931165
vn 0.187654 0.011654 -0.982166
vn -0.006259 0.268956 0.963132
vn -0.166987 -0.221534 0.960749
vn 0.552806 0.529836 0.643179
vn -0.235421 -0.916782 0.322627
vn -0.244897 -0.952805 -0.179409
vn -0.371951 -0.896003 -0.242549
vn -0.027816 -0.965284 -0.259719
vn -0.421918 0.293631 -0.857768
vn -0.809259 0.309012 0.499612
vn -0.781828 0.502629 0.368930
vn -0.390353 0.281665 -0.876521
vn 0.674078 0.723810 0.147372
vn 0.428294 0.872090 0.236694
vn 0.496706 0.840785 0.215323
vn 0.743098 -0.429638 -0.513045
vn 0.812476 -0.581677 -0.039174
vn 0.764706 -0.643414 -0.035245
vn 0.157888 0.035839 -0.986806
vn 0.157856 0.035698 -0.986817
vn 0.754043 -0.420078 -0.504929
vn -0.174766 0.658170 0.732304
vn -0.311731 0.468987 0.826363
vn 0.041778 0.576054 0.816343
vn 0.500857 0.431932 0.750051
vn -0.191830 -0.158136 0.968604
vn -0.734169 -0.643500 -0.216573
vn -0.800116 -0.559071 -0.217382
vn -0.453550 -0.736814 0.501395
vn -0.311426 -0.929341 -0.198342
vn 0.812570 0.577984 0.075264
vn 0.128294 0.951697 0.278951
vn 0.068620 0.957588 0.279851
vn -0.853598 -0.499842 -0.146725
vn -0.146545 0.950275 0.274776
vn -0.175663 -0.353003 0.918984
vn -0.629791 -0.108189 0.769193
vn -0.417421 -0.693726 0.586945
vn -0.711192 -0.446934 0.542638
vn 0.830658 -0.555292 -0.040718
vn 0.131340 0.518403 0.844990
vn -0.836232 -0.214069 0.504867
vn 0.000051 -0.000245 1.000000
vn 0.842259 0.208808 0.496989
vn 0.838597 0.204794 -0.504792
vn -0.841689 -0.211264 -0.496918
vn -0.745340 -0.444160 0.497182
vn -0.011972 0.021250 0.999703
vn 0.743106 0.456301 0.489472
vn 0.753238 0.431147 -0.496735
vn 0.012003 -0.021301 -0.999701
vn -0.738975 -0.463448 -0.489011
vn -0.526980 -0.684846 0.503268
vn -0.058216 0.049894 0.997056
vn 0.486694 0.722448 0.491119
vn 0.486694 0.722447 0.491119
vn 0.539989 0.674872 -0.502951
vn 0.058089 -0.049799 -0.997069
vn -0.464188 -0.738741 -0.488663
vn 0.320383 0.854078 0.409764
vn -0.319393 -0.854598 -0.409451
vn -0.097619 0.147568 0.984223
vn -0.419031 -0.705149 0.571994
vn 0.415137 0.707250 -0.572241
vn 0.415137 0.707249 -0.572241
vn 0.098038 -0.147847 -0.984139
vn 0.590481 0.310567 -0.744903
vn 0.470763 0.666061 -0.578571
vn 0.786272 0.606180 -0.119678
vn 0.938418 0.308316 -0.155927
vn 0.001096 0.999999 0.000025
vn 0.000000 0.869851 -0.493314
vn 0.000000 1.000000 0.000025
vn 0.601013 -0.295346 -0.742667
vn 0.944385 -0.280242 -0.172048
vn 0.462778 -0.871661 -0.161381
vn 0.368769 -0.810496 -0.455089
vn 0.000000 -0.991880 -0.127177
vn 0.000000 -0.852614 -0.522541
vn 0.000000 -0.311940 -0.950102
vn 0.000000 0.283349 -0.959017
vn 0.986172 0.165728 0.000264
vn 0.986171 0.165728 0.000264
vn 0.924854 0.373979 0.069174
vn 0.999585 0.000000 0.028804
vn 0.859751 -0.504543 -0.079153
vn -0.000000 0.979457 0.201654
vn 0.000000 0.787949 -0.615740
vn 0.000000 0.148133 -0.988968
vn 0.000000 0.148133 -0.988967
vn 0.000000 -0.415504 -0.909592
vn 0.000000 -0.672325 -0.740256
vn 0.000000 -0.926836 -0.375467
vn 0.000000 -0.646325 -0.763062
vn 0.000122 -0.646369 -0.763025
vn -0.000069 0.148553 -0.988905
vn -0.000069 0.148553 -0.988904
vn 0.000000 -0.415503 -0.909592
vn 0.000000 -0.058355 -0.998296
vn 0.999919 0.008029 -0.009863
vn 0.000000 0.407521 -0.913196
vn 0.000000 0.407520 -0.913196
vn 0.001976 -0.525307 0.850911
vn 0.001976 -0.525306 0.850911
vn 0.003026 -0.520354 0.853945
vn 0.713191 -0.544481 -0.441474
vn 0.503005 0.591356 0.630305
vn -0.002126 0.366589 -0.930381
vn 0.021967 -0.843848 -0.536132
vn 0.000000 -0.844052 -0.536262
vn 0.002988 0.963349 -0.268236
vn 0.857404 0.462987 -0.224726
vn 0.904737 0.393407 -0.163347
vn 0.870933 0.489610 0.041923
vn 0.487796 0.869935 -0.072576
vn 0.487797 0.869935 -0.072576
vn 0.825946 0.563003 0.028974
vn 0.825947 0.563003 0.028974
vn 0.304038 0.949869 -0.072865
vn 0.000000 0.594305 -0.804240
vn -0.590453 0.310538 -0.744937
vn -0.938446 0.308238 -0.155913
vn -0.786380 0.606043 -0.119661
vn 0.000119 0.847263 -0.531173
vn -0.001096 0.999999 0.000025
vn -0.600976 -0.295329 -0.742703
vn -0.368880 -0.810467 -0.455051
vn -0.833981 -0.528910 -0.157260
vn -0.944412 -0.280165 -0.172029
vn -0.000439 -0.991880 -0.127177
vn -0.986172 0.165728 0.000263
vn -0.986171 0.165728 0.000263
vn -0.924854 0.373979 0.069173
vn -0.999585 0.000000 0.028803
vn -0.859751 -0.504543 -0.079153
vn -1.000000 -0.000020 -0.000084
vn -1.000000 -0.000017 -0.000294
vn -0.000121 -0.646369 -0.763025
vn 0.000070 0.148553 -0.988905
vn 0.000070 0.148553 -0.988904
vn -0.999919 0.008029 -0.009863
vn -0.001976 -0.525306 0.850911
vn -0.003027 -0.520354 0.853945
vn -0.713191 -0.544481 -0.441474
vn -0.503005 0.591356 0.630305
vn 0.002126 0.366589 -0.930381
vn -0.021967 -0.843848 -0.536132
vn -0.002988 0.963349 -0.268236
vn -0.857404 0.462987 -0.224726
vn -0.904763 0.393344 -0.163354
vn -0.870933 0.489610 0.041922
vn -0.487742 0.869965 -0.072576
vn -0.487743 0.869966 -0.072576
vn -0.487743 0.869965 -0.072576
vn -0.825946 0.563004 0.028973
vn -0.304037 0.949869 -0.072865
vn -0.113712 0.332067 -0.936377
vn 0.100929 0.458247 -0.883076
vn 0.126593 -0.391564 -0.911401
vn -0.093979 -0.335895 -0.937199
vn 0.029437 0.810474 -0.585034
vn -0.253047 0.186913 -0.949226
vn -0.241148 -0.191829 -0.951341
vn 0.081635 -0.741221 -0.666278
vn 0.256911 -0.125802 -0.958212
vn 0.254808 0.133091 -0.957789
vn -0.726351 0.687324 -0.000000
vn -0.731605 0.681729 -0.000000
vn 0.038753 0.999249 0.000000
vn 0.042127 0.999112 0.000000
vn -0.702957 -0.711232 -0.000000
vn -0.707586 -0.706627 -0.000000
vn 0.100933 -0.994893 0.000000
vn 0.097893 -0.995197 0.000000
vn 0.781774 -0.623563 0.000000
vn 0.768260 -0.640138 0.000000
vn 0.728434 0.685116 0.000000
vn 0.743496 0.668740 0.000000
vn 0.052445 0.005265 0.998610
vn 0.022583 0.004352 0.999735
vn 0.051206 0.005227 0.998674
vn 0.083980 0.006224 0.996448
vn 0.131065 -0.000066 0.991374
vn 0.084491 0.577943 0.811692
vn 0.087036 0.565865 0.819891
vn 0.131065 -0.000062 0.991374
vn 0.038915 0.994398 0.098278
vn 0.044882 0.661387 -0.748700
vn 0.046324 0.647277 -0.760846
vn 0.073233 -0.000065 -0.997315
vn 0.073233 -0.000063 -0.997315
vn 0.044879 -0.661435 -0.748658
vn 0.046321 -0.647328 -0.760803
vn 0.038915 -0.994398 0.098278
vn 0.084487 -0.577996 0.811654
vn 0.087031 -0.565920 0.819853
vn -0.009357 0.538053 0.842859
vn -0.004041 0.586982 0.809590
vn -0.081146 0.596648 0.798390
vn 0.164602 0.557824 0.813473
vn 0.382730 0.577285 0.721291
vn 0.241951 0.580588 0.777417
vn 0.112712 0.574141 0.810961
vn 0.072434 0.530552 0.844552
vn -0.410108 0.572861 0.709677
vn -0.401975 0.570581 0.716138
vn -0.205072 0.590531 0.780525
vn -0.208119 0.615195 0.760408
vn -0.024029 0.641737 0.766548
vn -0.043158 0.599087 0.799520
vn -0.107783 0.644998 0.756545
vn -0.956446 -0.180925 0.229080
vn 0.970064 -0.030841 0.240883
vn 0.012735 0.630840 0.775809
vn 0.395082 0.580805 0.711741
vn 0.255663 0.602236 0.756273
vn 0.138966 0.611219 0.779167
vn -0.134094 0.566903 0.812797
vn -0.050363 0.553138 0.831566
vn -0.881485 -0.471595 -0.024122
vn 0.881481 -0.471605 -0.024084
vn -0.970074 -0.030836 0.240844
vn 0.956432 -0.180953 0.229117
vn 0.791252 -0.528416 0.307729
vn -0.791234 -0.528436 0.307740
vn 0.002594 -0.784727 -0.619836
vn 0.002594 -0.784727 -0.619837
vn 0.000301 -0.126997 0.991903
vn 0.004785 -0.880041 0.474874
vn 0.002063 -0.958060 -0.286560
vn -0.179255 0.792058 -0.583534
vn 0.157919 0.794990 -0.585706
vn -0.079233 0.802562 -0.591284
vn -0.229297 0.783642 -0.577346
vn 0.250107 0.779349 -0.574510
vn 0.250107 0.779349 -0.574511
vn 0.000000 0.804774 -0.593581
vn 0.178231 0.791889 -0.584077
vn -0.883002 -0.458260 -0.101516
vn 0.883002 -0.458260 -0.101516
vn 0.001921 -0.975118 -0.221679
vn -0.401294 0.894506 0.197033
vn 0.203022 0.956510 0.209454
vn -0.103653 0.971597 0.212732
vn -0.256317 0.945554 0.200570
vn 0.275365 0.940410 0.199507
vn -0.000000 0.975533 0.219852
vn 0.391914 0.898464 0.197906
vn -0.001006 0.510681 -0.859770
vn -0.000961 0.507883 -0.861425
vn -0.000962 0.508287 -0.861187
vn -0.000972 0.506058 -0.862499
vn -0.000972 0.506122 -0.862462
vn -0.004649 0.597733 -0.801682
vn 0.005216 0.619975 -0.784605
vn 0.005216 0.619974 -0.784605
vn 0.035097 0.693061 -0.720024
vn -0.097047 0.671526 -0.734598
vn -0.000897 0.589122 -0.808043
vn -0.000920 0.505681 -0.862720
vn -0.000921 0.506501 -0.862239
vn 0.855528 -0.097966 0.508404
vn 0.853192 -0.085756 0.514498
vn -0.001811 -0.191801 0.981432
vn 0.002991 -0.197172 0.980364
vn 0.856970 0.105345 -0.504485
vn 0.855349 0.113583 -0.505447
vn 0.002865 0.195944 -0.980611
vn -0.002056 0.191755 -0.981441
vn -0.855198 0.093711 -0.509760
vn -0.856648 0.084620 -0.508915
vn -0.853799 -0.110199 0.508806
vn -0.854223 -0.113912 0.507274
vn 0.854042 -0.115796 0.507152
vn -0.004201 -0.214965 0.976613
vn 0.858614 0.103721 -0.502020
vn -0.001830 0.207222 -0.978292
vn -0.858463 0.093564 -0.504269
vn -0.856978 -0.121787 0.500757
vn 0.852552 -0.259223 0.453827
vn 0.046400 -0.231981 0.971613
vn 0.858608 -0.035905 -0.511373
vn 0.057826 0.217032 -0.974450
vn -0.825243 0.245486 -0.508637
vn -0.828947 -0.000227 0.559326
vn 0.760538 -0.467122 0.450976
vn -0.052084 -0.381273 0.922994
vn 0.858608 -0.094951 -0.503762
vn 0.042077 0.384636 -0.922109
vn -0.811171 0.455289 -0.367033
vn -0.820938 0.046509 0.569120
vn 0.661994 -0.644277 0.382977
vn -0.200329 -0.766002 0.610827
vn 0.971736 0.140543 -0.189674
vn 0.095297 0.792503 -0.602376
vn -0.817410 0.500821 -0.284639
vn -0.912517 -0.242107 0.329692
vn 0.694793 -0.696609 0.178883
vn -0.215969 -0.960265 0.176773
vn 0.962088 0.268759 0.046433
vn 0.264358 0.954348 -0.139051
vn -0.726286 0.658599 -0.196868
vn -0.938738 -0.344327 0.014480
vn 0.698489 -0.711813 0.073724
vn -0.214111 -0.975561 0.049365
vn 0.963889 0.265032 0.025999
vn 0.247253 0.967655 -0.050104
vn -0.703757 0.706401 -0.075656
vn -0.950021 -0.311341 -0.022955
vn 0.857788 -0.124232 0.498765
vn 0.853178 -0.085760 0.514521
vn -0.001835 -0.191807 0.981431
vn 0.013095 -0.196999 0.980316
vn 0.859079 0.077162 -0.505993
vn 0.855324 0.113592 -0.505488
vn 0.013094 0.196120 -0.980492
vn -0.002115 0.191737 -0.981444
vn -0.851304 0.126207 -0.509268
vn -0.856697 0.084579 -0.508839
vn -0.849702 -0.080424 0.521094
vn -0.854186 -0.113936 0.507331
vn 0.849374 -0.242249 0.468913
vn 0.024228 -0.215646 0.976171
vn 0.853150 -0.029328 -0.520841
vn 0.027083 0.205900 -0.978198
vn -0.836417 0.245611 -0.489982
vn -0.834654 0.020503 0.550393
vn 0.819616 -0.358302 0.447045
vn 0.007935 -0.229097 0.973371
vn 0.826013 -0.129391 -0.548599
vn 0.018879 0.219732 -0.975378
vn -0.812681 0.359725 -0.458419
vn -0.816853 0.123691 0.563429
vn 0.760510 -0.467108 0.451037
vn -0.052065 -0.381309 0.922981
vn 0.858663 -0.094960 -0.503667
vn 0.041976 0.384881 -0.922011
vn -0.811139 0.455364 -0.367011
vn -0.820934 0.046419 0.569133
vn 0.677081 -0.661527 0.322403
vn -0.174339 -0.761041 0.624838
vn 0.947196 0.066671 -0.313648
vn 0.153243 0.766428 -0.623782
vn -0.796715 0.567322 -0.208304
vn -0.890223 -0.215361 0.401402
vn 0.669782 -0.738139 0.080886
vn -0.231992 -0.958010 0.168510
vn 0.969005 0.228431 -0.094067
vn 0.220709 0.960695 -0.168385
vn -0.738365 0.671271 -0.064901
vn -0.942702 -0.316424 0.105779
vn 0.700096 -0.714048 0.000000
vn -0.231239 -0.972897 -0.000000
vn 0.958076 0.286513 0.000000
vn 0.231223 0.972901 0.000000
vn -0.700057 0.714087 -0.000000
vn -0.958097 -0.286444 -0.000000
vn 0.965231 -0.259869 -0.028254
vn 0.964508 -0.262312 -0.030272
vn 0.969409 -0.244932 -0.015963
vn 0.521648 -0.843731 -0.126500
vn 0.868956 0.494865 -0.004892
vn 0.959071 -0.279628 -0.044627
vn 0.959071 -0.279629 -0.044627
vn 0.491053 -0.839285 -0.233382
vn 0.880285 0.473249 -0.033676
vn -0.075694 -0.970949 -0.226999
vn -0.057145 -0.984223 -0.167451
vn -0.252604 -0.953122 -0.166583
vn -0.251333 -0.941828 -0.223140
vn 0.431088 0.902141 -0.017450
vn 0.284800 0.628541 -0.723758
vn 0.190164 0.718094 -0.669462
vn 0.259487 0.965646 -0.013941
vn -0.167480 -0.611348 -0.773436
vn -0.055624 -0.564791 -0.823358
vn 0.299491 0.596052 0.745002
vn 0.242392 0.899263 0.364104
vn -0.965252 0.259792 0.028236
vn -0.969419 0.244893 0.015946
vn -0.964531 0.262230 0.030253
vn -0.876824 -0.471343 -0.094946
vn -0.504712 0.862561 0.035410
vn -0.959108 0.279502 0.044607
vn -0.857723 -0.488370 -0.160639
vn -0.857724 -0.488370 -0.160639
vn -0.520080 0.853970 -0.015885
vn -0.540425 0.841182 -0.018829
vn -0.419972 -0.881129 -0.217336
vn -0.443221 -0.882219 -0.158887
vn 0.078259 0.996885 -0.009761
vn 0.065604 0.666120 -0.742954
vn -0.231800 -0.511719 -0.827292
vn 0.057924 0.997527 -0.039807
vn 0.859796 -0.186520 0.475354
vn 0.853180 -0.085755 0.514519
vn -0.001783 -0.191811 0.981430
vn 0.037022 -0.202031 0.978679
vn 0.860676 0.010184 -0.509052
vn 0.855332 0.113593 -0.505474
vn 0.037355 0.190717 -0.980934
vn -0.002129 0.191732 -0.981445
vn -0.836938 0.204370 -0.507709
vn -0.856704 0.084572 -0.508829
vn -0.835021 -0.008704 0.550149
vn -0.854172 -0.113944 0.507352
vn 0.823082 -0.352594 0.445213
vn 0.017782 -0.217197 0.975966
vn 0.826436 -0.141402 -0.544985
vn 0.020388 0.204131 -0.978731
vn -0.808010 0.373457 -0.455686
vn -0.806923 0.149383 0.571454
vn 0.799328 -0.405648 0.443312
vn -0.009018 -0.220822 0.975272
vn 0.805800 -0.174587 -0.565867
vn 0.001334 0.227701 -0.973730
vn -0.800852 0.411947 -0.434667
vn -0.805268 0.180922 0.564633
vn 0.738890 -0.581190 0.340969
vn -0.002694 -0.399767 0.916613
vn 0.767384 -0.276055 -0.578719
vn 0.090342 0.273093 -0.957736
vn -0.722494 0.629532 -0.285817
vn -0.729039 0.156841 0.666261
vn 0.616655 -0.759970 0.205381
vn -0.171125 -0.691233 0.702078
vn 0.755987 -0.179972 -0.629360
vn 0.078620 0.689317 -0.720181
vn -0.680481 0.732003 -0.033431
vn -0.813191 -0.028820 0.581283
vn 0.642610 -0.762432 0.075828
vn -0.243091 -0.924512 0.293571
vn 0.935574 0.139090 -0.324586
vn 0.146564 0.921832 -0.358809
vn -0.746804 0.665035 -0.003409
vn -0.928943 -0.262451 0.261121
vn -0.226573 -0.973448 0.032628
vn 0.687439 -0.725816 -0.024865
vn 0.963952 0.258230 -0.064130
vn 0.236730 0.971004 -0.033320
vn -0.711343 0.702280 0.028193
vn -0.950279 -0.305808 0.058754
vn -0.251361 -0.967140 -0.038166
vn 0.695603 -0.714014 -0.079500
vn 0.950456 0.308481 -0.038390
vn 0.211229 0.976479 0.043258
vn -0.696774 0.712650 0.081461
vn -0.963939 -0.262841 0.041660
vn 0.990765 -0.026829 0.132911
vn 0.698832 0.705172 0.119860
vn 0.698596 0.705427 0.119735
vn 0.991970 0.005681 0.126348
vn 0.000000 0.992888 0.119050
vn -0.000000 0.992903 0.118929
vn 0.706188 -0.690041 0.158561
vn 0.595459 -0.774957 0.211825
vn 0.175488 0.201165 -0.963710
vn 0.186376 0.199913 -0.961924
vn 0.402673 0.169064 -0.899595
vn 0.738536 -0.000000 0.674214
vn 0.519174 0.524609 0.674718
vn 0.519174 -0.524609 0.674718
vn -0.000000 -0.737633 0.675201
vn -0.000000 -0.982687 0.185274
vn -0.000000 -0.969560 0.244853
vn -0.000000 0.737633 0.675201
vn -0.990765 -0.026829 0.132910
vn -0.991970 0.005681 0.126348
vn -0.698596 0.705427 0.119735
vn -0.698832 0.705172 0.119860
vn -0.595459 -0.774957 0.211825
vn -0.706188 -0.690041 0.158561
vn -0.175487 0.201165 -0.963710
vn -0.186375 0.199913 -0.961924
vn 0.000000 0.207352 -0.978266
vn -0.738537 0.000000 0.674213
vn -0.519174 -0.524609 0.674718
vn -0.519174 0.524609 0.674718
vn -0.402673 0.169064 -0.899595
vn 0.757461 0.164540 -0.631807
vn 0.967769 -0.229093 -0.104590
vn 0.700847 -0.658025 -0.275349
vn 0.584644 -0.147717 -0.797729
vn 0.757393 0.467825 -0.455517
vn 0.968119 0.202395 0.147589
vn 0.510167 0.639678 -0.574927
vn 0.882435 0.388783 0.264869
vn -0.860533 -0.507939 -0.038475
vn -0.943393 -0.320844 0.084077
vn -0.973340 -0.213863 -0.082895
vn -0.894438 -0.402612 -0.194639
vn -0.943203 0.084674 0.321245
vn -0.774912 0.458863 -0.434690
vn -0.859773 0.284651 0.423986
vn -0.595814 0.762951 -0.250822
vn 0.247746 -0.901561 -0.354696
vn 0.218367 -0.377357 -0.899954
vn -0.267637 -0.917317 -0.294787
vn -0.228726 -0.526906 -0.818568
vn -0.492733 -0.840682 -0.224652
vn -0.506616 -0.766625 -0.394495
vn 0.714735 -0.688770 -0.121450
vn 0.754550 -0.494376 -0.431563
vn 0.733893 -0.584413 0.346210
vn 0.733905 -0.584380 0.346240
vn 0.733920 -0.584403 0.346171
vn 0.733910 -0.584409 0.346183
vn 0.733954 -0.584361 0.346169
vn 0.733939 -0.584373 0.346181
vn 0.733910 -0.584408 0.346184
vn 0.733939 -0.584369 0.346189
vn 0.733891 -0.584425 0.346196
vn 0.733916 -0.584393 0.346196
vn 0.127067 -0.597887 0.791445
vn 0.319249 -0.753548 0.574670
vn 0.285283 -0.262759 0.921722
vn 0.604843 -0.385927 0.696581
vn 0.398283 0.770923 -0.497039
vn 0.256593 0.961861 -0.094785
vn 0.508731 0.859854 0.042935
vn 0.574040 0.778744 -0.253054
vn -0.088201 0.936234 0.340128
vn 0.249048 0.763650 0.595663
vn -0.402464 0.747416 0.528576
vn 0.058504 0.568377 0.820686
vn 0.061540 0.533511 -0.843551
vn 0.036537 0.564207 -0.824825
vn 0.065115 0.458646 -0.886231
vn -0.061528 0.533503 -0.843557
vn -0.226151 0.967976 -0.108985
vn -0.065118 0.458645 -0.886230
vn -0.125419 0.476704 -0.870071
vn -0.125761 0.426230 -0.895830
vn 0.855410 -0.068458 -0.513407
vn 0.812370 -0.372992 -0.448255
vn 0.854003 0.439732 -0.278054
vn 0.681076 0.729593 0.061892
vn -0.776615 -0.611875 0.149929
vn -0.864719 -0.420999 0.273901
vn -0.865288 0.014560 0.501064
vn -0.653152 0.379790 0.655097
vn 0.496181 -0.680447 -0.539256
vn 0.210738 -0.906769 -0.365184
vn -0.295238 -0.943472 -0.150652
vn -0.512561 -0.858443 -0.018912
vn 0.506839 0.730232 0.458122
vn 0.257159 0.812721 0.522832
vn 0.247749 0.750857 0.612237
vn 0.500259 0.667160 0.551940
vn -0.267337 0.706355 0.655434
vn -0.491420 0.607564 0.623997
vn 0.238226 0.850158 0.469553
vn -0.283914 0.669799 0.686121
vn 0.344512 0.205775 -0.915952
vn 0.387019 -0.056693 -0.920327
vn 0.402598 0.573299 -0.713612
vn 0.443195 0.799875 -0.404695
vn -0.720380 -0.636306 0.275985
vn -0.800487 -0.403515 0.443167
vn -0.733816 0.089931 0.673370
vn -0.487729 0.459173 0.742483
vn 0.237111 -0.441023 -0.865608
vn 0.076484 -0.759244 -0.646296
vn -0.386385 -0.910042 -0.150104
vn -0.565645 -0.823536 0.042828
vn 0.309253 0.942299 0.128198
vn 0.146764 0.951691 -0.269713
vn 0.240301 0.776113 -0.583013
vn -0.127849 0.770514 0.624470
vn -0.165047 0.964970 0.203943
vn -0.521415 0.736475 0.430965
vn 0.272767 -0.044582 -0.961047
vn 0.054164 -0.386562 -0.920672
vn 0.048768 0.033373 -0.998252
vn 0.109578 0.209936 -0.971555
vn 0.423018 0.457056 -0.782404
vn 0.208255 0.533838 -0.819541
vn -0.875571 -0.431261 0.217692
vn -0.917374 -0.137458 0.373536
vn -0.981055 -0.098554 0.166788
vn -0.938082 -0.346100 -0.014719
vn -0.713445 0.396961 0.577423
vn -0.815537 0.416572 0.401706
vn -0.246833 -0.649715 -0.718988
vn -0.228620 -0.377291 -0.897432
vn -0.078413 -0.218672 -0.972643
vn -0.644036 -0.696887 -0.315541
vn -0.620081 -0.572965 -0.535920
vn -0.804386 -0.572115 -0.160148
vn -0.801808 -0.536789 -0.262604
vn 0.510102 0.065753 -0.857597
vn 0.605958 0.572996 -0.551807
vn 0.127785 -0.743212 -0.656740
vn -0.192002 -0.962864 -0.189810
vn -0.328112 -0.937645 0.114732
vn -0.414018 -0.836001 0.360127
vn 0.000000 -0.994747 -0.102360
vn -0.000000 0.988307 0.152476
vn 0.000000 -0.939517 -0.342504
vn -0.000000 0.903571 0.428437
vn 0.000000 -0.644864 -0.764297
vn -0.000000 0.658570 0.752519
vn 0.000000 -0.175552 -0.984470
vn -0.000000 0.233117 0.972449
vn 0.000000 0.999959 -0.009021
vn 0.000000 -0.958265 -0.285883
vn -0.000000 0.939960 0.341286
vn -0.000000 -0.353369 0.935484
vn -0.000000 -0.952124 0.305712
vn 0.000000 -0.531149 -0.847278
vn -0.000000 0.578746 0.815508
vn 0.000000 0.957254 -0.289248
vn 0.000000 0.389950 -0.920836
vn -0.999831 -0.000022 0.018365
vn -0.999831 -0.000030 0.018369
vn -0.999832 -0.000021 0.018337
vn -0.999833 -0.000056 0.018282
vn -0.999831 -0.000040 0.018396
vn -0.999831 -0.000034 0.018374
vn -0.999830 0.000037 0.018410
vn -0.999831 0.000007 0.018385
vn -0.999829 0.000170 0.018504
vn -0.999809 -0.004241 0.019062
vn -0.999830 0.000063 0.018418
vn -0.999832 -0.000019 0.018345
vn -0.999833 0.000091 0.018286
vn -0.999880 -0.004753 0.014778
vn -0.999879 -0.004753 0.014778
vn -0.999831 -0.000089 0.018396
vn -0.999831 0.000005 0.018399
vn -0.999831 -0.000098 0.018369
vn -0.999830 -0.000036 0.018441
vn -0.999830 -0.000145 0.018435
vn -0.999832 0.000029 0.018345
vn -0.999835 -0.000200 0.018164
vn -0.999832 0.000106 0.018348
vn -0.999828 0.000124 0.018540
vn 0.011074 -0.798220 0.602265
vn 0.018335 -0.076224 0.996922
vn 0.013297 0.690749 0.722972
vn 0.013297 0.690749 0.722973
vn 0.012261 -0.745274 0.666646
vn 0.001936 -0.994441 0.105279
vn -0.017704 -0.270121 -0.962663
vn 0.012861 -0.631940 0.774911
vn 0.010959 -0.802921 0.595985
vn -0.014968 0.580850 -0.813873
vn -0.014968 0.580851 -0.813873
vn -0.006436 0.936762 -0.349908
vn -0.000834 -0.998971 -0.045352
vn -0.017641 -0.281799 -0.959311
vn 0.016773 0.409702 0.912065
vn 0.004607 -0.991438 -0.130493
vn 0.004607 -0.991439 -0.130493
vn 0.001568 0.996357 0.085265
vn -0.009682 0.850115 -0.526507
vn -0.009682 0.850116 -0.526507
vn -0.001230 -0.997761 -0.066872
vn 0.012673 0.724510 0.689148
vn 0.011598 -0.775961 0.630675
vn 0.017222 0.350341 0.936464
vn 0.018126 -0.168286 0.985572
vn -0.001077 0.998283 -0.058571
vn 0.014130 -0.639762 0.768443
vn 0.014130 -0.639762 0.768444
vn 0.999831 0.000022 -0.018365
vn 0.999832 0.000021 -0.018337
vn 0.999831 0.000029 -0.018369
vn 0.999826 -0.000098 -0.018651
vn 0.999831 0.000040 -0.018395
vn 0.999831 0.000034 -0.018374
vn 0.999830 -0.000038 -0.018410
vn 0.999831 -0.000038 -0.018410
vn 0.999831 -0.000033 -0.018396
vn 0.999830 -0.000040 -0.018413
vn 0.999831 -0.000013 -0.018366
vn 0.999832 0.000017 -0.018347
vn 0.999831 -0.000109 -0.018402
vn 0.999831 -0.000028 -0.018361
vn 0.999831 -0.000124 -0.018366
vn 0.999831 -0.000005 -0.018399
vn 0.999829 -0.000060 -0.018477
vn 0.999830 0.000036 -0.018441
vn 0.999832 0.000006 -0.018347
vn 0.999832 -0.000029 -0.018345
vn 0.999829 0.000001 -0.018476
vn 0.999832 -0.000106 -0.018348
vn 0.999830 0.000058 -0.018444
vn 0.011077 -0.798220 0.602265
vn 0.018332 -0.076221 0.996922
vn 0.013296 0.690749 0.722973
vn 0.012260 -0.745273 0.666646
vn 0.001936 -0.994441 0.105278
vn -0.017705 -0.270121 -0.962663
vn 0.014241 -0.632712 0.774256
vn 0.010962 -0.802921 0.595985
vn 0.010962 -0.802920 0.595985
vn -0.006434 0.936762 -0.349908
vn -0.017538 -0.281921 -0.959277
vn 0.016772 0.409706 0.912064
vn -0.002455 -0.991050 -0.133470
vn 0.001568 0.996357 0.085266
vn -0.009683 0.850117 -0.526506
vn -0.009683 0.850116 -0.526506
vn 0.012674 0.724511 0.689146
vn 0.011600 -0.775961 0.630675
vn 0.017221 0.350338 0.936465
vn 0.014132 -0.639763 0.768442
vn 0.006489 0.935675 0.352803
vn -0.015221 -0.560851 -0.827777
vn 0.006812 0.928852 0.370387
vn -0.004683 0.967028 -0.254628
vn -0.009439 -0.858174 -0.513272
vn -0.015579 0.531221 -0.847090
vn 0.999831 0.000029 -0.018375
vn 0.999831 -0.000002 -0.018394
vn -0.999831 0.000017 0.018358
vn -0.999831 0.000022 0.018363
vn -0.999832 0.000017 0.018358
vn -0.999831 0.000004 0.018387
vn 0.999831 0.000005 -0.018365
vn 0.999831 0.000011 -0.018373
vn -0.010383 0.825329 -0.564556
vn -0.999831 0.000015 0.018389
vn -0.999831 0.000017 0.018384
vn -0.013649 -0.669699 -0.742507
vn 0.002264 -0.992385 0.123154
vn -0.018192 0.142338 -0.989651
vn 0.013744 -0.663957 0.747645
vn 0.018234 -0.125383 0.991941
vn -0.013013 0.706205 -0.707888
vn -0.003305 0.983699 -0.179792
vn -0.003305 0.983699 -0.179791
vn -0.999830 0.000051 0.018425
vn -0.999832 -0.000102 0.018311
vn -0.999833 -0.000088 0.018253
vn 0.013153 0.698491 0.715498
vn -0.999832 0.000143 0.018322
vn -0.999831 -0.000052 0.018379
vn -0.999833 0.000069 0.018267
vn -0.999676 0.002736 0.025292
vn -0.999599 -0.001094 0.028313
vn -0.999598 -0.001094 0.028313
vn -0.999833 -0.000273 0.018278
vn 0.999830 -0.000030 -0.018420
vn -0.007068 -0.923190 -0.384279
vn -0.999832 0.000008 0.018355
vn -0.999831 0.000008 0.018355
vn 0.008152 0.896366 0.443240
vn 0.999831 -0.000059 -0.018365
vn -0.006763 -0.929905 -0.367737
vn -0.999830 -0.000087 0.018417
vn 0.014709 0.600175 0.799733
vn 0.014709 0.600175 0.799734
vn 0.999831 -0.000067 -0.018366
vn -0.013552 -0.675765 -0.736993
vn -0.999831 0.000067 0.018366
vn 0.015639 0.525848 0.850435
vn 0.999831 0.000033 -0.018364
vn -0.018149 0.159986 -0.986952
vn -0.999831 -0.000034 0.018364
vn 0.014704 -0.600335 0.799614
vn 0.999832 0.000108 -0.018352
vn -0.009870 0.843749 -0.536648
vn -0.999831 0.000121 0.018372
vn -0.000028 0.999999 -0.001536
vn -0.999831 0.000026 0.018366
vn 0.999831 -0.000027 -0.018407
vn -0.012810 0.717423 -0.696520
vn -0.003516 -0.981546 -0.191195
vn -0.010010 -0.838797 -0.544353
vn -0.009953 -0.838771 -0.544394
vn -0.998879 -0.026019 0.039550
vn -0.999108 -0.023203 0.035272
vn -0.999108 -0.023203 0.035273
vn 0.998879 0.026021 -0.039548
vn 0.999108 0.023204 -0.035271
vn -0.000035 -0.835425 -0.549604
vn -0.000033 -0.835425 -0.549605
vn 0.000000 -0.835425 -0.549605
vn -0.000105 0.549617 -0.835417
vn -0.000070 0.835421 0.549610
vn -0.000071 0.835421 0.549610
vn -0.000036 0.835426 0.549604
vn -0.000034 0.835426 0.549603
vn -0.692629 -0.396403 0.602602
vn -0.692612 -0.396412 0.602616
vn 0.721291 -0.380651 0.578656
vn 0.721310 -0.380641 0.578640
vn -0.998709 -0.027920 0.042438
vn 0.998710 0.027915 -0.042426
vn -0.000069 -0.835428 -0.549600
vn 0.000000 -0.835427 -0.549601
vn 0.000000 -0.835428 -0.549601
vn -0.000071 0.835419 0.549614
vn -0.000000 0.835428 0.549601
vn -0.609992 0.527787 -0.591059
vn -0.760933 0.287246 -0.581783
vn -0.610002 0.775764 0.161519
vn -0.716567 0.458443 -0.525702
vn -0.808545 0.048966 0.586394
vn -0.772577 -0.518257 0.366789
vn -0.609992 0.698772 -0.373668
vn -0.767484 0.462990 -0.443406
vn -0.609981 0.672953 0.418398
vn -0.756435 0.648867 0.082332
vn -0.748431 -0.520729 0.410722
vn -0.770515 -0.620603 0.145462
vn -0.907375 0.419894 -0.018969
vn -0.683875 -0.548231 -0.481413
vn -0.578515 -0.813773 0.055628
vn -0.919974 -0.049019 -0.388901
vn -0.577727 -0.044004 -0.815043
vn -0.876119 0.067576 0.477334
vn -0.621700 -0.397817 -0.674708
vn -0.787185 -0.248324 -0.564513
vn -0.586405 0.134525 0.798769
vn -0.728507 0.480923 0.487842
vn -0.671907 -0.403923 -0.620795
vn -0.592576 0.783908 0.185316
vn -0.577831 0.294496 -0.761172
vn 0.172580 -0.816933 0.550306
vn 0.609992 -0.527787 0.591058
vn -0.000000 -0.666056 0.745902
vn 0.188983 0.307350 0.932642
vn -0.609989 0.248016 0.752596
vn 0.188990 0.961362 0.200162
vn 0.609992 0.527787 -0.591059
vn 0.170665 0.417219 -0.892637
vn 0.483148 0.564649 -0.669134
vn 0.534993 0.037265 0.844034
vn 0.170072 -0.959429 0.224879
vn 0.609999 -0.698787 0.373628
vn -0.000000 -0.881859 0.471513
vn 0.188958 -0.032089 0.981461
vn -0.610003 -0.025894 0.791976
vn 0.189001 0.833936 0.518487
vn 0.609992 0.698772 -0.373668
vn 0.169564 0.711758 -0.681651
vn 0.790126 0.608069 0.077155
vn -0.000000 -0.785161 0.619292
vn 0.337404 0.362161 -0.868906
vn 0.577707 -0.044005 -0.815057
vn -0.000000 -0.997672 0.068199
vn 0.053505 -0.750337 -0.658887
vn 0.307833 0.826311 -0.471644
vn 0.000000 -0.507902 -0.861415
vn -0.000000 0.140172 0.990127
vn 0.000000 -0.402654 -0.915352
vn -0.000000 0.166077 0.986113
vn 0.000000 -0.545374 -0.838193
vn -0.000000 0.702039 0.712139
vn 0.000000 0.360833 -0.932630
vn -0.000000 0.973177 0.230059
vn 0.999429 -0.026842 -0.020511
vn 0.000000 0.665316 -0.746562
vn 0.000000 0.665428 -0.746462
vn 0.000000 0.665292 -0.746583
vn 0.998878 -0.026023 0.039554
vn 0.999677 -0.013975 0.021241
vn -0.707078 -0.571676 -0.416205
vn -0.999036 0.024126 -0.036670
vn -0.888400 0.405043 0.216066
vn 0.000036 -0.835425 -0.549604
vn 0.000000 -0.835422 -0.549609
vn -0.717039 -0.579558 -0.387256
vn 0.724858 0.378630 -0.575517
vn -0.561129 -0.160083 -0.812101
vn -0.688895 0.398397 -0.605560
vn 0.724873 0.378622 -0.575504
vn -0.000000 0.835423 0.549608
vn -0.000000 0.835427 0.549601
vn -0.451443 0.747170 0.487787
vn 0.704656 -0.389949 0.592789
vn -0.000000 -0.549573 0.835445
vn 0.704638 -0.389959 0.592804
vn -0.708669 0.592119 0.383644
vn -0.999976 0.003826 -0.005816
vn 0.000069 -0.835428 -0.549600
vn -0.000000 0.835418 0.549615
vn 0.610002 0.775764 0.161519
vn 0.760934 0.287240 -0.581784
vn 0.772578 -0.518260 0.366783
vn 0.808546 0.048958 0.586393
vn 0.716566 0.458439 -0.525706
vn 0.609979 0.698748 -0.373733
vn 0.609981 0.672953 0.418398
vn 0.767507 0.462934 -0.443425
vn 0.770515 -0.620603 0.145462
vn 0.748431 -0.520729 0.410723
vn 0.756433 0.648868 0.082334
vn 0.907375 0.419894 -0.018969
vn 0.578515 -0.813773 0.055628
vn 0.683875 -0.548231 -0.481413
vn 0.577727 -0.044004 -0.815043
vn 0.919975 -0.049019 -0.388901
vn 0.621700 -0.397817 -0.674708
vn 0.876119 0.067576 0.477335
vn 0.787185 -0.248324 -0.564513
vn 0.586405 0.134525 0.798769
vn 0.671907 -0.403923 -0.620795
vn 0.728507 0.480923 0.487842
vn 0.577831 0.294496 -0.761172
vn 0.592576 0.783908 0.185316
vn -0.609992 -0.527787 0.591058
vn -0.172581 -0.816933 0.550306
vn 0.609989 0.248016 0.752596
vn -0.188983 0.307350 0.932642
vn -0.188990 0.961362 0.200162
vn -0.170665 0.417219 -0.892637
vn -0.483148 0.564649 -0.669134
vn -0.534993 0.037265 0.844034
vn -0.609999 -0.698787 0.373628
vn -0.170072 -0.959429 0.224879
vn 0.610002 -0.025894 0.791976
vn -0.188959 -0.032089 0.981461
vn -0.189020 0.833933 0.518485
vn -0.609979 0.698748 -0.373733
vn -0.169605 0.711697 -0.681705
vn -0.790125 0.608069 0.077157
vn -0.577707 -0.044005 -0.815057
vn -0.337404 0.362161 -0.868906
vn -0.053504 -0.750337 -0.658887
vn -0.307833 0.826311 -0.471644
vn -0.999429 -0.026842 -0.020511
vn 0.113721 0.332072 -0.936374
vn 0.093987 -0.335886 -0.937202
vn -0.126593 -0.391556 -0.911405
vn -0.100929 0.458247 -0.883076
vn -0.029436 0.810475 -0.585033
vn 0.253060 0.186941 -0.949217
vn 0.241160 -0.191824 -0.951339
vn -0.081637 -0.741210 -0.666291
vn -0.256910 -0.125801 -0.958212
vn -0.254807 0.133091 -0.957789
vn 0.726314 0.687364 0.000000
vn -0.042125 0.999112 -0.000000
vn -0.038752 0.999249 -0.000000
vn 0.731568 0.681769 0.000000
vn 0.702997 -0.711192 0.000000
vn 0.707626 -0.706587 0.000000
vn -0.100937 -0.994893 -0.000000
vn -0.097896 -0.995197 -0.000000
vn -0.781776 -0.623559 -0.000000
vn -0.768262 -0.640135 -0.000000
vn -0.743496 0.668740 -0.000000
vn -0.728434 0.685116 -0.000000
vn -0.052444 0.005268 0.998610
vn -0.051210 0.005230 0.998674
vn -0.022583 0.004352 0.999735
vn -0.022583 0.004352 0.999736
vn -0.083982 0.006231 0.996448
vn -0.131065 -0.000066 0.991374
vn -0.131065 -0.000062 0.991374
vn -0.087036 0.565865 0.819891
vn -0.084491 0.577943 0.811692
vn -0.038915 0.994398 0.098278
vn -0.046324 0.647277 -0.760846
vn -0.044882 0.661387 -0.748700
vn -0.073233 -0.000063 -0.997315
vn -0.073233 -0.000065 -0.997315
vn -0.046321 -0.647328 -0.760803
vn -0.044879 -0.661436 -0.748658
vn -0.038915 -0.994398 0.098278
vn -0.087032 -0.565920 0.819854
vn -0.084487 -0.577996 0.811654
vn 0.737377 -0.653966 -0.169126
vn 0.999832 0.000151 -0.018330
vn 0.706688 0.655314 0.266749
vn -0.999831 -0.000046 0.018382
vn -0.743128 -0.653930 -0.141902
vn -0.435822 0.824834 0.360150
vn 0.663133 -0.723873 -0.190426
vn -0.004395 -0.971003 -0.239026
vn 0.006851 0.928889 0.370296
vn 0.006851 0.928888 0.370296
vn 0.999831 0.000035 -0.018376
vn -0.999831 -0.000035 0.018376
vn -0.004485 -0.970161 -0.242421
vn 0.003757 0.979151 0.203097
vn 0.017644 -0.282375 0.959142
vn -0.017470 0.328761 -0.944252
vn 0.007669 0.910027 0.414479
vn 0.741752 0.615364 0.266703
vn 0.007625 0.910027 0.414480
vn -0.999829 0.000279 0.018478
vn 0.017746 -0.282367 0.959142
vn -0.016934 0.390200 -0.920574
vn -0.016934 0.390200 -0.920575
vn 0.999833 0.000303 -0.018282
vn -0.004254 -0.972857 -0.231368
vn -0.004256 -0.972861 -0.231350
# 3176 vertex normals

vt 0.395800 0.969300 0.000000
vt 0.382100 0.972400 0.000000
vt 0.379400 0.962000 0.000000
vt 0.717700 0.740700 0.000000
vt 0.723000 0.725400 0.000000
vt 0.749200 0.724900 0.000000
vt 0.183200 0.325100 0.000000
vt 0.139400 0.292900 0.000000
vt 0.176700 0.305800 0.000000
vt 0.207500 0.319500 0.000000
vt 0.140400 0.295700 0.000000
vt 0.166500 0.328600 0.000000
vt 0.282800 0.367700 0.000000
vt 0.279100 0.357100 0.000000
vt 0.324500 0.378100 0.000000
vt 0.324300 0.380800 0.000000
vt 0.722800 0.712400 0.000000
vt 0.751700 0.711800 0.000000
vt 0.762100 0.535000 0.000000
vt 0.775100 0.533900 0.000000
vt 0.785800 0.538600 0.000000
vt 0.418300 0.938700 0.000000
vt 0.462800 0.945100 0.000000
vt 0.428300 0.955700 0.000000
vt 0.439100 0.926700 0.000000
vt 0.785900 0.401000 0.000000
vt 0.768100 0.421800 0.000000
vt 0.749600 0.415900 0.000000
vt 0.793300 0.390600 0.000000
vt 0.804500 0.392000 0.000000
vt 0.763500 0.396200 0.000000
vt 0.823100 0.467200 0.000000
vt 0.844800 0.506900 0.000000
vt 0.803900 0.485200 0.000000
vt 0.861400 0.488700 0.000000
vt 0.863400 0.509100 0.000000
vt 0.848100 0.514500 0.000000
vt 0.848500 0.534900 0.000000
vt 0.826200 0.536200 0.000000
vt 0.831000 0.516600 0.000000
vt 0.794400 0.500400 0.000000
vt 0.786300 0.518600 0.000000
vt 0.751300 0.496300 0.000000
vt 0.767000 0.492800 0.000000
vt 0.680400 0.407800 0.000000
vt 0.681600 0.430500 0.000000
vt 0.667400 0.411300 0.000000
vt 0.734100 0.629900 0.000000
vt 0.734600 0.653000 0.000000
vt 0.726500 0.685500 0.000000
vt 0.710200 0.675100 0.000000
vt 0.775100 0.521600 0.000000
vt 0.730300 0.507600 0.000000
vt 0.737300 0.498400 0.000000
vt 0.739100 0.602900 0.000000
vt 0.744000 0.606600 0.000000
vt 0.744200 0.629700 0.000000
vt 0.744500 0.652600 0.000000
vt 0.744900 0.685200 0.000000
vt 0.771800 0.532300 0.000000
vt 0.723900 0.518000 0.000000
vt 0.886600 0.520200 0.000000
vt 0.862200 0.533100 0.000000
vt 0.743900 0.586300 0.000000
vt 0.883100 0.376500 0.000000
vt 0.844100 0.383500 0.000000
vt 0.847000 0.379300 0.000000
vt 0.883000 0.372900 0.000000
vt 0.757800 0.545400 0.000000
vt 0.720300 0.538900 0.000000
vt 0.788500 0.553300 0.000000
vt 0.165200 0.332800 0.000000
vt 0.807900 0.387800 0.000000
vt 0.469700 0.199200 0.000000
vt 0.461500 0.202800 0.000000
vt 0.453800 0.195800 0.000000
vt 0.475700 0.503100 0.000000
vt 0.484500 0.502300 0.000000
vt 0.485300 0.507100 0.000000
vt 0.475300 0.507900 0.000000
vt 0.559700 0.528500 0.000000
vt 0.560400 0.534300 0.000000
vt 0.559300 0.534300 0.000000
vt 0.557300 0.529700 0.000000
vt 0.564300 0.520700 0.000000
vt 0.568900 0.534200 0.000000
vt 0.524800 0.192100 0.000000
vt 0.544600 0.201200 0.000000
vt 0.527200 0.201100 0.000000
vt 0.477300 0.498800 0.000000
vt 0.553000 0.520500 0.000000
vt 0.547500 0.519900 0.000000
vt 0.520200 0.210000 0.000000
vt 0.500600 0.197600 0.000000
vt 0.510000 0.186700 0.000000
vt 0.866700 0.672000 0.000000
vt 0.866700 0.668200 0.000000
vt 0.878900 0.668500 0.000000
vt 0.878400 0.674300 0.000000
vt 0.269700 0.349200 0.000000
vt 0.201800 0.331900 0.000000
vt 0.291200 0.372900 0.000000
vt 0.880100 0.501700 0.000000
vt 0.873100 0.472000 0.000000
vt 0.896900 0.483700 0.000000
vt 0.888000 0.494400 0.000000
vt 0.891100 0.462800 0.000000
vt 0.904600 0.475300 0.000000
vt 0.690300 0.549400 0.000000
vt 0.720600 0.551500 0.000000
vt 0.722200 0.561900 0.000000
vt 0.700300 0.561900 0.000000
vt 0.754400 0.554700 0.000000
vt 0.753200 0.561900 0.000000
vt 0.778100 0.588100 0.000000
vt 0.750600 0.581700 0.000000
vt 0.782900 0.576300 0.000000
vt 0.814400 0.560600 0.000000
vt 0.812600 0.570800 0.000000
vt 0.788300 0.560800 0.000000
vt 0.459800 0.203200 0.000000
vt 0.448400 0.198400 0.000000
vt 0.540100 0.525600 0.000000
vt 0.517200 0.516500 0.000000
vt 0.521400 0.505000 0.000000
vt 0.683100 0.540800 0.000000
vt 0.843700 0.459400 0.000000
vt 0.881600 0.455600 0.000000
vt 0.734100 0.310900 0.000000
vt 0.712500 0.313300 0.000000
vt 0.713300 0.305100 0.000000
vt 0.714600 0.291100 0.000000
vt 0.733700 0.293200 0.000000
vt 0.733700 0.299300 0.000000
vt 0.713300 0.300100 0.000000
vt 0.715500 0.281100 0.000000
vt 0.733700 0.284000 0.000000
vt 0.721800 0.577900 0.000000
vt 0.702800 0.576700 0.000000
vt 0.799900 0.597500 0.000000
vt 0.810100 0.571800 0.000000
vt 0.444600 0.217400 0.000000
vt 0.455200 0.219400 0.000000
vt 0.514800 0.534600 0.000000
vt 0.480300 0.937100 0.000000
vt 0.483700 0.905800 0.000000
vt 0.514400 0.922500 0.000000
vt 0.709200 0.743200 0.000000
vt 0.709400 0.725800 0.000000
vt 0.709300 0.712700 0.000000
vt 0.654700 0.750100 0.000000
vt 0.655900 0.713800 0.000000
vt 0.787900 0.480900 0.000000
vt 0.710900 0.498300 0.000000
vt 0.717700 0.487800 0.000000
vt 0.700400 0.428900 0.000000
vt 0.711000 0.398100 0.000000
vt 0.721700 0.427600 0.000000
vt 0.742700 0.389700 0.000000
vt 0.757800 0.383500 0.000000
vt 0.526200 0.502600 0.000000
vt 0.528800 0.497100 0.000000
vt 0.487500 0.514100 0.000000
vt 0.482800 0.534800 0.000000
vt 0.791400 0.367900 0.000000
vt 0.800200 0.375700 0.000000
vt 0.855500 0.369900 0.000000
vt 0.881700 0.356800 0.000000
vt 0.917300 0.368100 0.000000
vt 0.929200 0.370000 0.000000
vt 0.466900 0.504400 0.000000
vt 0.471400 0.512500 0.000000
vt 0.460600 0.508600 0.000000
vt 0.465700 0.535000 0.000000
vt 0.453600 0.535200 0.000000
vt 0.462800 0.502700 0.000000
vt 0.458900 0.507600 0.000000
vt 0.451200 0.535200 0.000000
vt 0.544500 0.208100 0.000000
vt 0.547100 0.212000 0.000000
vt 0.529900 0.213400 0.000000
vt 0.336300 0.381100 0.000000
vt 0.335600 0.383700 0.000000
vt 0.550300 0.204800 0.000000
vt 0.895900 0.669600 0.000000
vt 0.896300 0.674000 0.000000
vt 0.520500 0.214000 0.000000
vt 0.212400 0.359500 0.000000
vt 0.262200 0.372300 0.000000
vt 0.475200 0.175700 0.000000
vt 0.474700 0.174700 0.000000
vt 0.506700 0.185300 0.000000
vt 0.267500 0.374400 0.000000
vt 0.436200 0.215800 0.000000
vt 0.439100 0.192900 0.000000
vt 0.439100 0.187600 0.000000
vt 0.438600 0.177400 0.000000
vt 0.437700 0.175400 0.000000
vt 0.817800 0.575000 0.000000
vt 0.806300 0.599900 0.000000
vt 0.819300 0.571500 0.000000
vt 0.470800 0.176100 0.000000
vt 0.460600 0.183300 0.000000
vt 0.471400 0.177500 0.000000
vt 0.460700 0.185700 0.000000
vt 0.748700 0.716700 0.000000
vt 0.756000 0.720300 0.000000
vt 0.127200 0.293500 0.000000
vt 0.125300 0.289300 0.000000
vt 0.944600 0.366600 0.000000
vt 0.944500 0.370800 0.000000
vt 0.898200 0.344200 0.000000
vt 0.532900 0.891300 0.000000
vt 0.568600 0.900000 0.000000
vt 0.857300 0.354200 0.000000
vt 0.846900 0.341500 0.000000
vt 0.861500 0.322400 0.000000
vt 0.416300 0.936400 0.000000
vt 0.434900 0.924100 0.000000
vt 0.446500 0.918500 0.000000
vt 0.397000 0.940300 0.000000
vt 0.411600 0.931100 0.000000
vt 0.429000 0.919100 0.000000
vt 0.435900 0.916400 0.000000
vt 0.457900 0.885500 0.000000
vt 0.486500 0.881800 0.000000
vt 0.440900 0.870300 0.000000
vt 0.401600 0.926700 0.000000
vt 0.395400 0.860000 0.000000
vt 0.372300 0.911000 0.000000
vt 0.368200 0.872700 0.000000
vt 0.387700 0.926900 0.000000
vt 0.348300 0.884800 0.000000
vt 0.347400 0.918200 0.000000
vt 0.315500 0.905800 0.000000
vt 0.462400 0.854500 0.000000
vt 0.494300 0.863400 0.000000
vt 0.406200 0.848500 0.000000
vt 0.425000 0.825900 0.000000
vt 0.526200 0.874800 0.000000
vt 0.395700 0.818400 0.000000
vt 0.368300 0.978700 0.000000
vt 0.365000 0.969500 0.000000
vt 0.380300 0.951500 0.000000
vt 0.409400 0.925200 0.000000
vt 0.392900 0.932700 0.000000
vt 0.382300 0.939500 0.000000
vt 0.104700 0.338500 0.000000
vt 0.115900 0.333400 0.000000
vt 0.089500 0.300900 0.000000
vt 0.110500 0.351900 0.000000
vt 0.126200 0.336600 0.000000
vt 0.124200 0.374000 0.000000
vt 0.143800 0.356200 0.000000
vt 0.359400 0.916200 0.000000
vt 0.137700 0.410200 0.000000
vt 0.148800 0.391500 0.000000
vt 0.375500 0.931800 0.000000
vt 0.132700 0.403300 0.000000
vt 0.126400 0.388900 0.000000
vt 0.159600 0.380000 0.000000
vt 0.359600 0.828400 0.000000
vt 0.374200 0.833300 0.000000
vt 0.387900 0.749600 0.000000
vt 0.401300 0.762800 0.000000
vt 0.384700 0.815800 0.000000
vt 0.566800 0.877300 0.000000
vt 0.579900 0.882800 0.000000
vt 0.556600 0.864500 0.000000
vt 0.581300 0.839900 0.000000
vt 0.592100 0.843500 0.000000
vt 0.569600 0.834200 0.000000
vt 0.582600 0.787300 0.000000
vt 0.596500 0.788500 0.000000
vt 0.568600 0.784000 0.000000
vt 0.485600 0.823000 0.000000
vt 0.505000 0.780000 0.000000
vt 0.510400 0.797600 0.000000
vt 0.503400 0.814700 0.000000
vt 0.461200 0.796800 0.000000
vt 0.467700 0.815400 0.000000
vt 0.430600 0.763100 0.000000
vt 0.466100 0.777600 0.000000
vt 0.520400 0.858800 0.000000
vt 0.527400 0.823700 0.000000
vt 0.581200 0.757400 0.000000
vt 0.589200 0.758200 0.000000
vt 0.566100 0.757000 0.000000
vt 0.512800 0.773200 0.000000
vt 0.521200 0.793800 0.000000
vt 0.488800 0.772200 0.000000
vt 0.490800 0.767600 0.000000
vt 0.526300 0.862500 0.000000
vt 0.536200 0.823800 0.000000
vt 0.565800 0.782900 0.000000
vt 0.391700 0.856300 0.000000
vt 0.401500 0.847200 0.000000
vt 0.394800 0.819400 0.000000
vt 0.368900 0.871600 0.000000
vt 0.380200 0.835400 0.000000
vt 0.386900 0.817800 0.000000
vt 0.408300 0.738700 0.000000
vt 0.447300 0.743500 0.000000
vt 0.479500 0.769900 0.000000
vt 0.399900 0.706500 0.000000
vt 0.425800 0.713600 0.000000
vt 0.395600 0.707400 0.000000
vt 0.434700 0.713600 0.000000
vt 0.467200 0.743700 0.000000
vt 0.400300 0.702100 0.000000
vt 0.419200 0.706700 0.000000
vt 0.388400 0.722500 0.000000
vt 0.498000 0.737000 0.000000
vt 0.537300 0.740300 0.000000
vt 0.566000 0.747200 0.000000
vt 0.581100 0.747900 0.000000
vt 0.589100 0.748700 0.000000
vt 0.655100 0.751000 0.000000
vt 0.670000 0.427800 0.000000
vt 0.637800 0.423500 0.000000
vt 0.642500 0.412400 0.000000
vt 0.670300 0.426700 0.000000
vt 0.651300 0.713900 0.000000
vt 0.626500 0.747600 0.000000
vt 0.611900 0.714800 0.000000
vt 0.612600 0.370900 0.000000
vt 0.630400 0.382700 0.000000
vt 0.632400 0.393400 0.000000
vt 0.580200 0.373300 0.000000
vt 0.542700 0.373300 0.000000
vt 0.543400 0.360400 0.000000
vt 0.578000 0.364900 0.000000
vt 0.993200 0.463300 0.000000
vt 0.993100 0.456100 0.000000
vt 0.972100 0.456100 0.000000
vt 0.972100 0.463300 0.000000
vt 0.993400 0.469600 0.000000
vt 0.972300 0.469600 0.000000
vt 0.993000 0.454700 0.000000
vt 0.972100 0.454900 0.000000
vt 0.992400 0.477700 0.000000
vt 0.972200 0.477700 0.000000
vt 0.993000 0.451900 0.000000
vt 0.972200 0.451800 0.000000
vt 0.993100 0.450800 0.000000
vt 0.972200 0.451100 0.000000
vt 0.610200 0.399800 0.000000
vt 0.580900 0.388500 0.000000
vt 0.650300 0.403000 0.000000
vt 0.500100 0.362200 0.000000
vt 0.526000 0.355900 0.000000
vt 0.993000 0.447900 0.000000
vt 0.972100 0.448000 0.000000
vt 0.518600 0.317800 0.000000
vt 0.536700 0.333000 0.000000
vt 0.993000 0.441000 0.000000
vt 0.972200 0.441300 0.000000
vt 0.491300 0.608500 0.000000
vt 0.472900 0.616600 0.000000
vt 0.468700 0.609600 0.000000
vt 0.486200 0.603800 0.000000
vt 0.481300 0.584000 0.000000
vt 0.487900 0.594800 0.000000
vt 0.430100 0.581800 0.000000
vt 0.354400 0.692700 0.000000
vt 0.352600 0.685800 0.000000
vt 0.334700 0.685300 0.000000
vt 0.334000 0.667300 0.000000
vt 0.348600 0.665900 0.000000
vt 0.331900 0.697600 0.000000
vt 0.294500 0.682200 0.000000
vt 0.336300 0.609300 0.000000
vt 0.404900 0.618500 0.000000
vt 0.340300 0.630600 0.000000
vt 0.275000 0.658100 0.000000
vt 0.273500 0.624800 0.000000
vt 0.308100 0.634600 0.000000
vt 0.323300 0.667900 0.000000
vt 0.423000 0.634300 0.000000
vt 0.422200 0.625900 0.000000
vt 0.327200 0.663600 0.000000
vt 0.336400 0.662800 0.000000
vt 0.349000 0.661900 0.000000
vt 0.415900 0.634000 0.000000
vt 0.415200 0.627600 0.000000
vt 0.400300 0.621900 0.000000
vt 0.342800 0.632100 0.000000
vt 0.314200 0.635200 0.000000
vt 0.269500 0.670000 0.000000
vt 0.497600 0.362800 0.000000
vt 0.499700 0.324100 0.000000
vt 0.507000 0.315500 0.000000
vt 0.840800 0.191700 0.000000
vt 0.853600 0.164700 0.000000
vt 0.867800 0.179800 0.000000
vt 0.167400 0.118600 0.000000
vt 0.150600 0.109700 0.000000
vt 0.149900 0.080800 0.000000
vt 0.166700 0.080600 0.000000
vt 0.145000 0.108500 0.000000
vt 0.143400 0.081000 0.000000
vt 0.173400 0.080500 0.000000
vt 0.174000 0.113600 0.000000
vt 0.072900 0.105500 0.000000
vt 0.046900 0.095700 0.000000
vt 0.047400 0.079000 0.000000
vt 0.073500 0.079600 0.000000
vt 0.706500 0.753100 0.000000
vt 0.707200 0.760900 0.000000
vt 0.676000 0.760700 0.000000
vt 0.676000 0.752900 0.000000
vt 0.036200 0.094900 0.000000
vt 0.024000 0.094600 0.000000
vt 0.024600 0.076900 0.000000
vt 0.036800 0.077400 0.000000
vt 0.130700 0.108200 0.000000
vt 0.113500 0.108000 0.000000
vt 0.114000 0.080400 0.000000
vt 0.131600 0.081100 0.000000
vt 0.139900 0.108400 0.000000
vt 0.992700 0.410800 0.000000
vt 0.992700 0.405200 0.000000
vt 0.971800 0.405300 0.000000
vt 0.971900 0.411200 0.000000
vt 0.223900 0.971100 0.000000
vt 0.240800 0.963800 0.000000
vt 0.237800 0.974500 0.000000
vt 0.716500 0.684400 0.000000
vt 0.748600 0.698800 0.000000
vt 0.722400 0.699400 0.000000
vt 0.247000 0.229100 0.000000
vt 0.222200 0.226300 0.000000
vt 0.252400 0.210300 0.000000
vt 0.290800 0.195200 0.000000
vt 0.290700 0.198700 0.000000
vt 0.263900 0.231500 0.000000
vt 0.149600 0.275900 0.000000
vt 0.108900 0.289100 0.000000
vt 0.108700 0.286400 0.000000
vt 0.153400 0.265200 0.000000
vt 0.630800 0.488600 0.000000
vt 0.607600 0.492300 0.000000
vt 0.618200 0.487700 0.000000
vt 0.201200 0.939400 0.000000
vt 0.155700 0.946400 0.000000
vt 0.179700 0.927300 0.000000
vt 0.190900 0.956800 0.000000
vt 0.672500 0.336200 0.000000
vt 0.708800 0.350600 0.000000
vt 0.690400 0.357000 0.000000
vt 0.665800 0.326000 0.000000
vt 0.695500 0.331900 0.000000
vt 0.654500 0.327700 0.000000
vt 0.603000 0.418700 0.000000
vt 0.621800 0.436800 0.000000
vt 0.577100 0.460100 0.000000
vt 0.561300 0.441600 0.000000
vt 0.557100 0.462200 0.000000
vt 0.573200 0.467700 0.000000
vt 0.591800 0.470000 0.000000
vt 0.596800 0.491300 0.000000
vt 0.572100 0.489600 0.000000
vt 0.631800 0.453100 0.000000
vt 0.661600 0.445000 0.000000
vt 0.679200 0.448600 0.000000
vt 0.642000 0.473100 0.000000
vt 0.775900 0.344700 0.000000
vt 0.788500 0.347700 0.000000
vt 0.774000 0.367400 0.000000
vt 0.754300 0.629600 0.000000
vt 0.779300 0.674300 0.000000
vt 0.763300 0.685000 0.000000
vt 0.754500 0.652700 0.000000
vt 0.696100 0.450700 0.000000
vt 0.706900 0.459000 0.000000
vt 0.658000 0.475600 0.000000
vt 0.748800 0.602800 0.000000
vt 0.716400 0.468300 0.000000
vt 0.663300 0.486800 0.000000
vt 0.557100 0.487300 0.000000
vt 0.531300 0.472300 0.000000
vt 0.572200 0.313000 0.000000
vt 0.572800 0.309700 0.000000
vt 0.610800 0.315600 0.000000
vt 0.613800 0.319700 0.000000
vt 0.634800 0.498900 0.000000
vt 0.672000 0.492400 0.000000
vt 0.605000 0.507100 0.000000
vt 0.264300 0.235700 0.000000
vt 0.651100 0.323900 0.000000
vt 0.470100 0.243400 0.000000
vt 0.454200 0.246600 0.000000
vt 0.462000 0.239600 0.000000
vt 0.476500 0.566700 0.000000
vt 0.475900 0.561900 0.000000
vt 0.485900 0.562500 0.000000
vt 0.485200 0.567300 0.000000
vt 0.559900 0.540100 0.000000
vt 0.557400 0.539000 0.000000
vt 0.564600 0.547800 0.000000
vt 0.525200 0.250900 0.000000
vt 0.527400 0.241800 0.000000
vt 0.544700 0.241000 0.000000
vt 0.478100 0.571000 0.000000
vt 0.553400 0.548300 0.000000
vt 0.547800 0.548900 0.000000
vt 0.520100 0.233000 0.000000
vt 0.510300 0.256500 0.000000
vt 0.501000 0.245800 0.000000
vt 0.855100 0.674300 0.000000
vt 0.854600 0.668500 0.000000
vt 0.161600 0.257900 0.000000
vt 0.229400 0.237800 0.000000
vt 0.142800 0.282700 0.000000
vt 0.539900 0.454200 0.000000
vt 0.532300 0.446900 0.000000
vt 0.524000 0.436200 0.000000
vt 0.550400 0.424500 0.000000
vt 0.516700 0.427500 0.000000
vt 0.531800 0.414800 0.000000
vt 0.702300 0.501500 0.000000
vt 0.692700 0.514600 0.000000
vt 0.670500 0.515100 0.000000
vt 0.671800 0.504800 0.000000
vt 0.639400 0.515400 0.000000
vt 0.638100 0.508000 0.000000
vt 0.615500 0.542400 0.000000
vt 0.610700 0.530600 0.000000
vt 0.642400 0.535200 0.000000
vt 0.580100 0.514200 0.000000
vt 0.605200 0.514900 0.000000
vt 0.582100 0.524700 0.000000
vt 0.460100 0.239100 0.000000
vt 0.448800 0.243900 0.000000
vt 0.540300 0.543300 0.000000
vt 0.522000 0.564200 0.000000
vt 0.517500 0.552800 0.000000
vt 0.709000 0.492600 0.000000
vt 0.542000 0.407200 0.000000
vt 0.582400 0.411200 0.000000
vt 0.755000 0.305100 0.000000
vt 0.755800 0.313300 0.000000
vt 0.752700 0.291100 0.000000
vt 0.754000 0.300100 0.000000
vt 0.751800 0.281100 0.000000
vt 0.690500 0.529500 0.000000
vt 0.671200 0.531100 0.000000
vt 0.593800 0.552000 0.000000
vt 0.584100 0.526100 0.000000
vt 0.444800 0.225000 0.000000
vt 0.455400 0.222800 0.000000
vt 0.137600 0.938800 0.000000
vt 0.102400 0.924500 0.000000
vt 0.133300 0.906900 0.000000
vt 0.708900 0.699600 0.000000
vt 0.707900 0.682300 0.000000
vt 0.653200 0.677500 0.000000
vt 0.638900 0.432000 0.000000
vt 0.712500 0.433200 0.000000
vt 0.723300 0.441500 0.000000
vt 0.754800 0.365300 0.000000
vt 0.748100 0.333400 0.000000
vt 0.734600 0.362600 0.000000
vt 0.716700 0.325800 0.000000
vt 0.702000 0.319300 0.000000
vt 0.526900 0.566600 0.000000
vt 0.529500 0.572000 0.000000
vt 0.487900 0.555400 0.000000
vt 0.658700 0.311800 0.000000
vt 0.667400 0.303900 0.000000
vt 0.602300 0.306100 0.000000
vt 0.574700 0.294000 0.000000
vt 0.536600 0.304700 0.000000
vt 0.524100 0.306700 0.000000
vt 0.467600 0.565600 0.000000
vt 0.461300 0.561600 0.000000
vt 0.472000 0.557500 0.000000
vt 0.463600 0.567400 0.000000
vt 0.459600 0.562600 0.000000
vt 0.544300 0.234000 0.000000
vt 0.529500 0.229300 0.000000
vt 0.546800 0.230000 0.000000
vt 0.097500 0.291700 0.000000
vt 0.096900 0.289000 0.000000
vt 0.550300 0.237100 0.000000
vt 0.837600 0.669600 0.000000
vt 0.837200 0.674000 0.000000
vt 0.520100 0.229100 0.000000
vt 0.220300 0.266000 0.000000
vt 0.170900 0.276400 0.000000
vt 0.475300 0.267300 0.000000
vt 0.474900 0.268300 0.000000
vt 0.506900 0.257800 0.000000
vt 0.166900 0.277900 0.000000
vt 0.439500 0.249500 0.000000
vt 0.436400 0.226700 0.000000
vt 0.437800 0.266800 0.000000
vt 0.438800 0.264800 0.000000
vt 0.439400 0.254600 0.000000
vt 0.587100 0.554200 0.000000
vt 0.576600 0.528400 0.000000
vt 0.575900 0.524400 0.000000
vt 0.460900 0.259300 0.000000
vt 0.470900 0.266800 0.000000
vt 0.471500 0.265400 0.000000
vt 0.461000 0.256900 0.000000
vt 0.755700 0.703000 0.000000
vt 0.748500 0.707000 0.000000
vt 0.304500 0.197300 0.000000
vt 0.306700 0.193200 0.000000
vt 0.508100 0.307900 0.000000
vt 0.508500 0.303000 0.000000
vt 0.557400 0.281700 0.000000
vt 0.046400 0.902800 0.000000
vt 0.082500 0.892800 0.000000
vt 0.600300 0.290100 0.000000
vt 0.610200 0.276900 0.000000
vt 0.594400 0.258300 0.000000
vt 0.184100 0.924700 0.000000
vt 0.203200 0.937300 0.000000
vt 0.171800 0.919300 0.000000
vt 0.223000 0.941500 0.000000
vt 0.189800 0.919400 0.000000
vt 0.207900 0.932200 0.000000
vt 0.182700 0.917500 0.000000
vt 0.177200 0.873400 0.000000
vt 0.224600 0.862800 0.000000
vt 0.241300 0.896000 0.000000
vt 0.180100 0.894000 0.000000
vt 0.131600 0.894900 0.000000
vt 0.272700 0.887600 0.000000
vt 0.306500 0.907100 0.000000
vt 0.274300 0.921400 0.000000
vt 0.248400 0.914100 0.000000
vt 0.129800 0.883800 0.000000
vt 0.122200 0.865300 0.000000
vt 0.153800 0.855600 0.000000
vt 0.193700 0.830200 0.000000
vt 0.211000 0.852100 0.000000
vt 0.090100 0.876200 0.000000
vt 0.221900 0.820900 0.000000
vt 0.255300 0.971800 0.000000
vt 0.251900 0.981100 0.000000
vt 0.240000 0.953000 0.000000
vt 0.210000 0.926500 0.000000
vt 0.227100 0.933700 0.000000
vt 0.238000 0.940800 0.000000
vt 0.104300 0.338500 0.000000
vt 0.089300 0.300900 0.000000
vt 0.115500 0.333500 0.000000
vt 0.125700 0.336700 0.000000
vt 0.110000 0.351800 0.000000
vt 0.144100 0.356300 0.000000
vt 0.124300 0.374000 0.000000
vt 0.261600 0.919500 0.000000
vt 0.137800 0.410200 0.000000
vt 0.244400 0.934800 0.000000
vt 0.232000 0.929400 0.000000
vt 0.126700 0.388700 0.000000
vt 0.217600 0.928100 0.000000
vt 0.159700 0.380000 0.000000
vt 0.252600 0.875500 0.000000
vt 0.246400 0.835500 0.000000
vt 0.261200 0.830500 0.000000
vt 0.231500 0.751600 0.000000
vt 0.235300 0.818000 0.000000
vt 0.218600 0.765700 0.000000
vt 0.034700 0.885900 0.000000
vt 0.048100 0.879400 0.000000
vt 0.057500 0.865700 0.000000
vt 0.019500 0.847200 0.000000
vt 0.030600 0.842900 0.000000
vt 0.043500 0.836600 0.000000
vt 0.012300 0.791100 0.000000
vt 0.026600 0.790100 0.000000
vt 0.042400 0.785500 0.000000
vt 0.021900 0.759500 0.000000
vt 0.030400 0.759300 0.000000
vt 0.046700 0.759100 0.000000
vt 0.215800 0.850300 0.000000
vt 0.228200 0.859000 0.000000
vt 0.222900 0.821600 0.000000
vt 0.251800 0.874700 0.000000
vt 0.240100 0.837900 0.000000
vt 0.233200 0.820100 0.000000
vt 0.187000 0.768200 0.000000
vt 0.209600 0.742400 0.000000
vt 0.169300 0.748700 0.000000
vt 0.149800 0.774400 0.000000
vt 0.133200 0.766800 0.000000
vt 0.192200 0.718900 0.000000
vt 0.218300 0.710400 0.000000
vt 0.222700 0.710800 0.000000
vt 0.149800 0.744800 0.000000
vt 0.183400 0.719000 0.000000
vt 0.217700 0.705900 0.000000
vt 0.198900 0.711800 0.000000
vt 0.229800 0.725600 0.000000
vt 0.022600 0.749900 0.000000
vt 0.030900 0.749800 0.000000
vt 0.046400 0.749800 0.000000
vt 0.653500 0.676600 0.000000
vt 0.328400 0.371100 0.000000
vt 0.328300 0.370100 0.000000
vt 0.355400 0.361300 0.000000
vt 0.359000 0.370800 0.000000
vt 0.625000 0.681300 0.000000
vt 0.379500 0.324900 0.000000
vt 0.410400 0.324900 0.000000
vt 0.363600 0.348600 0.000000
vt 0.363400 0.337900 0.000000
vt 0.412100 0.316600 0.000000
vt 0.446300 0.313100 0.000000
vt 0.446200 0.326300 0.000000
vt 0.972100 0.431300 0.000000
vt 0.993000 0.431300 0.000000
vt 0.410300 0.341000 0.000000
vt 0.386500 0.350000 0.000000
vt 0.464800 0.305300 0.000000
vt 0.488700 0.315200 0.000000
vt 0.972100 0.424500 0.000000
vt 0.993000 0.424600 0.000000
vt 0.463300 0.278600 0.000000
vt 0.485000 0.268700 0.000000
vt 0.972100 0.420100 0.000000
vt 0.992900 0.419300 0.000000
vt 0.019900 0.609900 0.000000
vt 0.026600 0.605600 0.000000
vt 0.046100 0.613900 0.000000
vt 0.040300 0.620200 0.000000
vt 0.031300 0.587200 0.000000
vt 0.082500 0.586800 0.000000
vt 0.025400 0.596900 0.000000
vt 0.160900 0.696400 0.000000
vt 0.163200 0.689200 0.000000
vt 0.167600 0.671000 0.000000
vt 0.181600 0.671500 0.000000
vt 0.181000 0.687300 0.000000
vt 0.184100 0.698600 0.000000
vt 0.220500 0.681100 0.000000
vt 0.109700 0.624200 0.000000
vt 0.176200 0.613100 0.000000
vt 0.174000 0.635100 0.000000
vt 0.206000 0.637800 0.000000
vt 0.239500 0.624100 0.000000
vt 0.240100 0.657100 0.000000
vt 0.192500 0.671900 0.000000
vt 0.093500 0.641300 0.000000
vt 0.094400 0.633400 0.000000
vt 0.179100 0.668000 0.000000
vt 0.188300 0.668500 0.000000
vt 0.167100 0.667900 0.000000
vt 0.101100 0.641700 0.000000
vt 0.102200 0.635800 0.000000
vt 0.115300 0.627800 0.000000
vt 0.172200 0.637600 0.000000
vt 0.200200 0.639500 0.000000
vt 0.245800 0.669900 0.000000
vt 0.501400 0.277900 0.000000
vt 0.491100 0.316100 0.000000
vt 0.804800 0.979500 0.000000
vt 0.804700 0.992500 0.000000
vt 0.761600 0.993500 0.000000
vt 0.804300 0.964700 0.000000
vt 0.760300 0.978900 0.000000
vt 0.760000 0.964800 0.000000
vt 0.166600 0.042900 0.000000
vt 0.150100 0.053400 0.000000
vt 0.144900 0.054800 0.000000
vt 0.173200 0.047400 0.000000
vt 0.073300 0.056300 0.000000
vt 0.047800 0.060000 0.000000
vt 0.645800 0.753100 0.000000
vt 0.645100 0.760900 0.000000
vt 0.037400 0.060100 0.000000
vt 0.025200 0.059500 0.000000
vt 0.131700 0.054600 0.000000
vt 0.140300 0.055000 0.000000
vt 0.046600 0.784500 0.000000
vt 0.190400 0.829800 0.000000
vt 0.216100 0.766500 0.000000
vt 0.108600 0.849200 0.000000
vt 0.133300 0.832200 0.000000
vt 0.088500 0.858300 0.000000
vt 0.065200 0.850900 0.000000
vt 0.055600 0.832700 0.000000
vt 0.081200 0.756600 0.000000
vt 0.062800 0.813300 0.000000
vt 0.160900 0.814200 0.000000
vt 0.115900 0.828800 0.000000
vt 0.126700 0.811300 0.000000
vt 0.085200 0.803500 0.000000
vt 0.106900 0.811600 0.000000
vt 0.113200 0.740600 0.000000
vt 0.258400 0.947900 0.000000
vt 0.256600 0.962800 0.000000
vt 0.131800 0.298200 0.000000
vt 0.145400 0.320300 0.000000
vt 0.162800 0.345500 0.000000
vt 0.179500 0.362900 0.000000
vt 0.643100 0.779300 0.000000
vt 0.676200 0.778800 0.000000
vt 0.676900 0.803500 0.000000
vt 0.628800 0.804700 0.000000
vt 0.678300 0.883200 0.000000
vt 0.594600 0.885600 0.000000
vt 0.600900 0.945800 0.000000
vt 0.678300 0.946200 0.000000
vt 0.709300 0.779200 0.000000
vt 0.725100 0.804600 0.000000
vt 0.761900 0.885500 0.000000
vt 0.755700 0.945800 0.000000
vt 0.145400 0.320400 0.000000
vt 0.162900 0.345500 0.000000
vt 0.131400 0.297900 0.000000
vt 0.362400 0.946200 0.000000
vt 0.363900 0.960700 0.000000
vt 0.733800 0.450300 0.000000
vt 0.704800 0.509300 0.000000
vt 0.704900 0.209100 0.000000
vt 0.700400 0.195500 0.000000
vt 0.656600 0.209100 0.000000
vt 0.723000 0.243200 0.000000
vt 0.714000 0.232100 0.000000
vt 0.693500 0.233500 0.000000
vt 0.699300 0.247200 0.000000
vt 0.885300 0.106200 0.000000
vt 0.876900 0.094900 0.000000
vt 0.900600 0.092000 0.000000
vt 0.905800 0.105800 0.000000
vt 0.705000 0.224300 0.000000
vt 0.687100 0.223000 0.000000
vt 0.885500 0.185800 0.000000
vt 0.870500 0.185800 0.000000
vt 0.870600 0.156500 0.000000
vt 0.885700 0.156500 0.000000
vt 0.894100 0.114600 0.000000
vt 0.911800 0.116600 0.000000
vt 0.729700 0.257900 0.000000
vt 0.731400 0.250200 0.000000
vt 0.701100 0.254100 0.000000
vt 0.701900 0.257700 0.000000
vt 0.868800 0.087400 0.000000
vt 0.870900 0.079800 0.000000
vt 0.898400 0.081100 0.000000
vt 0.899100 0.084900 0.000000
vt 0.870600 0.075100 0.000000
vt 0.870200 0.069800 0.000000
vt 0.898100 0.072000 0.000000
vt 0.898100 0.076400 0.000000
vt 0.730800 0.267700 0.000000
vt 0.730200 0.262500 0.000000
vt 0.702400 0.262300 0.000000
vt 0.702600 0.266700 0.000000
vt 0.656600 0.181900 0.000000
vt 0.704900 0.181900 0.000000
vt 0.676300 0.562400 0.000000
vt 0.668600 0.548000 0.000000
vt 0.655300 0.548200 0.000000
vt 0.648000 0.562500 0.000000
vt 0.668100 0.545700 0.000000
vt 0.655700 0.546000 0.000000
vt 0.665700 0.536600 0.000000
vt 0.657800 0.536700 0.000000
vt 0.622300 0.590500 0.000000
vt 0.631100 0.610700 0.000000
vt 0.623600 0.585100 0.000000
vt 0.620500 0.619500 0.000000
vt 0.631000 0.626400 0.000000
vt 0.621300 0.590500 0.000000
vt 0.295200 0.514100 0.000000
vt 0.289400 0.509500 0.000000
vt 0.280500 0.492400 0.000000
vt 0.283500 0.492000 0.000000
vt 0.619100 0.618000 0.000000
vt 0.318100 0.521100 0.000000
vt 0.326900 0.536200 0.000000
vt 0.297200 0.494300 0.000000
vt 0.240300 0.428600 0.000000
vt 0.241800 0.427400 0.000000
vt 0.233500 0.420000 0.000000
vt 0.235600 0.419200 0.000000
vt 0.386800 0.571500 0.000000
vt 0.386100 0.571600 0.000000
vt 0.391300 0.545500 0.000000
vt 0.399000 0.553100 0.000000
vt 0.444200 0.571600 0.000000
vt 0.439000 0.568900 0.000000
vt 0.442700 0.549300 0.000000
vt 0.433500 0.565800 0.000000
vt 0.397300 0.498400 0.000000
vt 0.394500 0.538700 0.000000
vt 0.388800 0.495500 0.000000
vt 0.388900 0.535300 0.000000
vt 0.323200 0.518500 0.000000
vt 0.328100 0.535800 0.000000
vt 0.302200 0.463500 0.000000
vt 0.244500 0.425400 0.000000
vt 0.271000 0.441700 0.000000
vt 0.309900 0.457800 0.000000
vt 0.292300 0.425700 0.000000
vt 0.254700 0.403200 0.000000
vt 0.266500 0.400700 0.000000
vt 0.291100 0.416300 0.000000
vt 0.233900 0.398300 0.000000
vt 0.220800 0.418600 0.000000
vt 0.221800 0.396500 0.000000
vt 0.223200 0.419700 0.000000
vt 0.276200 0.402500 0.000000
vt 0.288800 0.408300 0.000000
vt 0.316900 0.429200 0.000000
vt 0.322400 0.454000 0.000000
vt 0.258500 0.387900 0.000000
vt 0.272100 0.389400 0.000000
vt 0.302400 0.411900 0.000000
vt 0.235200 0.384500 0.000000
vt 0.220500 0.383600 0.000000
vt 0.283200 0.394000 0.000000
vt 0.299700 0.400400 0.000000
vt 0.380500 0.535300 0.000000
vt 0.380400 0.495500 0.000000
vt 0.693800 0.610600 0.000000
vt 0.701800 0.589600 0.000000
vt 0.700400 0.584200 0.000000
vt 0.694200 0.627000 0.000000
vt 0.707000 0.617900 0.000000
vt 0.702800 0.589200 0.000000
vt 0.164400 0.516700 0.000000
vt 0.177500 0.495100 0.000000
vt 0.180500 0.495400 0.000000
vt 0.170600 0.512200 0.000000
vt 0.708000 0.617900 0.000000
vt 0.134000 0.537100 0.000000
vt 0.141100 0.522500 0.000000
vt 0.163900 0.497700 0.000000
vt 0.217300 0.428700 0.000000
vt 0.218700 0.429800 0.000000
vt 0.383100 0.571500 0.000000
vt 0.370700 0.553300 0.000000
vt 0.378300 0.545600 0.000000
vt 0.383800 0.571600 0.000000
vt 0.325800 0.572400 0.000000
vt 0.330900 0.569600 0.000000
vt 0.327000 0.550100 0.000000
vt 0.336200 0.566300 0.000000
vt 0.371800 0.498600 0.000000
vt 0.375000 0.538900 0.000000
vt 0.131800 0.537000 0.000000
vt 0.132700 0.518000 0.000000
vt 0.159500 0.466200 0.000000
vt 0.201400 0.437900 0.000000
vt 0.184100 0.449000 0.000000
vt 0.214900 0.425900 0.000000
vt 0.152700 0.460400 0.000000
vt 0.158100 0.435100 0.000000
vt 0.197000 0.391300 0.000000
vt 0.186500 0.421200 0.000000
vt 0.170000 0.407900 0.000000
vt 0.142600 0.459800 0.000000
vt 0.144100 0.427900 0.000000
vt 0.161200 0.395200 0.000000
vt 0.191200 0.380000 0.000000
vt 0.505900 0.488000 0.000000
vt 0.500900 0.488900 0.000000
vt 0.500900 0.476200 0.000000
vt 0.505900 0.476000 0.000000
vt 0.312500 0.411700 0.000000
vt 0.314800 0.420200 0.000000
vt 0.492100 0.490100 0.000000
vt 0.491600 0.476100 0.000000
vt 0.509400 0.488100 0.000000
vt 0.509600 0.475800 0.000000
vt 0.305800 0.399700 0.000000
vt 0.513400 0.485300 0.000000
vt 0.513900 0.483400 0.000000
vt 0.139600 0.455200 0.000000
vt 0.141600 0.418300 0.000000
vt 0.486900 0.490000 0.000000
vt 0.477500 0.491000 0.000000
vt 0.473300 0.478600 0.000000
vt 0.484700 0.475600 0.000000
vt 0.468400 0.493200 0.000000
vt 0.464000 0.489900 0.000000
vt 0.143900 0.405500 0.000000
vt 0.519000 0.734500 0.000000
vt 0.503800 0.710700 0.000000
vt 0.526200 0.724100 0.000000
vt 0.494100 0.727500 0.000000
vt 0.446500 0.693900 0.000000
vt 0.430000 0.664600 0.000000
vt 0.423500 0.652600 0.000000
vt 0.478500 0.672900 0.000000
vt 0.493600 0.671500 0.000000
vt 0.448900 0.652900 0.000000
vt 0.478500 0.663300 0.000000
vt 0.507400 0.735500 0.000000
vt 0.317700 0.419700 0.000000
vt 0.317700 0.426000 0.000000
vt 0.318700 0.422900 0.000000
vt 0.317500 0.403200 0.000000
vt 0.312500 0.400600 0.000000
vt 0.510800 0.473000 0.000000
vt 0.518300 0.482100 0.000000
vt 0.537400 0.734400 0.000000
vt 0.530400 0.723800 0.000000
vt 0.553500 0.710600 0.000000
vt 0.563000 0.728100 0.000000
vt 0.612100 0.694600 0.000000
vt 0.629500 0.665100 0.000000
vt 0.580000 0.672600 0.000000
vt 0.636300 0.653200 0.000000
vt 0.564700 0.671000 0.000000
vt 0.611300 0.647400 0.000000
vt 0.580200 0.662900 0.000000
vt 0.549200 0.736700 0.000000
vt 0.133200 0.450900 0.000000
vt 0.133200 0.447000 0.000000
vt 0.138100 0.424500 0.000000
vt 0.135500 0.428900 0.000000
vt 0.133500 0.438900 0.000000
vt 0.849800 0.648200 0.000000
vt 0.866900 0.652500 0.000000
vt 0.856700 0.655100 0.000000
vt 0.860500 0.658900 0.000000
vt 0.467200 0.430700 0.000000
vt 0.514900 0.431000 0.000000
vt 0.515600 0.456300 0.000000
vt 0.466000 0.456100 0.000000
vt 0.611600 0.636700 0.000000
vt 0.715800 0.636300 0.000000
vt 0.513900 0.461700 0.000000
vt 0.466800 0.461400 0.000000
vt 0.468000 0.473900 0.000000
vt 0.845900 0.145900 0.000000
vt 0.839700 0.142600 0.000000
vt 0.839500 0.148000 0.000000
vt 0.616100 0.628400 0.000000
vt 0.616400 0.624700 0.000000
vt 0.132800 0.537400 0.000000
vt 0.711900 0.627300 0.000000
vt 0.644900 0.980500 0.000000
vt 0.607500 0.986000 0.000000
vt 0.711200 0.980600 0.000000
vt 0.748000 0.986000 0.000000
vt 0.539900 0.377800 0.000000
vt 0.588600 0.399900 0.000000
vt 0.603700 0.408800 0.000000
vt 0.448700 0.331200 0.000000
vt 0.402500 0.352700 0.000000
vt 0.390900 0.360300 0.000000
vt 0.485300 0.578200 0.000000
vt 0.496400 0.594300 0.000000
vt 0.429500 0.574900 0.000000
vt 0.299000 0.610200 0.000000
vt 0.015300 0.594600 0.000000
vt 0.026900 0.579900 0.000000
vt 0.082200 0.578900 0.000000
vt 0.213100 0.610600 0.000000
vt 0.046600 0.175000 0.000000
vt 0.059400 0.179300 0.000000
vt 0.055500 0.186700 0.000000
vt 0.033700 0.191500 0.000000
vt 0.046700 0.175200 0.000000
vt 0.033800 0.191700 0.000000
vt 0.055600 0.186900 0.000000
vt 0.059400 0.179500 0.000000
vt 0.015600 0.249000 0.000000
vt 0.054500 0.248700 0.000000
vt 0.054400 0.248500 0.000000
vt 0.015600 0.248800 0.000000
vt 0.054400 0.176200 0.000000
vt 0.054400 0.176400 0.000000
vt 0.092900 0.045900 0.000000
vt 0.091000 0.109700 0.000000
vt 0.190700 0.107900 0.000000
vt 0.631100 0.210400 0.000000
vt 0.611000 0.210400 0.000000
vt 0.646500 0.179500 0.000000
vt 0.646400 0.210300 0.000000
vt 0.611100 0.179400 0.000000
vt 0.621800 0.179300 0.000000
vt 0.857000 0.570500 0.000000
vt 0.857000 0.586400 0.000000
vt 0.826100 0.586800 0.000000
vt 0.826100 0.570500 0.000000
vt 0.964100 0.515100 0.000000
vt 0.966900 0.539700 0.000000
vt 0.935400 0.544200 0.000000
vt 0.933300 0.514100 0.000000
vt 0.986900 0.515200 0.000000
vt 0.991700 0.535000 0.000000
vt 0.936300 0.501200 0.000000
vt 0.940900 0.483200 0.000000
vt 0.963900 0.490700 0.000000
vt 0.963000 0.503800 0.000000
vt 0.979800 0.493500 0.000000
vt 0.982200 0.504600 0.000000
vt 0.826100 0.561000 0.000000
vt 0.826100 0.551800 0.000000
vt 0.857000 0.551800 0.000000
vt 0.822100 0.794800 0.000000
vt 0.793800 0.799800 0.000000
vt 0.798600 0.778700 0.000000
vt 0.824300 0.785000 0.000000
vt 0.769600 0.801800 0.000000
vt 0.736600 0.805300 0.000000
vt 0.736500 0.772600 0.000000
vt 0.771000 0.774900 0.000000
vt 0.740900 0.819200 0.000000
vt 0.769500 0.814100 0.000000
vt 0.772000 0.828200 0.000000
vt 0.747700 0.838300 0.000000
vt 0.790200 0.811200 0.000000
vt 0.789200 0.823400 0.000000
vt 0.813100 0.808000 0.000000
vt 0.440600 0.401300 0.000000
vt 0.445500 0.401700 0.000000
vt 0.452900 0.407800 0.000000
vt 0.454700 0.400800 0.000000
vt 0.460600 0.398600 0.000000
vt 0.466000 0.404200 0.000000
vt 0.322500 0.408700 0.000000
vt 0.320600 0.403300 0.000000
vt 0.326800 0.413900 0.000000
vt 0.325500 0.411400 0.000000
vt 0.459300 0.412000 0.000000
vt 0.461200 0.414200 0.000000
vt 0.486000 0.411000 0.000000
vt 0.486900 0.413300 0.000000
vt 0.473300 0.411400 0.000000
vt 0.471500 0.408500 0.000000
vt 0.481900 0.408400 0.000000
vt 0.435300 0.392000 0.000000
vt 0.439300 0.389000 0.000000
vt 0.422200 0.379400 0.000000
vt 0.431000 0.376900 0.000000
vt 0.428800 0.371700 0.000000
vt 0.446500 0.403300 0.000000
vt 0.455000 0.401300 0.000000
vt 0.474400 0.402800 0.000000
vt 0.439800 0.390400 0.000000
vt 0.431500 0.375700 0.000000
vt 0.421300 0.379200 0.000000
vt 0.428200 0.370800 0.000000
vt 0.435900 0.392600 0.000000
vt 0.918200 0.105300 0.000000
vt 0.920400 0.103400 0.000000
vt 0.923700 0.111300 0.000000
vt 0.921700 0.112700 0.000000
vt 0.916800 0.107200 0.000000
vt 0.942600 0.090300 0.000000
vt 0.953000 0.092200 0.000000
vt 0.928500 0.101700 0.000000
vt 0.943200 0.085200 0.000000
vt 0.963800 0.074500 0.000000
vt 0.972100 0.081600 0.000000
vt 0.970600 0.088300 0.000000
vt 0.966900 0.083700 0.000000
vt 0.963900 0.080600 0.000000
vt 0.960100 0.075900 0.000000
vt 0.951900 0.080500 0.000000
vt 0.959400 0.085600 0.000000
vt 0.962400 0.088500 0.000000
vt 0.966000 0.091500 0.000000
vt 0.966500 0.072600 0.000000
vt 0.975400 0.079600 0.000000
vt 0.971500 0.072100 0.000000
vt 0.975500 0.075300 0.000000
vt 0.941700 0.088500 0.000000
vt 0.936400 0.085500 0.000000
vt 0.936400 0.080500 0.000000
vt 0.925100 0.087400 0.000000
vt 0.925800 0.085900 0.000000
vt 0.925200 0.080900 0.000000
vt 0.922800 0.088500 0.000000
vt 0.922800 0.086000 0.000000
vt 0.922500 0.080800 0.000000
vt 0.917900 0.088600 0.000000
vt 0.917900 0.086100 0.000000
vt 0.917800 0.081000 0.000000
vt 0.916000 0.087200 0.000000
vt 0.914900 0.085300 0.000000
vt 0.914900 0.082700 0.000000
vt 0.919400 0.113000 0.000000
vt 0.916700 0.110300 0.000000
vt 0.540500 0.176300 0.000000
vt 0.538700 0.176300 0.000000
vt 0.538700 0.173800 0.000000
vt 0.540500 0.173800 0.000000
vt 0.537200 0.176300 0.000000
vt 0.535800 0.176300 0.000000
vt 0.535800 0.173800 0.000000
vt 0.537200 0.173800 0.000000
vt 0.538800 0.176300 0.000000
vt 0.538800 0.173800 0.000000
vt 0.536000 0.176300 0.000000
vt 0.536000 0.173800 0.000000
vt 0.553800 0.176300 0.000000
vt 0.543500 0.176300 0.000000
vt 0.543500 0.173800 0.000000
vt 0.553800 0.173800 0.000000
vt 0.566800 0.176300 0.000000
vt 0.569500 0.176300 0.000000
vt 0.569500 0.173800 0.000000
vt 0.566800 0.173800 0.000000
vt 0.561900 0.176300 0.000000
vt 0.561900 0.173800 0.000000
vt 0.566400 0.173800 0.000000
vt 0.566400 0.176300 0.000000
vt 0.568900 0.176300 0.000000
vt 0.568900 0.173800 0.000000
vt 0.563200 0.176300 0.000000
vt 0.563200 0.173800 0.000000
vt 0.558200 0.176300 0.000000
vt 0.558200 0.173800 0.000000
vt 0.571000 0.176300 0.000000
vt 0.571000 0.173800 0.000000
vt 0.571900 0.176300 0.000000
vt 0.571900 0.173800 0.000000
vt 0.573200 0.176300 0.000000
vt 0.573200 0.173800 0.000000
vt 0.573800 0.176300 0.000000
vt 0.573800 0.173800 0.000000
vt 0.554100 0.176300 0.000000
vt 0.554100 0.173800 0.000000
vt 0.557200 0.176300 0.000000
vt 0.557200 0.173800 0.000000
vt 0.548800 0.176300 0.000000
vt 0.548800 0.173800 0.000000
vt 0.551600 0.176300 0.000000
vt 0.551600 0.173800 0.000000
vt 0.546900 0.176300 0.000000
vt 0.546900 0.173800 0.000000
vt 0.550300 0.176300 0.000000
vt 0.550300 0.173800 0.000000
vt 0.544500 0.176300 0.000000
vt 0.544500 0.173800 0.000000
vt 0.547900 0.176300 0.000000
vt 0.547900 0.173800 0.000000
vt 0.544300 0.176300 0.000000
vt 0.544300 0.173800 0.000000
vt 0.546100 0.176300 0.000000
vt 0.546100 0.173800 0.000000
vt 0.544800 0.176300 0.000000
vt 0.544800 0.173800 0.000000
vt 0.540500 0.171300 0.000000
vt 0.538700 0.171300 0.000000
vt 0.537200 0.171300 0.000000
vt 0.535800 0.171300 0.000000
vt 0.538800 0.171300 0.000000
vt 0.536000 0.171300 0.000000
vt 0.553800 0.171300 0.000000
vt 0.543500 0.171300 0.000000
vt 0.566800 0.171300 0.000000
vt 0.569500 0.171300 0.000000
vt 0.566400 0.171300 0.000000
vt 0.561900 0.171300 0.000000
vt 0.568900 0.171300 0.000000
vt 0.563200 0.171300 0.000000
vt 0.558200 0.171300 0.000000
vt 0.571000 0.171300 0.000000
vt 0.571900 0.171300 0.000000
vt 0.573200 0.171300 0.000000
vt 0.573800 0.171300 0.000000
vt 0.554100 0.171300 0.000000
vt 0.557200 0.171300 0.000000
vt 0.548800 0.171300 0.000000
vt 0.551600 0.171300 0.000000
vt 0.546900 0.171300 0.000000
vt 0.550300 0.171300 0.000000
vt 0.544500 0.171300 0.000000
vt 0.547900 0.171300 0.000000
vt 0.544300 0.171300 0.000000
vt 0.546100 0.171300 0.000000
vt 0.544800 0.171300 0.000000
vt 0.542900 0.173800 0.000000
vt 0.542900 0.171300 0.000000
vt 0.555800 0.173800 0.000000
vt 0.555800 0.171300 0.000000
vt 0.566600 0.171300 0.000000
vt 0.566600 0.173800 0.000000
vt 0.563500 0.173800 0.000000
vt 0.563500 0.171300 0.000000
vt 0.564800 0.171300 0.000000
vt 0.564800 0.173800 0.000000
vt 0.983000 0.127400 0.000000
vt 0.995500 0.123400 0.000000
vt 0.995700 0.120600 0.000000
vt 0.981100 0.100200 0.000000
vt 0.957600 0.099000 0.000000
vt 0.935000 0.114100 0.000000
vt 0.532100 0.156800 0.000000
vt 0.538400 0.156800 0.000000
vt 0.538400 0.157500 0.000000
vt 0.532100 0.157500 0.000000
vt 0.528000 0.156800 0.000000
vt 0.528000 0.157500 0.000000
vt 0.542300 0.156800 0.000000
vt 0.542300 0.157500 0.000000
vt 0.524500 0.156800 0.000000
vt 0.524500 0.157500 0.000000
vt 0.520300 0.156800 0.000000
vt 0.520300 0.157500 0.000000
vt 0.545400 0.156800 0.000000
vt 0.545400 0.157500 0.000000
vt 0.510000 0.156800 0.000000
vt 0.514000 0.156800 0.000000
vt 0.514000 0.157500 0.000000
vt 0.510000 0.157500 0.000000
vt 0.892000 0.922100 0.000000
vt 0.890600 0.923700 0.000000
vt 0.885100 0.918700 0.000000
vt 0.886600 0.916900 0.000000
vt 0.889400 0.916500 0.000000
vt 0.892300 0.919500 0.000000
vt 0.884800 0.921500 0.000000
vt 0.887900 0.924300 0.000000
vt 0.966600 0.086300 0.000000
vt 0.965100 0.087900 0.000000
vt 0.959700 0.082900 0.000000
vt 0.961100 0.081100 0.000000
vt 0.377000 0.258600 0.000000
vt 0.377400 0.287600 0.000000
vt 0.335500 0.286200 0.000000
vt 0.344100 0.258900 0.000000
vt 0.375700 0.297100 0.000000
vt 0.333900 0.296500 0.000000
vt 0.376200 0.309300 0.000000
vt 0.332500 0.306300 0.000000
vt 0.406700 0.261000 0.000000
vt 0.412300 0.281800 0.000000
vt 0.308500 0.280500 0.000000
vt 0.315100 0.260500 0.000000
vt 0.408000 0.293900 0.000000
vt 0.309500 0.292500 0.000000
vt 0.406000 0.307300 0.000000
vt 0.310200 0.299500 0.000000
vt 0.010900 0.371100 0.000000
vt 0.010900 0.356100 0.000000
vt 0.040900 0.356100 0.000000
vt 0.040900 0.371100 0.000000
vt 0.618500 0.125700 0.000000
vt 0.618500 0.113900 0.000000
vt 0.600400 0.113900 0.000000
vt 0.600400 0.127900 0.000000
vt 0.313700 0.256400 0.000000
vt 0.345200 0.254700 0.000000
vt 0.408300 0.257000 0.000000
vt 0.415700 0.280100 0.000000
vt 0.305200 0.278500 0.000000
vt 0.411700 0.294100 0.000000
vt 0.305900 0.292700 0.000000
vt 0.408400 0.311200 0.000000
vt 0.376200 0.313600 0.000000
vt 0.307400 0.303300 0.000000
vt 0.377000 0.252500 0.000000
vt 0.331900 0.310700 0.000000
vt 0.070800 0.367700 0.000000
vt 0.070800 0.356100 0.000000
vt 0.896500 0.856600 0.000000
vt 0.914200 0.858300 0.000000
vt 0.904800 0.847200 0.000000
vt 0.896500 0.847300 0.000000
vt 0.896500 0.865600 0.000000
vt 0.915900 0.865600 0.000000
vt 0.911800 0.869200 0.000000
vt 0.896500 0.869200 0.000000
vt 0.575500 0.113900 0.000000
vt 0.575500 0.129200 0.000000
vt 0.100700 0.356100 0.000000
vt 0.100700 0.369900 0.000000
vt 0.561500 0.129200 0.000000
vt 0.561500 0.113900 0.000000
vt 0.084400 0.563300 0.000000
vt 0.051500 0.563100 0.000000
vt 0.043000 0.535800 0.000000
vt 0.084800 0.534300 0.000000
vt 0.041300 0.525400 0.000000
vt 0.083200 0.524900 0.000000
vt 0.039900 0.515600 0.000000
vt 0.083600 0.512700 0.000000
vt 0.114200 0.561000 0.000000
vt 0.119800 0.540100 0.000000
vt 0.022600 0.561400 0.000000
vt 0.016000 0.541400 0.000000
vt 0.115400 0.528100 0.000000
vt 0.016900 0.529500 0.000000
vt 0.113400 0.514700 0.000000
vt 0.017600 0.522400 0.000000
vt 0.010900 0.341000 0.000000
vt 0.040900 0.341000 0.000000
vt 0.618500 0.102100 0.000000
vt 0.600400 0.099900 0.000000
vt 0.052700 0.567200 0.000000
vt 0.021200 0.565500 0.000000
vt 0.123200 0.541900 0.000000
vt 0.115800 0.564900 0.000000
vt 0.012700 0.543500 0.000000
vt 0.119100 0.527800 0.000000
vt 0.013300 0.529300 0.000000
vt 0.115800 0.510800 0.000000
vt 0.083600 0.508300 0.000000
vt 0.014900 0.518700 0.000000
vt 0.084500 0.569400 0.000000
vt 0.039400 0.511200 0.000000
vt 0.070800 0.344400 0.000000
vt 0.888100 0.847200 0.000000
vt 0.878700 0.858300 0.000000
vt 0.877000 0.865600 0.000000
vt 0.881200 0.869200 0.000000
vt 0.575500 0.098600 0.000000
vt 0.100700 0.342200 0.000000
vt 0.561500 0.098600 0.000000
vt 0.142000 0.135100 0.000000
vt 0.087200 0.135100 0.000000
vt 0.087200 0.145100 0.000000
vt 0.142000 0.145100 0.000000
vt 0.047000 0.135100 0.000000
vt 0.047000 0.145100 0.000000
vt 0.032300 0.135100 0.000000
vt 0.032300 0.145100 0.000000
vt 0.693900 0.135100 0.000000
vt 0.693900 0.145100 0.000000
vt 0.779300 0.162700 0.000000
vt 0.764400 0.171000 0.000000
vt 0.761500 0.168100 0.000000
vt 0.778800 0.158600 0.000000
vt 0.755500 0.186000 0.000000
vt 0.751500 0.184800 0.000000
vt 0.754500 0.203400 0.000000
vt 0.750500 0.204200 0.000000
vt 0.762100 0.219100 0.000000
vt 0.758900 0.221700 0.000000
vt 0.775900 0.229800 0.000000
vt 0.774200 0.233500 0.000000
vt 0.793100 0.235700 0.000000
vt 0.793100 0.239800 0.000000
vt 0.981700 0.202500 0.000000
vt 0.983600 0.206100 0.000000
vt 0.918600 0.120500 0.000000
vt 0.918200 0.124100 0.000000
vt 0.728200 0.155800 0.000000
vt 0.728800 0.151700 0.000000
vt 0.937900 0.125100 0.000000
vt 0.936000 0.128300 0.000000
vt 0.952400 0.137400 0.000000
vt 0.949600 0.139700 0.000000
vt 0.960900 0.154700 0.000000
vt 0.957500 0.155400 0.000000
vt 0.959800 0.174000 0.000000
vt 0.956400 0.172900 0.000000
vt 0.949300 0.190100 0.000000
vt 0.946700 0.187500 0.000000
vt 0.297800 0.145100 0.000000
vt 0.297800 0.135100 0.000000
vt 0.832400 0.158600 0.000000
vt 0.832400 0.162700 0.000000
vt 0.688000 0.145100 0.000000
vt 0.688000 0.135100 0.000000
vt 0.093100 0.135100 0.000000
vt 0.093100 0.145100 0.000000
vt 0.057400 0.135100 0.000000
vt 0.057400 0.145100 0.000000
vt 0.044300 0.135100 0.000000
vt 0.044300 0.145100 0.000000
vt 0.879400 0.201300 0.000000
vt 0.879400 0.197200 0.000000
vt 0.932000 0.197600 0.000000
vt 0.933600 0.201000 0.000000
vt 0.872800 0.721000 0.000000
vt 0.866500 0.736000 0.000000
vt 0.861600 0.733700 0.000000
vt 0.866500 0.719500 0.000000
vt 0.875600 0.733800 0.000000
vt 0.880900 0.726300 0.000000
vt 0.854700 0.731000 0.000000
vt 0.859800 0.717200 0.000000
vt 0.861800 0.754600 0.000000
vt 0.858400 0.746000 0.000000
vt 0.869900 0.707800 0.000000
vt 0.879800 0.702500 0.000000
vt 0.875400 0.713800 0.000000
vt 0.569000 0.218900 0.000000
vt 0.565400 0.220800 0.000000
vt 0.562400 0.214900 0.000000
vt 0.566000 0.213100 0.000000
vt 0.871900 0.740600 0.000000
vt 0.881700 0.723700 0.000000
vt 0.865000 0.705800 0.000000
vt 0.853700 0.743300 0.000000
vt 0.871400 0.750600 0.000000
vt 0.887900 0.718000 0.000000
vt 0.563300 0.207700 0.000000
vt 0.559700 0.209600 0.000000
vt 0.561000 0.212200 0.000000
vt 0.564600 0.210400 0.000000
vt 0.562300 0.205800 0.000000
vt 0.558700 0.207700 0.000000
vt 0.561800 0.213800 0.000000
vt 0.565400 0.211900 0.000000
vt 0.880300 0.731900 0.000000
vt 0.560200 0.201600 0.000000
vt 0.556600 0.203400 0.000000
vt 0.555300 0.201000 0.000000
vt 0.558900 0.199100 0.000000
vt 0.563100 0.207300 0.000000
vt 0.559500 0.209100 0.000000
vt 0.568900 0.218700 0.000000
vt 0.565300 0.220500 0.000000
vt 0.570400 0.221800 0.000000
vt 0.569200 0.219300 0.000000
vt 0.565600 0.221100 0.000000
vt 0.566800 0.223600 0.000000
vt 0.567100 0.215200 0.000000
vt 0.563500 0.217000 0.000000
vt 0.806200 0.348100 0.000000
vt 0.799000 0.351800 0.000000
vt 0.797600 0.349000 0.000000
vt 0.804700 0.345300 0.000000
vt 0.719200 0.192300 0.000000
vt 0.719000 0.189200 0.000000
vt 0.724000 0.186700 0.000000
vt 0.726400 0.188600 0.000000
vt 0.711600 0.160000 0.000000
vt 0.706900 0.162500 0.000000
vt 0.430700 0.226900 0.000000
vt 0.423800 0.234300 0.000000
vt 0.423800 0.209100 0.000000
vt 0.430700 0.216400 0.000000
vt 0.698400 0.146100 0.000000
vt 0.703600 0.143400 0.000000
vt 0.711200 0.159100 0.000000
vt 0.706500 0.161600 0.000000
vt 0.413900 0.234500 0.000000
vt 0.413800 0.209300 0.000000
vt 0.760300 0.112000 0.000000
vt 0.764500 0.104800 0.000000
vt 0.761300 0.108300 0.000000
vt 0.763900 0.124100 0.000000
vt 0.769400 0.125300 0.000000
vt 0.775500 0.122300 0.000000
vt 0.778400 0.117700 0.000000
vt 0.764000 0.121500 0.000000
vt 0.779200 0.106400 0.000000
vt 0.768800 0.102000 0.000000
vt 0.760500 0.117400 0.000000
vt 0.912500 0.729200 0.000000
vt 0.909400 0.743900 0.000000
vt 0.902900 0.738900 0.000000
vt 0.908900 0.730400 0.000000
vt 0.711300 0.051000 0.000000
vt 0.713000 0.051500 0.000000
vt 0.710500 0.059400 0.000000
vt 0.708700 0.058900 0.000000
vt 0.715200 0.052200 0.000000
vt 0.712600 0.060100 0.000000
vt 0.716700 0.052800 0.000000
vt 0.714400 0.060700 0.000000
vt 0.729400 0.061600 0.000000
vt 0.728900 0.057600 0.000000
vt 0.725000 0.058500 0.000000
vt 0.729100 0.110400 0.000000
vt 0.720200 0.112700 0.000000
vt 0.724900 0.113600 0.000000
vt 0.728500 0.108200 0.000000
vt 0.719700 0.110400 0.000000
vt 0.728000 0.106300 0.000000
vt 0.719100 0.108600 0.000000
vt 0.556500 0.228500 0.000000
vt 0.555600 0.227300 0.000000
vt 0.557600 0.226200 0.000000
vt 0.558300 0.227500 0.000000
vt 0.744700 0.042300 0.000000
vt 0.748300 0.040300 0.000000
vt 0.743800 0.038300 0.000000
vt 0.721900 0.063500 0.000000
vt 0.725900 0.066200 0.000000
vt 0.729500 0.063800 0.000000
vt 0.728200 0.065600 0.000000
vt 0.749100 0.039000 0.000000
vt 0.744300 0.036800 0.000000
vt 0.750100 0.040000 0.000000
vt 0.749800 0.040500 0.000000
vt 0.725300 0.066600 0.000000
vt 0.721700 0.064100 0.000000
vt 0.722200 0.065500 0.000000
vt 0.723900 0.066700 0.000000
vt 0.714700 0.041400 0.000000
vt 0.716300 0.041800 0.000000
vt 0.922100 0.715200 0.000000
vt 0.719800 0.043000 0.000000
vt 0.756000 0.129200 0.000000
vt 0.757800 0.131800 0.000000
vt 0.734200 0.141100 0.000000
vt 0.731900 0.142400 0.000000
vt 0.736000 0.143700 0.000000
vt 0.756500 0.112900 0.000000
vt 0.757100 0.118900 0.000000
vt 0.758500 0.122500 0.000000
vt 0.736300 0.138100 0.000000
vt 0.717700 0.056900 0.000000
vt 0.722300 0.114900 0.000000
vt 0.727700 0.112300 0.000000
vt 0.744400 0.048100 0.000000
vt 0.742500 0.047200 0.000000
vt 0.731800 0.070600 0.000000
vt 0.745700 0.045600 0.000000
vt 0.720700 0.114500 0.000000
vt 0.727700 0.112600 0.000000
vt 0.897900 0.745000 0.000000
vt 0.568800 0.241500 0.000000
vt 0.569000 0.242000 0.000000
vt 0.563000 0.245400 0.000000
vt 0.562700 0.244900 0.000000
vt 0.567500 0.239200 0.000000
vt 0.561500 0.242600 0.000000
vt 0.566600 0.237600 0.000000
vt 0.560600 0.241000 0.000000
vt 0.407000 0.227100 0.000000
vt 0.407000 0.216800 0.000000
vt 0.930400 0.745700 0.000000
vt 0.929600 0.749400 0.000000
vt 0.921700 0.756000 0.000000
vt 0.916100 0.750100 0.000000
vt 0.722900 0.059300 0.000000
vt 0.721700 0.061200 0.000000
vt 0.742800 0.036700 0.000000
vt 0.742600 0.037300 0.000000
vt 0.943600 0.734900 0.000000
vt 0.740400 0.046300 0.000000
vt 0.741500 0.043700 0.000000
vt 0.806700 0.349100 0.000000
vt 0.799500 0.352700 0.000000
vt 0.405700 0.227100 0.000000
vt 0.405700 0.216500 0.000000
vt 0.412500 0.208700 0.000000
vt 0.323200 0.228200 0.000000
vt 0.316300 0.235300 0.000000
vt 0.316700 0.210200 0.000000
vt 0.323500 0.217800 0.000000
vt 0.306600 0.235200 0.000000
vt 0.306600 0.209900 0.000000
vt 0.803100 0.342000 0.000000
vt 0.795800 0.345600 0.000000
vt 0.299600 0.227700 0.000000
vt 0.299600 0.217300 0.000000
vt 0.324700 0.217500 0.000000
vt 0.324500 0.228100 0.000000
vt 0.318000 0.209600 0.000000
vt 0.704300 0.054600 0.000000
vt 0.697900 0.052700 0.000000
vt 0.699700 0.046400 0.000000
vt 0.706100 0.048300 0.000000
vt 0.679700 0.047900 0.000000
vt 0.688400 0.051700 0.000000
vt 0.683600 0.052000 0.000000
vt 0.374500 0.190800 0.000000
vt 0.377700 0.198800 0.000000
vt 0.374400 0.206900 0.000000
vt 0.703400 0.057800 0.000000
vt 0.697000 0.055900 0.000000
vt 0.703800 0.032000 0.000000
vt 0.710300 0.033800 0.000000
vt 0.381700 0.200300 0.000000
vt 0.378200 0.208400 0.000000
vt 0.669200 0.036800 0.000000
vt 0.674900 0.038600 0.000000
vt 0.670100 0.053800 0.000000
vt 0.664400 0.052000 0.000000
vt 0.372300 0.230000 0.000000
vt 0.375000 0.236800 0.000000
vt 0.372000 0.243500 0.000000
vt 0.377000 0.236100 0.000000
vt 0.374600 0.229200 0.000000
vt 0.460300 0.969200 0.000000
vt 0.458800 0.969100 0.000000
vt 0.452000 0.985100 0.000000
vt 0.454000 0.985500 0.000000
vt 0.467900 0.990100 0.000000
vt 0.471400 0.989900 0.000000
vt 0.475300 0.979500 0.000000
vt 0.390000 0.213500 0.000000
vt 0.393300 0.205500 0.000000
vt 0.463600 0.990100 0.000000
vt 0.469900 0.973700 0.000000
vt 0.486100 0.993900 0.000000
vt 0.478500 0.976100 0.000000
vt 0.477400 0.978000 0.000000
vt 0.483200 0.994400 0.000000
vt 0.497900 0.988300 0.000000
vt 0.490400 0.972300 0.000000
vt 0.488200 0.972300 0.000000
vt 0.494100 0.990100 0.000000
vt 0.486400 0.972300 0.000000
vt 0.390700 0.231200 0.000000
vt 0.388300 0.224400 0.000000
vt 0.456400 0.968600 0.000000
vt 0.476500 0.980800 0.000000
vt 0.397400 0.207000 0.000000
vt 0.394300 0.215100 0.000000
vt 0.392400 0.222900 0.000000
vt 0.395000 0.229600 0.000000
vt 0.679800 0.043200 0.000000
vt 0.691900 0.047800 0.000000
vt 0.366800 0.210300 0.000000
vt 0.366500 0.187500 0.000000
vt 0.366900 0.245600 0.000000
vt 0.366500 0.227900 0.000000
vt 0.684000 0.039400 0.000000
vt 0.688800 0.039100 0.000000
vt 0.692000 0.042600 0.000000
vt 0.358500 0.191100 0.000000
vt 0.359200 0.207300 0.000000
vt 0.355600 0.199400 0.000000
vt 0.355400 0.209200 0.000000
vt 0.351800 0.201200 0.000000
vt 0.360800 0.230400 0.000000
vt 0.361700 0.243800 0.000000
vt 0.358400 0.237300 0.000000
vt 0.356500 0.236800 0.000000
vt 0.358500 0.229800 0.000000
vt 0.343700 0.214600 0.000000
vt 0.340300 0.206600 0.000000
vt 0.342600 0.232500 0.000000
vt 0.344800 0.225600 0.000000
vt 0.336200 0.208300 0.000000
vt 0.339300 0.216400 0.000000
vt 0.338200 0.230900 0.000000
vt 0.340900 0.224200 0.000000
vt 0.483600 0.953600 0.000000
vt 0.471000 0.953800 0.000000
vt 0.464500 0.950400 0.000000
vt 0.459800 0.949700 0.000000
vt 0.485700 0.953600 0.000000
vt 0.915900 0.761600 0.000000
vt 0.947800 0.296200 0.000000
vt 0.945200 0.307600 0.000000
vt 0.975400 0.304000 0.000000
vt 0.940900 0.284600 0.000000
vt 0.950200 0.268300 0.000000
vt 0.934500 0.283400 0.000000
vt 0.924800 0.293600 0.000000
vt 0.903100 0.303700 0.000000
vt 0.928900 0.315800 0.000000
vt 0.917500 0.304900 0.000000
vt 0.899600 0.311900 0.000000
vt 0.883400 0.299700 0.000000
vt 0.881300 0.305600 0.000000
vt 0.860200 0.281200 0.000000
vt 0.854100 0.280600 0.000000
vt 0.926300 0.240300 0.000000
vt 0.923000 0.261900 0.000000
vt 0.946900 0.215600 0.000000
vt 0.828600 0.279900 0.000000
vt 0.875200 0.312600 0.000000
vt 0.959300 0.318700 0.000000
vt 0.988500 0.308200 0.000000
vt 0.957400 0.312700 0.000000
vt 0.897500 0.317500 0.000000
vt 0.927100 0.321400 0.000000
vt 0.826400 0.280700 0.000000
vt 0.874200 0.314000 0.000000
vt 0.960000 0.320200 0.000000
vt 0.992800 0.309800 0.000000
vt 0.896800 0.319400 0.000000
vt 0.926600 0.323100 0.000000
vt 0.907900 0.280700 0.000000
vt 0.918200 0.266300 0.000000
vt 0.901800 0.295900 0.000000
vt 0.937800 0.219600 0.000000
vt 0.952200 0.269200 0.000000
vt 0.948200 0.215700 0.000000
vt 0.899800 0.296300 0.000000
vt 0.885700 0.291600 0.000000
vt 0.872500 0.721000 0.000000
vt 0.866100 0.736200 0.000000
vt 0.861300 0.733700 0.000000
vt 0.866100 0.719600 0.000000
vt 0.875400 0.733900 0.000000
vt 0.880700 0.726200 0.000000
vt 0.854400 0.731100 0.000000
vt 0.859500 0.717300 0.000000
vt 0.861500 0.754700 0.000000
vt 0.858000 0.746000 0.000000
vt 0.869600 0.707700 0.000000
vt 0.879300 0.702600 0.000000
vt 0.875200 0.713700 0.000000
vt 0.573400 0.203600 0.000000
vt 0.569800 0.205400 0.000000
vt 0.566900 0.199600 0.000000
vt 0.570400 0.197800 0.000000
vt 0.871600 0.740800 0.000000
vt 0.881300 0.723700 0.000000
vt 0.864800 0.705600 0.000000
vt 0.853500 0.743200 0.000000
vt 0.871000 0.750600 0.000000
vt 0.887600 0.718200 0.000000
vt 0.567700 0.192400 0.000000
vt 0.564100 0.194200 0.000000
vt 0.565400 0.196800 0.000000
vt 0.569000 0.195000 0.000000
vt 0.566700 0.190500 0.000000
vt 0.563100 0.192300 0.000000
vt 0.566200 0.198400 0.000000
vt 0.569800 0.196600 0.000000
vt 0.880100 0.732000 0.000000
vt 0.564600 0.186300 0.000000
vt 0.561000 0.188100 0.000000
vt 0.559700 0.185700 0.000000
vt 0.563300 0.183800 0.000000
vt 0.567500 0.192000 0.000000
vt 0.563900 0.193800 0.000000
vt 0.573300 0.203300 0.000000
vt 0.569700 0.205200 0.000000
vt 0.574800 0.206400 0.000000
vt 0.573600 0.203900 0.000000
vt 0.570000 0.205700 0.000000
vt 0.571200 0.208200 0.000000
vt 0.571500 0.199800 0.000000
vt 0.567900 0.201600 0.000000
vt 0.357200 0.394100 0.000000
vt 0.332300 0.394100 0.000000
vt 0.332300 0.389900 0.000000
vt 0.357400 0.389600 0.000000
vt 0.346900 0.398500 0.000000
vt 0.366700 0.397700 0.000000
vt 0.367000 0.386000 0.000000
vt 0.347300 0.385200 0.000000
vt 0.321300 0.389100 0.000000
vt 0.321400 0.394300 0.000000
vt 0.850700 0.694500 0.000000
vt 0.870600 0.694500 0.000000
vt 0.850800 0.683200 0.000000
vt 0.870600 0.683200 0.000000
vt 0.893100 0.686700 0.000000
vt 0.893100 0.690000 0.000000
vt 0.712800 0.380900 0.000000
vt 0.712800 0.385800 0.000000
vt 0.673400 0.385800 0.000000
vt 0.673400 0.380900 0.000000
vt 0.712800 0.387800 0.000000
vt 0.673400 0.387800 0.000000
vt 0.712600 0.388100 0.000000
vt 0.712600 0.386100 0.000000
vt 0.673100 0.386100 0.000000
vt 0.673100 0.388100 0.000000
vt 0.712600 0.381200 0.000000
vt 0.673100 0.381200 0.000000
vt 0.712600 0.376400 0.000000
vt 0.673100 0.376400 0.000000
vt 0.712600 0.374400 0.000000
vt 0.673100 0.374400 0.000000
vt 0.712800 0.374100 0.000000
vt 0.712800 0.376100 0.000000
vt 0.673400 0.376100 0.000000
vt 0.673400 0.374100 0.000000
vt 0.832500 0.696500 0.000000
vt 0.832100 0.694000 0.000000
vt 0.834400 0.696500 0.000000
vt 0.832500 0.708000 0.000000
vt 0.836800 0.702300 0.000000
vt 0.834400 0.708100 0.000000
vt 0.832100 0.710500 0.000000
vt 0.830100 0.702300 0.000000
vt 0.682100 0.125500 0.000000
vt 0.687300 0.127700 0.000000
vt 0.692600 0.125500 0.000000
vt 0.682100 0.114900 0.000000
vt 0.694800 0.120200 0.000000
vt 0.692600 0.114900 0.000000
vt 0.687300 0.112700 0.000000
vt 0.679900 0.120200 0.000000
vt 0.357300 0.389600 0.000000
vt 0.357400 0.394200 0.000000
vt 0.332400 0.393900 0.000000
vt 0.332300 0.389600 0.000000
vt 0.347000 0.385200 0.000000
vt 0.366800 0.386100 0.000000
vt 0.367100 0.397700 0.000000
vt 0.347400 0.398600 0.000000
vt 0.321400 0.394700 0.000000
vt 0.321400 0.389500 0.000000
vt 0.673400 0.381200 0.000000
vt 0.712800 0.381200 0.000000
vt 0.712800 0.386100 0.000000
vt 0.673400 0.386100 0.000000
vt 0.712800 0.388100 0.000000
vt 0.673400 0.388100 0.000000
vt 0.712800 0.376400 0.000000
vt 0.673400 0.376400 0.000000
vt 0.712800 0.374400 0.000000
vt 0.673400 0.374400 0.000000
vt 0.832500 0.696400 0.000000
vt 0.695400 0.095000 0.000000
vt 0.697900 0.080600 0.000000
vt 0.652200 0.071400 0.000000
vt 0.648500 0.084300 0.000000
vt 0.805300 0.084900 0.000000
vt 0.803000 0.070100 0.000000
vt 0.839600 0.070000 0.000000
vt 0.839100 0.085000 0.000000
vt 0.724000 0.095100 0.000000
vt 0.723000 0.080500 0.000000
vt 0.782400 0.087600 0.000000
vt 0.777600 0.073400 0.000000
vt 0.748100 0.094100 0.000000
vt 0.745000 0.079900 0.000000
vt 0.112600 0.983500 0.000000
vt 0.112500 0.993700 0.000000
vt 0.095000 0.993600 0.000000
vt 0.095000 0.983300 0.000000
vt 0.657900 0.352000 0.000000
vt 0.657900 0.369400 0.000000
vt 0.637400 0.369300 0.000000
vt 0.637600 0.351900 0.000000
vt 0.658000 0.340400 0.000000
vt 0.637600 0.340700 0.000000
vt 0.798200 0.304800 0.000000
vt 0.798200 0.301200 0.000000
vt 0.821900 0.301300 0.000000
vt 0.821900 0.304900 0.000000
vt 0.798200 0.308400 0.000000
vt 0.821900 0.308500 0.000000
vt 0.798200 0.312000 0.000000
vt 0.821900 0.312100 0.000000
vt 0.798100 0.315600 0.000000
vt 0.821800 0.315700 0.000000
vt 0.798100 0.319200 0.000000
vt 0.821800 0.319300 0.000000
vt 0.798100 0.322800 0.000000
vt 0.821800 0.322900 0.000000
vt 0.864800 0.197000 0.000000
vt 0.867600 0.198500 0.000000
vt 0.865000 0.200400 0.000000
vt 0.862000 0.199200 0.000000
vt 0.861600 0.195900 0.000000
vt 0.864300 0.194000 0.000000
vt 0.867300 0.195200 0.000000
vt 0.580800 0.334300 0.000000
vt 0.580100 0.326600 0.000000
vt 0.595200 0.333600 0.000000
vt 0.588900 0.338100 0.000000
vt 0.596700 0.350100 0.000000
vt 0.589700 0.346900 0.000000
vt 0.583100 0.359700 0.000000
vt 0.582400 0.352000 0.000000
vt 0.568000 0.352800 0.000000
vt 0.574400 0.348300 0.000000
vt 0.566500 0.336200 0.000000
vt 0.573500 0.339500 0.000000
vt 0.103600 0.981000 0.000000
vt 0.107400 0.974900 0.000000
vt 0.094900 0.974900 0.000000
vt 0.098700 0.981000 0.000000
vt 0.098800 0.981000 0.000000
vt 0.103700 0.981000 0.000000
vt 0.103700 0.980900 0.000000
vt 0.944000 0.893000 0.000000
vt 0.949100 0.887900 0.000000
vt 0.926600 0.886100 0.000000
vt 0.924800 0.890600 0.000000
vt 0.948000 0.893300 0.000000
vt 0.952600 0.893600 0.000000
vt 0.953900 0.887800 0.000000
vt 0.886100 0.880800 0.000000
vt 0.872500 0.879000 0.000000
vt 0.872100 0.880300 0.000000
vt 0.885200 0.884500 0.000000
vt 0.897800 0.886900 0.000000
vt 0.898600 0.883100 0.000000
vt 0.914600 0.889500 0.000000
vt 0.915400 0.885000 0.000000
vt 0.945100 0.887600 0.000000
vt 0.821600 0.732400 0.000000
vt 0.819200 0.729200 0.000000
vt 0.826100 0.729200 0.000000
vt 0.823600 0.732400 0.000000
vt 0.823500 0.734900 0.000000
vt 0.826000 0.738100 0.000000
vt 0.819000 0.738100 0.000000
vt 0.821500 0.734900 0.000000
vt 0.879200 0.924400 0.000000
vt 0.879300 0.918100 0.000000
vt 0.874400 0.918100 0.000000
vt 0.874200 0.924400 0.000000
vt 0.879000 0.918300 0.000000
vt 0.874400 0.918300 0.000000
vt 0.874400 0.924400 0.000000
vt 0.879000 0.924500 0.000000
vt 0.874300 0.924300 0.000000
vt 0.874400 0.918200 0.000000
vt 0.879200 0.918100 0.000000
vt 0.879100 0.924300 0.000000
vt 0.874400 0.918400 0.000000
vt 0.874200 0.924300 0.000000
vt 0.879000 0.924400 0.000000
vt 0.879200 0.918500 0.000000
vt 0.820500 0.870100 0.000000
vt 0.843200 0.873300 0.000000
vt 0.841100 0.888200 0.000000
vt 0.818400 0.885100 0.000000
vt 0.818400 0.885000 0.000000
vt 0.798400 0.304700 0.000000
vt 0.822100 0.304800 0.000000
vt 0.822100 0.301200 0.000000
vt 0.798400 0.301100 0.000000
vt 0.798400 0.308300 0.000000
vt 0.822100 0.308400 0.000000
vt 0.798300 0.311900 0.000000
vt 0.822000 0.312000 0.000000
vt 0.798300 0.315500 0.000000
vt 0.822000 0.315600 0.000000
vt 0.798300 0.319100 0.000000
vt 0.822000 0.319200 0.000000
vt 0.798300 0.322700 0.000000
vt 0.822000 0.322800 0.000000
vt 0.867700 0.198500 0.000000
vt 0.861700 0.195900 0.000000
vt 0.588900 0.338000 0.000000
vt 0.596800 0.350100 0.000000
vt 0.582500 0.352000 0.000000
vt 0.583200 0.359700 0.000000
vt 0.568100 0.352800 0.000000
vt 0.573600 0.339500 0.000000
vt 0.566600 0.336200 0.000000
vt 0.879100 0.924400 0.000000
vt 0.874200 0.918100 0.000000
vt 0.879200 0.918000 0.000000
vt 0.879100 0.918100 0.000000
vt 0.655500 0.105000 0.000000
vt 0.655500 0.109600 0.000000
vt 0.743300 0.469000 0.000000
vt 0.752500 0.468400 0.000000
vt 0.753200 0.475500 0.000000
vt 0.743800 0.476200 0.000000
vt 0.645000 0.128100 0.000000
vt 0.642900 0.128100 0.000000
vt 0.711700 0.117400 0.000000
vt 0.720200 0.117400 0.000000
vt 0.720200 0.113900 0.000000
vt 0.711700 0.113900 0.000000
vt 0.647100 0.105000 0.000000
vt 0.647100 0.109600 0.000000
vt 0.701900 0.115300 0.000000
vt 0.705900 0.115300 0.000000
vt 0.705900 0.116900 0.000000
vt 0.701900 0.116900 0.000000
vt 0.643900 0.105000 0.000000
vt 0.643900 0.109600 0.000000
vt 0.707400 0.115300 0.000000
vt 0.707400 0.116900 0.000000
vt 0.742700 0.447200 0.000000
vt 0.751700 0.446700 0.000000
vt 0.752200 0.453700 0.000000
vt 0.743000 0.454200 0.000000
vt 0.642900 0.123900 0.000000
vt 0.642900 0.124800 0.000000
vt 0.645000 0.124800 0.000000
vt 0.644800 0.123900 0.000000
vt 0.702000 0.112600 0.000000
vt 0.705900 0.110300 0.000000
vt 0.705900 0.111900 0.000000
vt 0.702000 0.113300 0.000000
vt 0.707400 0.110300 0.000000
vt 0.707400 0.111900 0.000000
vt 0.758500 0.471600 0.000000
vt 0.721200 0.136700 0.000000
vt 0.721200 0.139800 0.000000
vt 0.724000 0.139800 0.000000
vt 0.724000 0.136700 0.000000
vt 0.645000 0.129700 0.000000
vt 0.646200 0.129000 0.000000
vt 0.757900 0.455500 0.000000
vt 0.645000 0.123200 0.000000
vt 0.646200 0.125400 0.000000
vt 0.732500 0.139800 0.000000
vt 0.732500 0.136700 0.000000
vt 0.650100 0.129000 0.000000
vt 0.650100 0.125400 0.000000
vt 0.775300 0.454400 0.000000
vt 0.775300 0.470500 0.000000
vt 0.807300 0.469200 0.000000
vt 0.806700 0.476400 0.000000
vt 0.797300 0.475500 0.000000
vt 0.798200 0.468400 0.000000
vt 0.655100 0.128100 0.000000
vt 0.657200 0.128100 0.000000
vt 0.808300 0.447100 0.000000
vt 0.808000 0.454200 0.000000
vt 0.798800 0.453600 0.000000
vt 0.799300 0.446600 0.000000
vt 0.657200 0.123900 0.000000
vt 0.655400 0.123900 0.000000
vt 0.655100 0.124800 0.000000
vt 0.657200 0.124800 0.000000
vt 0.792100 0.471500 0.000000
vt 0.743700 0.136700 0.000000
vt 0.741000 0.136700 0.000000
vt 0.741000 0.139800 0.000000
vt 0.743700 0.139800 0.000000
vt 0.653900 0.129000 0.000000
vt 0.655100 0.129700 0.000000
vt 0.792900 0.455300 0.000000
vt 0.655100 0.123200 0.000000
vt 0.653900 0.125400 0.000000
vt 0.605500 0.215400 0.000000
vt 0.589800 0.222400 0.000000
vt 0.587800 0.217500 0.000000
vt 0.604200 0.210800 0.000000
vt 0.607500 0.219600 0.000000
vt 0.592100 0.227200 0.000000
vt 0.610200 0.223700 0.000000
vt 0.594600 0.231900 0.000000
vt 0.876600 0.638900 0.000000
vt 0.874300 0.635400 0.000000
vt 0.875700 0.635400 0.000000
vt 0.877500 0.638200 0.000000
vt 0.874800 0.640500 0.000000
vt 0.872300 0.636700 0.000000
vt 0.873900 0.641200 0.000000
vt 0.871800 0.638000 0.000000
vt 0.931400 0.678700 0.000000
vt 0.919700 0.673600 0.000000
vt 0.920300 0.672700 0.000000
vt 0.932400 0.676700 0.000000
vt 0.930000 0.681200 0.000000
vt 0.918400 0.675600 0.000000
vt 0.929000 0.682900 0.000000
vt 0.917700 0.676600 0.000000
vt 0.607600 0.211300 0.000000
vt 0.608400 0.214600 0.000000
vt 0.610000 0.218000 0.000000
vt 0.612000 0.220700 0.000000
vt 0.880700 0.655200 0.000000
vt 0.884000 0.657200 0.000000
vt 0.884000 0.661400 0.000000
vt 0.880700 0.663400 0.000000
vt 0.877300 0.661400 0.000000
vt 0.877300 0.657200 0.000000
vt 0.055800 0.694600 0.000000
vt 0.064500 0.653000 0.000000
vt 0.033200 0.661800 0.000000
vt 0.027300 0.680800 0.000000
vt 0.307500 0.831300 0.000000
vt 0.276200 0.830100 0.000000
vt 0.280200 0.817800 0.000000
vt 0.311600 0.956100 0.000000
vt 0.319900 0.958600 0.000000
vt 0.318400 0.976300 0.000000
vt 0.310000 0.974000 0.000000
vt 0.325000 0.982800 0.000000
vt 0.325700 0.975000 0.000000
vt 0.329500 0.975500 0.000000
vt 0.331500 0.982700 0.000000
vt 0.324800 0.941400 0.000000
vt 0.334200 0.937600 0.000000
vt 0.334100 0.953800 0.000000
vt 0.325300 0.956900 0.000000
vt 0.324700 0.926100 0.000000
vt 0.329700 0.924100 0.000000
vt 0.332300 0.926300 0.000000
vt 0.074200 0.696700 0.000000
vt 0.080100 0.663500 0.000000
vt 0.015200 0.657400 0.000000
vt 0.011100 0.668000 0.000000
vt 0.324700 0.857400 0.000000
vt 0.302800 0.850300 0.000000
vt 0.325000 0.838700 0.000000
vt 0.265400 0.818900 0.000000
vt 0.268200 0.812100 0.000000
vt 0.311900 0.945600 0.000000
vt 0.320000 0.949200 0.000000
vt 0.319900 0.983800 0.000000
vt 0.314400 0.982800 0.000000
vt 0.327200 0.931400 0.000000
vt 0.332400 0.929900 0.000000
vt 0.332400 0.964700 0.000000
vt 0.326000 0.965400 0.000000
vt 0.091900 0.688400 0.000000
vt 0.093300 0.672800 0.000000
vt 0.347800 0.854400 0.000000
vt 0.312300 0.936700 0.000000
vt 0.319100 0.937300 0.000000
vt 0.312200 0.820800 0.000000
vt 0.329800 0.826800 0.000000
vt 0.350600 0.838300 0.000000
vt 0.286800 0.806400 0.000000
vt 0.323100 0.803600 0.000000
vt 0.340000 0.815600 0.000000
vt 0.271900 0.806400 0.000000
vt 0.879700 0.640100 0.000000
vt 0.878900 0.641000 0.000000
vt 0.877400 0.642800 0.000000
vt 0.876600 0.643800 0.000000
vt 0.881700 0.641100 0.000000
vt 0.881400 0.642200 0.000000
vt 0.880800 0.644500 0.000000
vt 0.880500 0.645600 0.000000
vt 0.884300 0.641100 0.000000
vt 0.884300 0.642300 0.000000
vt 0.884300 0.644600 0.000000
vt 0.884300 0.645800 0.000000
vt 0.849300 0.846000 0.000000
vt 0.864400 0.846000 0.000000
vt 0.864400 0.893700 0.000000
vt 0.849300 0.893700 0.000000
vt 0.898000 0.920500 0.000000
vt 0.905300 0.923500 0.000000
vt 0.902300 0.924700 0.000000
vt 0.899300 0.923500 0.000000
vt 0.679800 0.120200 0.000000
vt 0.682000 0.125500 0.000000
vt 0.902300 0.916200 0.000000
vt 0.905300 0.917500 0.000000
vt 0.906500 0.920500 0.000000
vt 0.899300 0.917500 0.000000
vt 0.682000 0.114900 0.000000
vt 0.887800 0.904900 0.000000
vt 0.885800 0.903200 0.000000
vt 0.887500 0.899800 0.000000
vt 0.890000 0.900700 0.000000
vt 0.889900 0.906400 0.000000
vt 0.892400 0.902000 0.000000
vt 0.892100 0.907700 0.000000
vt 0.894400 0.903800 0.000000
vt 0.861900 0.904500 0.000000
vt 0.860300 0.902300 0.000000
vt 0.864300 0.900500 0.000000
vt 0.865000 0.903100 0.000000
vt 0.863300 0.906900 0.000000
vt 0.866100 0.905400 0.000000
vt 0.864500 0.909400 0.000000
vt 0.867800 0.907400 0.000000
vt 0.536200 0.266700 0.000000
vt 0.535400 0.265400 0.000000
vt 0.549200 0.261000 0.000000
vt 0.550300 0.261500 0.000000
vt 0.538700 0.271000 0.000000
vt 0.551800 0.263700 0.000000
vt 0.539700 0.272200 0.000000
vt 0.552400 0.265200 0.000000
vt 0.052300 0.741800 0.000000
vt 0.080500 0.728100 0.000000
vt 0.073900 0.708800 0.000000
vt 0.041600 0.699500 0.000000
vt 0.307400 0.774100 0.000000
vt 0.335900 0.761800 0.000000
vt 0.339400 0.773700 0.000000
vt 0.289500 0.940900 0.000000
vt 0.290800 0.958600 0.000000
vt 0.282400 0.960900 0.000000
vt 0.281100 0.943100 0.000000
vt 0.298500 0.927000 0.000000
vt 0.304900 0.927700 0.000000
vt 0.302200 0.934600 0.000000
vt 0.298400 0.934900 0.000000
vt 0.297100 0.968300 0.000000
vt 0.297800 0.953000 0.000000
vt 0.306500 0.956100 0.000000
vt 0.306400 0.972300 0.000000
vt 0.296800 0.983600 0.000000
vt 0.304400 0.983500 0.000000
vt 0.301700 0.985600 0.000000
vt 0.025500 0.711000 0.000000
vt 0.034500 0.744400 0.000000
vt 0.092000 0.704100 0.000000
vt 0.096500 0.714900 0.000000
vt 0.290300 0.799600 0.000000
vt 0.289500 0.781100 0.000000
vt 0.312000 0.792800 0.000000
vt 0.350800 0.762400 0.000000
vt 0.348000 0.755700 0.000000
vt 0.290700 0.968000 0.000000
vt 0.282600 0.971500 0.000000
vt 0.291100 0.933400 0.000000
vt 0.285600 0.934300 0.000000
vt 0.299300 0.978400 0.000000
vt 0.304600 0.979900 0.000000
vt 0.304900 0.945300 0.000000
vt 0.298500 0.944500 0.000000
vt 0.012600 0.721800 0.000000
vt 0.015600 0.737600 0.000000
vt 0.267100 0.797000 0.000000
vt 0.283000 0.980400 0.000000
vt 0.289800 0.979900 0.000000
vt 0.302700 0.763700 0.000000
vt 0.284700 0.769200 0.000000
vt 0.263800 0.780300 0.000000
vt 0.329300 0.751100 0.000000
vt 0.293000 0.746200 0.000000
vt 0.275100 0.757600 0.000000
vt 0.344100 0.750200 0.000000
vt 0.885400 0.907500 0.000000
vt 0.883600 0.905600 0.000000
vt 0.887400 0.909300 0.000000
vt 0.889300 0.911100 0.000000
vt 0.858700 0.906900 0.000000
vt 0.857000 0.904800 0.000000
vt 0.860300 0.909100 0.000000
vt 0.861900 0.911300 0.000000
vt 0.882700 0.909300 0.000000
vt 0.881500 0.907000 0.000000
vt 0.883900 0.911700 0.000000
vt 0.885100 0.914000 0.000000
vt 0.855700 0.909800 0.000000
vt 0.853500 0.908200 0.000000
vt 0.857900 0.911500 0.000000
vt 0.860100 0.913100 0.000000
vt 0.879600 0.910200 0.000000
vt 0.878800 0.907700 0.000000
vt 0.880200 0.912900 0.000000
vt 0.881000 0.915400 0.000000
vt 0.853700 0.913300 0.000000
vt 0.851400 0.912000 0.000000
vt 0.856200 0.914400 0.000000
vt 0.858500 0.915600 0.000000
vt 0.272900 0.294400 0.000000
vt 0.271800 0.296100 0.000000
vt 0.262100 0.296100 0.000000
vt 0.262500 0.295100 0.000000
vt 0.068500 0.965300 0.000000
vt 0.068700 0.978200 0.000000
vt 0.060300 0.978200 0.000000
vt 0.060200 0.964400 0.000000
vt 0.273600 0.289300 0.000000
vt 0.263700 0.290500 0.000000
vt 0.265100 0.288700 0.000000
vt 0.273200 0.287700 0.000000
vt 0.086500 0.978200 0.000000
vt 0.079200 0.978200 0.000000
vt 0.079500 0.965300 0.000000
vt 0.086800 0.964500 0.000000
vt 0.078800 0.978200 0.000000
vt 0.070500 0.978200 0.000000
vt 0.071700 0.964600 0.000000
vt 0.077700 0.964600 0.000000
vt 0.237200 0.289100 0.000000
vt 0.236400 0.287500 0.000000
vt 0.260100 0.290600 0.000000
vt 0.246400 0.293400 0.000000
vt 0.236200 0.283500 0.000000
vt 0.257600 0.284100 0.000000
vt 0.258900 0.283200 0.000000
vt 0.259500 0.282800 0.000000
vt 0.266600 0.283200 0.000000
vt 0.258300 0.281800 0.000000
vt 0.264500 0.277800 0.000000
vt 0.248500 0.272400 0.000000
vt 0.255900 0.280300 0.000000
vt 0.253400 0.267800 0.000000
vt 0.261000 0.275900 0.000000
vt 0.255100 0.262500 0.000000
vt 0.261000 0.269400 0.000000
vt 0.261300 0.268400 0.000000
vt 0.255700 0.261600 0.000000
vt 0.088100 0.962400 0.000000
vt 0.087900 0.978200 0.000000
vt 0.090400 0.962500 0.000000
vt 0.090400 0.978200 0.000000
vt 0.958500 0.454000 0.000000
vt 0.934900 0.454000 0.000000
vt 0.934900 0.468200 0.000000
vt 0.965400 0.468200 0.000000
vt 0.262800 0.253500 0.000000
vt 0.263500 0.252300 0.000000
vt 0.269100 0.258600 0.000000
vt 0.268500 0.260800 0.000000
vt 0.120300 0.567300 0.000000
vt 0.162800 0.567300 0.000000
vt 0.162800 0.577500 0.000000
vt 0.120300 0.577400 0.000000
vt 0.461100 0.368800 0.000000
vt 0.461100 0.336300 0.000000
vt 0.468800 0.336500 0.000000
vt 0.488100 0.355700 0.000000
vt 0.488100 0.361400 0.000000
vt 0.475300 0.368800 0.000000
vt 0.965400 0.454000 0.000000
vt 0.277400 0.234700 0.000000
vt 0.281000 0.237500 0.000000
vt 0.150600 0.534000 0.000000
vt 0.162800 0.533700 0.000000
vt 0.281000 0.230100 0.000000
vt 0.284600 0.233000 0.000000
vt 0.010600 0.978000 0.000000
vt 0.010600 0.974000 0.000000
vt 0.181300 0.291700 0.000000
vt 0.179400 0.288000 0.000000
vt 0.185400 0.296500 0.000000
vt 0.206300 0.310600 0.000000
vt 0.201000 0.306700 0.000000
vt 0.190800 0.304700 0.000000
vt 0.200900 0.304600 0.000000
vt 0.225000 0.296800 0.000000
vt 0.140700 0.590100 0.000000
vt 0.162800 0.590100 0.000000
vt 0.275000 0.328100 0.000000
vt 0.285300 0.328400 0.000000
vt 0.286400 0.329500 0.000000
vt 0.276400 0.329600 0.000000
vt 0.068500 0.991200 0.000000
vt 0.060100 0.992000 0.000000
vt 0.273600 0.323300 0.000000
vt 0.273900 0.321700 0.000000
vt 0.281800 0.322300 0.000000
vt 0.283200 0.324000 0.000000
vt 0.086900 0.991900 0.000000
vt 0.079600 0.991100 0.000000
vt 0.077800 0.991800 0.000000
vt 0.071700 0.991800 0.000000
vt 0.310500 0.323400 0.000000
vt 0.287100 0.324100 0.000000
vt 0.310600 0.321600 0.000000
vt 0.302500 0.327500 0.000000
vt 0.289500 0.318000 0.000000
vt 0.310100 0.317900 0.000000
vt 0.288000 0.317200 0.000000
vt 0.280600 0.317200 0.000000
vt 0.287600 0.316900 0.000000
vt 0.282700 0.312300 0.000000
vt 0.288600 0.316100 0.000000
vt 0.291100 0.315000 0.000000
vt 0.298700 0.308100 0.000000
vt 0.286200 0.310700 0.000000
vt 0.294600 0.304100 0.000000
vt 0.286600 0.304400 0.000000
vt 0.293600 0.299500 0.000000
vt 0.286400 0.302700 0.000000
vt 0.293300 0.298700 0.000000
vt 0.088100 0.993900 0.000000
vt 0.090400 0.993900 0.000000
vt 0.909400 0.454000 0.000000
vt 0.902500 0.468200 0.000000
vt 0.287500 0.289700 0.000000
vt 0.281300 0.296100 0.000000
vt 0.280700 0.293700 0.000000
vt 0.286200 0.287900 0.000000
vt 0.205300 0.567200 0.000000
vt 0.205300 0.577300 0.000000
vt 0.453400 0.336500 0.000000
vt 0.434100 0.355700 0.000000
vt 0.434000 0.361400 0.000000
vt 0.446900 0.368800 0.000000
vt 0.902500 0.454000 0.000000
vt 0.268500 0.273200 0.000000
vt 0.272000 0.270500 0.000000
vt 0.175000 0.534000 0.000000
vt 0.265200 0.268100 0.000000
vt 0.268800 0.265600 0.000000
vt 0.010600 0.982000 0.000000
vt 0.365800 0.322500 0.000000
vt 0.364200 0.326000 0.000000
vt 0.360900 0.330400 0.000000
vt 0.345500 0.342300 0.000000
vt 0.340100 0.345300 0.000000
vt 0.356200 0.337800 0.000000
vt 0.323700 0.331200 0.000000
vt 0.345900 0.340700 0.000000
vt 0.185000 0.590000 0.000000
vt 0.384000 0.393800 0.000000
vt 0.410500 0.395000 0.000000
vt 0.410600 0.390400 0.000000
vt 0.383900 0.389000 0.000000
vt 0.394800 0.398700 0.000000
vt 0.373800 0.397600 0.000000
vt 0.373700 0.385100 0.000000
vt 0.394800 0.384700 0.000000
vt 0.422300 0.390200 0.000000
vt 0.422000 0.395700 0.000000
vt 0.870700 0.694500 0.000000
vt 0.850800 0.683300 0.000000
vt 0.893200 0.686800 0.000000
vt 0.893000 0.690100 0.000000
vt 0.115500 0.966800 0.000000
vt 0.115500 0.969600 0.000000
vt 0.092800 0.969600 0.000000
vt 0.092800 0.966800 0.000000
vt 0.115500 0.970700 0.000000
vt 0.092800 0.970700 0.000000
vt 0.115500 0.964000 0.000000
vt 0.092800 0.964000 0.000000
vt 0.115500 0.962800 0.000000
vt 0.092800 0.962800 0.000000
vt 0.110200 0.980300 0.000000
vt 0.112500 0.981300 0.000000
vt 0.114800 0.980300 0.000000
vt 0.110200 0.975800 0.000000
vt 0.115700 0.978000 0.000000
vt 0.114800 0.975800 0.000000
vt 0.112500 0.974800 0.000000
vt 0.109300 0.978000 0.000000
vt 0.266100 0.523200 0.000000
vt 0.276500 0.563600 0.000000
vt 0.261600 0.561200 0.000000
vt 0.300200 0.543800 0.000000
vt 0.318900 0.571400 0.000000
vt 0.299900 0.562700 0.000000
vt 0.289600 0.562300 0.000000
vt 0.287500 0.531000 0.000000
vt 0.209900 0.595500 0.000000
vt 0.212300 0.570200 0.000000
vt 0.231200 0.560700 0.000000
vt 0.229200 0.599300 0.000000
vt 0.241800 0.597900 0.000000
vt 0.244300 0.560000 0.000000
vt 0.263000 0.600300 0.000000
vt 0.951700 0.557000 0.000000
vt 0.905500 0.566600 0.000000
vt 0.890100 0.576700 0.000000
vt 0.927400 0.598700 0.000000
vt 0.951400 0.556900 0.000000
vt 0.905300 0.566500 0.000000
vt 0.908100 0.544300 0.000000
vt 0.279500 0.604400 0.000000
vt 0.319600 0.598600 0.000000
vt 0.299200 0.601500 0.000000
vt 0.292400 0.601400 0.000000
vt 0.231900 0.548100 0.000000
vt 0.246000 0.532700 0.000000
vt 0.924400 0.609500 0.000000
vt 0.927200 0.598600 0.000000
vt 0.924100 0.609400 0.000000
vt 0.889800 0.576500 0.000000
vt 0.908400 0.544400 0.000000
vt 0.856100 0.540400 0.000000
vt 0.866900 0.533900 0.000000
vt 0.867100 0.534100 0.000000
vt 0.856300 0.540600 0.000000
vt 0.197400 0.505500 0.000000
vt 0.197400 0.486600 0.000000
vt 0.214200 0.474400 0.000000
vt 0.214200 0.517700 0.000000
vt 0.223500 0.474300 0.000000
vt 0.223400 0.517700 0.000000
vt 0.192300 0.505500 0.000000
vt 0.192200 0.486600 0.000000
vt 0.241500 0.469900 0.000000
vt 0.241500 0.522200 0.000000
vt 0.939400 0.679400 0.000000
vt 0.939600 0.670100 0.000000
vt 0.939500 0.686000 0.000000
vt 0.939600 0.686000 0.000000
vt 0.940100 0.697400 0.000000
vt 0.940200 0.706100 0.000000
vt 0.940300 0.706100 0.000000
vt 0.940000 0.712700 0.000000
vt 0.939900 0.716300 0.000000
vt 0.939700 0.726300 0.000000
vt 0.960200 0.618200 0.000000
vt 0.965800 0.607900 0.000000
vt 0.965500 0.607800 0.000000
vt 0.959900 0.618000 0.000000
vt 0.990100 0.565900 0.000000
vt 0.257800 0.469900 0.000000
vt 0.257700 0.522200 0.000000
vt 0.990400 0.566000 0.000000
vt 0.951900 0.679700 0.000000
vt 0.951900 0.670500 0.000000
vt 0.951900 0.686300 0.000000
vt 0.951700 0.697700 0.000000
vt 0.951400 0.706400 0.000000
vt 0.951300 0.713000 0.000000
vt 0.951300 0.716600 0.000000
vt 0.951200 0.726300 0.000000
vt 0.333500 0.416200 0.000000
vt 0.460800 0.417400 0.000000
vt 0.459700 0.466100 0.000000
vt 0.333000 0.465000 0.000000
vt 0.418300 0.476100 0.000000
vt 0.373800 0.474700 0.000000
vt 0.441500 0.486200 0.000000
vt 0.425000 0.483100 0.000000
vt 0.463900 0.474800 0.000000
vt 0.397800 0.486000 0.000000
vt 0.377400 0.492000 0.000000
vt 0.361900 0.486100 0.000000
vt 0.353600 0.486900 0.000000
vt 0.328500 0.477200 0.000000
vt 0.521100 0.609900 0.000000
vt 0.484500 0.643900 0.000000
vt 0.481000 0.640300 0.000000
vt 0.517800 0.606200 0.000000
vt 0.528100 0.617000 0.000000
vt 0.491200 0.651300 0.000000
vt 0.531300 0.620900 0.000000
vt 0.494700 0.654800 0.000000
vt 0.530800 0.601100 0.000000
vt 0.527300 0.597400 0.000000
vt 0.537600 0.608500 0.000000
vt 0.540700 0.612200 0.000000
vt 0.545500 0.588300 0.000000
vt 0.541000 0.585500 0.000000
vt 0.550800 0.597000 0.000000
vt 0.551600 0.602900 0.000000
vt 0.557300 0.583800 0.000000
vt 0.555400 0.580100 0.000000
vt 0.557900 0.594200 0.000000
vt 0.556700 0.601000 0.000000
vt 0.570500 0.586200 0.000000
vt 0.571500 0.583500 0.000000
vt 0.566200 0.595500 0.000000
vt 0.562800 0.601400 0.000000
vt 0.564500 0.598200 0.000000
vt 0.568900 0.589600 0.000000
vt 0.583800 0.593000 0.000000
vt 0.585500 0.589900 0.000000
vt 0.578700 0.601100 0.000000
vt 0.574800 0.606800 0.000000
vt 0.576500 0.604200 0.000000
vt 0.582000 0.595900 0.000000
vt 0.594300 0.599800 0.000000
vt 0.595900 0.597300 0.000000
vt 0.588600 0.607400 0.000000
vt 0.584500 0.613000 0.000000
vt 0.586400 0.610400 0.000000
vt 0.592100 0.602600 0.000000
vt 0.521000 0.609800 0.000000
vt 0.484300 0.643800 0.000000
vt 0.480800 0.640300 0.000000
vt 0.517800 0.605900 0.000000
vt 0.527900 0.617000 0.000000
vt 0.491300 0.651100 0.000000
vt 0.531400 0.620700 0.000000
vt 0.494800 0.654600 0.000000
vt 0.530700 0.601000 0.000000
vt 0.527400 0.597200 0.000000
vt 0.537600 0.608200 0.000000
vt 0.540800 0.612000 0.000000
vt 0.545400 0.588300 0.000000
vt 0.540800 0.585600 0.000000
vt 0.550700 0.597000 0.000000
vt 0.551400 0.602800 0.000000
vt 0.557200 0.583800 0.000000
vt 0.557800 0.594300 0.000000
vt 0.556500 0.600900 0.000000
vt 0.571600 0.583300 0.000000
vt 0.566200 0.595100 0.000000
vt 0.562700 0.601200 0.000000
vt 0.564400 0.598200 0.000000
vt 0.583900 0.592700 0.000000
vt 0.585300 0.589900 0.000000
vt 0.578700 0.600900 0.000000
vt 0.574700 0.606600 0.000000
vt 0.581800 0.595900 0.000000
vt 0.594300 0.599500 0.000000
vt 0.596000 0.597100 0.000000
vt 0.588600 0.607300 0.000000
vt 0.584500 0.612900 0.000000
vt 0.586300 0.610400 0.000000
vt 0.592000 0.602500 0.000000
vt 0.900900 0.941100 0.000000
vt 0.900800 0.947900 0.000000
vt 0.875300 0.948700 0.000000
vt 0.875300 0.936900 0.000000
vt 0.875600 0.932900 0.000000
vt 0.901200 0.937300 0.000000
vt 0.910400 0.952100 0.000000
vt 0.900900 0.951800 0.000000
vt 0.910400 0.948200 0.000000
vt 0.910400 0.943800 0.000000
vt 0.910700 0.939800 0.000000
vt 0.875300 0.952700 0.000000
vt 0.876200 0.929600 0.000000
vt 0.901800 0.934100 0.000000
vt 0.910500 0.955300 0.000000
vt 0.901000 0.955100 0.000000
vt 0.911500 0.936600 0.000000
vt 0.875500 0.956100 0.000000
vt 0.839200 0.910800 0.000000
vt 0.813400 0.912700 0.000000
vt 0.814400 0.901100 0.000000
vt 0.839800 0.904000 0.000000
vt 0.838900 0.914700 0.000000
vt 0.813100 0.916700 0.000000
vt 0.849600 0.900800 0.000000
vt 0.849300 0.904700 0.000000
vt 0.840100 0.900000 0.000000
vt 0.848900 0.909000 0.000000
vt 0.848700 0.913000 0.000000
vt 0.814500 0.899400 0.000000
vt 0.814700 0.897100 0.000000
vt 0.839100 0.917900 0.000000
vt 0.813200 0.920100 0.000000
vt 0.840400 0.896700 0.000000
vt 0.849800 0.897600 0.000000
vt 0.848900 0.916200 0.000000
vt 0.815000 0.893700 0.000000
vt 0.012700 0.946000 0.000000
vt 0.033700 0.945600 0.000000
vt 0.033000 0.949200 0.000000
vt 0.013700 0.949600 0.000000
vt 0.013500 0.942400 0.000000
vt 0.032800 0.942000 0.000000
vt 0.029900 0.952300 0.000000
vt 0.017100 0.952400 0.000000
vt 0.029400 0.939200 0.000000
vt 0.015200 0.940700 0.000000
vt 0.016600 0.939300 0.000000
vt 0.066800 0.940000 0.000000
vt 0.067000 0.950900 0.000000
vt 0.070600 0.951400 0.000000
vt 0.070300 0.939500 0.000000
vt 0.074100 0.950900 0.000000
vt 0.073800 0.940000 0.000000
vt 0.063700 0.943100 0.000000
vt 0.064000 0.947900 0.000000
vt 0.077100 0.947900 0.000000
vt 0.076900 0.943100 0.000000
vt 0.521300 0.609700 0.000000
vt 0.481100 0.640300 0.000000
vt 0.517900 0.606000 0.000000
vt 0.491400 0.651200 0.000000
vt 0.531600 0.620600 0.000000
vt 0.494800 0.654800 0.000000
vt 0.530900 0.601000 0.000000
vt 0.527600 0.597100 0.000000
vt 0.537800 0.608300 0.000000
vt 0.541200 0.612000 0.000000
vt 0.542100 0.591100 0.000000
vt 0.537200 0.588700 0.000000
vt 0.548700 0.598700 0.000000
vt 0.550300 0.603800 0.000000
vt 0.545400 0.588400 0.000000
vt 0.540900 0.585500 0.000000
vt 0.550700 0.597100 0.000000
vt 0.551500 0.602800 0.000000
vt 0.557300 0.583900 0.000000
vt 0.556600 0.600900 0.000000
vt 0.571700 0.583400 0.000000
vt 0.566500 0.595100 0.000000
vt 0.563000 0.601200 0.000000
vt 0.564700 0.598300 0.000000
vt 0.569000 0.589700 0.000000
vt 0.584000 0.592700 0.000000
vt 0.579000 0.600900 0.000000
vt 0.575000 0.606700 0.000000
vt 0.576800 0.604200 0.000000
vt 0.582100 0.595900 0.000000
vt 0.596200 0.597100 0.000000
vt 0.594500 0.599500 0.000000
vt 0.588800 0.607300 0.000000
vt 0.584800 0.612800 0.000000
vt 0.586500 0.610500 0.000000
vt 0.592200 0.602600 0.000000
vt 0.938500 0.914600 0.000000
vt 0.938100 0.922500 0.000000
vt 0.930800 0.921800 0.000000
vt 0.931200 0.914500 0.000000
vt 0.937000 0.930500 0.000000
vt 0.929800 0.929100 0.000000
vt 0.930900 0.907100 0.000000
vt 0.941500 0.904700 0.000000
vt 0.261300 0.325300 0.000000
vt 0.242700 0.325300 0.000000
vt 0.250900 0.327700 0.000000
vt 0.055500 0.945300 0.000000
vt 0.053900 0.950800 0.000000
vt 0.053900 0.939900 0.000000
vt 0.908900 0.919800 0.000000
vt 0.909100 0.914500 0.000000
vt 0.908900 0.909200 0.000000
vt 0.908200 0.903900 0.000000
vt 0.929700 0.899800 0.000000
vt 0.942100 0.896400 0.000000
vt 0.908100 0.925100 0.000000
vt 0.861700 0.935400 0.000000
vt 0.854400 0.935500 0.000000
vt 0.854100 0.928100 0.000000
vt 0.861400 0.927400 0.000000
vt 0.853000 0.920800 0.000000
vt 0.860300 0.919500 0.000000
vt 0.864700 0.945300 0.000000
vt 0.854100 0.942900 0.000000
vt 0.261300 0.313900 0.000000
vt 0.242700 0.313900 0.000000
vt 0.239400 0.319600 0.000000
vt 0.264700 0.319600 0.000000
vt 0.044700 0.945300 0.000000
vt 0.046300 0.939900 0.000000
vt 0.046300 0.950800 0.000000
vt 0.832100 0.930100 0.000000
vt 0.832400 0.935500 0.000000
vt 0.853000 0.950100 0.000000
vt 0.831400 0.946100 0.000000
vt 0.832100 0.940800 0.000000
vt 0.865300 0.953500 0.000000
vt 0.831400 0.924900 0.000000
vt 0.050100 0.953000 0.000000
vt 0.050100 0.937600 0.000000
vt 0.250900 0.311500 0.000000
vt 0.026200 0.309900 0.000000
vt 0.093200 0.274200 0.000000
vt 0.097700 0.281200 0.000000
vt 0.031700 0.318800 0.000000
vt 0.021800 0.303200 0.000000
vt 0.088900 0.267800 0.000000
vt 0.016300 0.294800 0.000000
vt 0.084000 0.261100 0.000000
vt 0.085200 0.262900 0.000000
vt 0.017600 0.296500 0.000000
vt 0.096200 0.279600 0.000000
vt 0.030200 0.316800 0.000000
vt 0.101300 0.285900 0.000000
vt 0.035500 0.324800 0.000000
vt 0.081500 0.255800 0.000000
vt 0.013000 0.288600 0.000000
vt 0.035100 0.911100 0.000000
vt 0.035100 0.916300 0.000000
vt 0.029700 0.912100 0.000000
vt 0.033600 0.906100 0.000000
vt 0.031300 0.922200 0.000000
vt 0.025900 0.918000 0.000000
vt 0.026800 0.924000 0.000000
vt 0.022100 0.923900 0.000000
vt 0.024400 0.907800 0.000000
vt 0.028200 0.901900 0.000000
vt 0.020600 0.913800 0.000000
vt 0.016700 0.919700 0.000000
vt 0.019000 0.903600 0.000000
vt 0.023500 0.901800 0.000000
vt 0.015200 0.909500 0.000000
vt 0.015200 0.914700 0.000000
vt 0.118200 0.242600 0.000000
vt 0.111900 0.238900 0.000000
vt 0.131700 0.208300 0.000000
vt 0.136600 0.210500 0.000000
vt 0.138700 0.257300 0.000000
vt 0.133400 0.252900 0.000000
vt 0.155800 0.221800 0.000000
vt 0.160400 0.225900 0.000000
vt 0.130000 0.252300 0.000000
vt 0.152700 0.218700 0.000000
vt 0.242400 0.738900 0.000000
vt 0.233400 0.720400 0.000000
vt 0.246500 0.723300 0.000000
vt 0.249100 0.744200 0.000000
vt 0.233000 0.701600 0.000000
vt 0.245900 0.696200 0.000000
vt 0.241200 0.682800 0.000000
vt 0.247700 0.677200 0.000000
vt 0.270800 0.722800 0.000000
vt 0.269100 0.743800 0.000000
vt 0.270300 0.695700 0.000000
vt 0.267700 0.676800 0.000000
vt 0.283800 0.719400 0.000000
vt 0.275600 0.738200 0.000000
vt 0.283400 0.700600 0.000000
vt 0.274400 0.682100 0.000000
vt 0.105400 0.266300 0.000000
vt 0.109200 0.271500 0.000000
vt 0.101100 0.260600 0.000000
vt 0.097300 0.255700 0.000000
vt 0.098700 0.258300 0.000000
vt 0.106700 0.269300 0.000000
vt 0.113000 0.275500 0.000000
vt 0.094700 0.251000 0.000000
vt 0.116700 0.258300 0.000000
vt 0.120200 0.262800 0.000000
vt 0.112600 0.253500 0.000000
vt 0.108700 0.249900 0.000000
vt 0.110600 0.252000 0.000000
vt 0.118100 0.260700 0.000000
vt 0.124500 0.266900 0.000000
vt 0.104900 0.245800 0.000000
vt 0.110700 0.241500 0.000000
vt 0.116000 0.245100 0.000000
vt 0.129300 0.256500 0.000000
vt 0.133600 0.261100 0.000000
vt 0.127600 0.254200 0.000000
vt 0.129300 0.248900 0.000000
vt 0.125800 0.252100 0.000000
vt 0.123500 0.245000 0.000000
vt 0.121300 0.248100 0.000000
vt 0.119900 0.245900 0.000000
vt 0.118500 0.247200 0.000000
vt 0.149700 0.215700 0.000000
vt 0.143200 0.212100 0.000000
vt 0.139500 0.211200 0.000000
vt 0.636000 0.273400 0.000000
vt 0.634500 0.276800 0.000000
vt 0.656100 0.279800 0.000000
vt 0.660000 0.275500 0.000000
vt 0.515200 0.162900 0.000000
vt 0.524100 0.162900 0.000000
vt 0.524100 0.164300 0.000000
vt 0.515200 0.164300 0.000000
vt 0.522600 0.162900 0.000000
vt 0.514700 0.162900 0.000000
vt 0.514700 0.164300 0.000000
vt 0.522600 0.164300 0.000000
vt 0.674000 0.285200 0.000000
vt 0.674500 0.278700 0.000000
vt 0.529900 0.162900 0.000000
vt 0.529900 0.164300 0.000000
vt 0.529700 0.164300 0.000000
vt 0.529700 0.162900 0.000000
vt 0.691500 0.294600 0.000000
vt 0.695700 0.291800 0.000000
vt 0.535100 0.162900 0.000000
vt 0.535100 0.164300 0.000000
vt 0.533600 0.164300 0.000000
vt 0.533600 0.162900 0.000000
vt 0.698000 0.310700 0.000000
vt 0.702400 0.310700 0.000000
vt 0.536500 0.162900 0.000000
vt 0.536500 0.164300 0.000000
vt 0.535200 0.164300 0.000000
vt 0.535200 0.162900 0.000000
vt 0.632700 0.268800 0.000000
vt 0.630500 0.274900 0.000000
vt 0.632300 0.275600 0.000000
vt 0.634600 0.269400 0.000000
vt 0.514000 0.164300 0.000000
vt 0.514000 0.162900 0.000000
vt 0.513100 0.162900 0.000000
vt 0.513100 0.164300 0.000000
vt 0.513800 0.164300 0.000000
vt 0.513800 0.162900 0.000000
vt 0.512600 0.164300 0.000000
vt 0.512600 0.162900 0.000000
vt 0.630400 0.269500 0.000000
vt 0.629100 0.272900 0.000000
vt 0.514700 0.171800 0.000000
vt 0.515200 0.171800 0.000000
vt 0.513800 0.171800 0.000000
vt 0.513100 0.171800 0.000000
vt 0.512600 0.171800 0.000000
vt 0.514000 0.171800 0.000000
vt 0.650500 0.045200 0.000000
vt 0.647400 0.052800 0.000000
vt 0.646700 0.043300 0.000000
vt 0.652000 0.047100 0.000000
vt 0.619000 0.030800 0.000000
vt 0.643200 0.043000 0.000000
vt 0.614500 0.033500 0.000000
vt 0.612800 0.026500 0.000000
vt 0.594500 0.024800 0.000000
vt 0.595200 0.022600 0.000000
vt 0.604500 0.016500 0.000000
vt 0.598600 0.024000 0.000000
vt 0.601400 0.020800 0.000000
vt 0.607400 0.018600 0.000000
vt 0.610800 0.022700 0.000000
vt 0.606100 0.025500 0.000000
vt 0.602500 0.028800 0.000000
vt 0.600500 0.030600 0.000000
vt 0.596000 0.019500 0.000000
vt 0.600100 0.016800 0.000000
vt 0.632400 0.026200 0.000000
vt 0.632100 0.027900 0.000000
vt 0.632100 0.021200 0.000000
vt 0.643000 0.026100 0.000000
vt 0.643800 0.027600 0.000000
vt 0.643400 0.021100 0.000000
vt 0.646000 0.026000 0.000000
vt 0.646300 0.029100 0.000000
vt 0.646100 0.020800 0.000000
vt 0.650900 0.025900 0.000000
vt 0.651000 0.029100 0.000000
vt 0.650800 0.020800 0.000000
vt 0.653400 0.025100 0.000000
vt 0.652600 0.027500 0.000000
vt 0.652900 0.022500 0.000000
vt 0.649800 0.053000 0.000000
vt 0.652300 0.050200 0.000000
vt 0.817800 0.146400 0.000000
vt 0.816200 0.146400 0.000000
vt 0.822700 0.146400 0.000000
vt 0.819400 0.146400 0.000000
vt 0.827500 0.146400 0.000000
vt 0.829100 0.146400 0.000000
vt 0.825900 0.146400 0.000000
vt 0.824300 0.146400 0.000000
vt 0.821000 0.146400 0.000000
vt 0.817800 0.144800 0.000000
vt 0.816200 0.144800 0.000000
vt 0.822700 0.144800 0.000000
vt 0.819400 0.144800 0.000000
vt 0.827500 0.144800 0.000000
vt 0.829100 0.144800 0.000000
vt 0.825900 0.144800 0.000000
vt 0.824300 0.144800 0.000000
vt 0.821000 0.144800 0.000000
vt 0.595700 0.069700 0.000000
vt 0.592700 0.051000 0.000000
vt 0.572300 0.062300 0.000000
vt 0.574100 0.065100 0.000000
vt 0.612000 0.038800 0.000000
vt 0.637100 0.056200 0.000000
vt 0.900400 0.137400 0.000000
vt 0.900400 0.145000 0.000000
vt 0.899800 0.137400 0.000000
vt 0.899800 0.145000 0.000000
vt 0.900000 0.145000 0.000000
vt 0.900000 0.137400 0.000000
vt 0.899300 0.137400 0.000000
vt 0.899300 0.145000 0.000000
vt 0.898800 0.137400 0.000000
vt 0.898800 0.145000 0.000000
vt 0.899500 0.145000 0.000000
vt 0.899500 0.137400 0.000000
vt 0.898900 0.145000 0.000000
vt 0.898900 0.137400 0.000000
vt 0.599000 0.026600 0.000000
vt 0.604200 0.021100 0.000000
vt 0.605800 0.022800 0.000000
vt 0.600600 0.028100 0.000000
vt 0.586600 0.028200 0.000000
vt 0.592500 0.034700 0.000000
vt 0.570800 0.033900 0.000000
vt 0.591800 0.035700 0.000000
vt 0.830800 0.146400 0.000000
vt 0.830800 0.144800 0.000000
vt 0.567100 0.038000 0.000000
vt 0.588900 0.040000 0.000000
vt 0.569700 0.044600 0.000000
vt 0.589800 0.042600 0.000000
vt 0.574200 0.046500 0.000000
vt 0.586000 0.046200 0.000000
vt 0.333500 0.113000 0.000000
vt 0.333500 0.107100 0.000000
vt 0.263400 0.107100 0.000000
vt 0.263400 0.113000 0.000000
vt 0.333500 0.107000 0.000000
vt 0.333500 0.112900 0.000000
vt 0.263500 0.112900 0.000000
vt 0.263500 0.107000 0.000000
vt 0.397600 0.107000 0.000000
vt 0.397600 0.112900 0.000000
vt 0.199400 0.112900 0.000000
vt 0.199400 0.107000 0.000000
vt 0.397500 0.113000 0.000000
vt 0.397500 0.107100 0.000000
vt 0.199400 0.107100 0.000000
vt 0.199400 0.113000 0.000000
vt 0.248500 0.013600 0.000000
vt 0.249800 0.017800 0.000000
vt 0.244300 0.012600 0.000000
vt 0.286900 0.056700 0.000000
vt 0.284200 0.058400 0.000000
vt 0.246800 0.020900 0.000000
vt 0.223200 0.030900 0.000000
vt 0.225700 0.034400 0.000000
vt 0.218800 0.031300 0.000000
vt 0.282300 0.060200 0.000000
vt 0.279700 0.062400 0.000000
vt 0.224000 0.038400 0.000000
vt 0.290600 0.060900 0.000000
vt 0.293800 0.070600 0.000000
vt 0.290000 0.073900 0.000000
vt 0.295200 0.066000 0.000000
vt 0.296800 0.067800 0.000000
vt 0.903300 0.521600 0.000000
vt 0.904500 0.523900 0.000000
vt 0.908100 0.517700 0.000000
vt 0.907700 0.516800 0.000000
vt 0.908700 0.522100 0.000000
vt 0.904900 0.525600 0.000000
vt 0.919500 0.537200 0.000000
vt 0.922500 0.534000 0.000000
vt 0.923000 0.541100 0.000000
vt 0.925300 0.540000 0.000000
vt 0.207300 0.044100 0.000000
vt 0.202700 0.043000 0.000000
vt 0.201400 0.038500 0.000000
vt 0.204600 0.035100 0.000000
vt 0.209200 0.036200 0.000000
vt 0.210600 0.040700 0.000000
vt 0.250500 0.083000 0.000000
vt 0.247700 0.085000 0.000000
vt 0.183000 0.063400 0.000000
vt 0.178300 0.064000 0.000000
vt 0.175400 0.060200 0.000000
vt 0.177300 0.055800 0.000000
vt 0.182000 0.055300 0.000000
vt 0.184800 0.059100 0.000000
vt 0.245900 0.087100 0.000000
vt 0.243100 0.089600 0.000000
vt 0.260300 0.092200 0.000000
vt 0.262200 0.094000 0.000000
vt 0.255300 0.101200 0.000000
vt 0.302000 0.073500 0.000000
vt 0.298900 0.076300 0.000000
vt 0.295200 0.079600 0.000000
vt 0.254800 0.087100 0.000000
vt 0.241300 0.015700 0.000000
vt 0.242500 0.019900 0.000000
vt 0.217100 0.035300 0.000000
vt 0.219600 0.038800 0.000000
vt 0.259100 0.097300 0.000000
vt 0.333400 0.113100 0.000000
vt 0.263400 0.113100 0.000000
vt 0.263400 0.107200 0.000000
vt 0.333400 0.107200 0.000000
vt 0.333300 0.107200 0.000000
vt 0.263300 0.107200 0.000000
vt 0.263300 0.113100 0.000000
vt 0.333300 0.113100 0.000000
vt 0.397400 0.107200 0.000000
vt 0.397400 0.113100 0.000000
vt 0.199200 0.113100 0.000000
vt 0.199200 0.107200 0.000000
vt 0.397500 0.113100 0.000000
vt 0.397500 0.107200 0.000000
vt 0.199300 0.107200 0.000000
vt 0.199300 0.113100 0.000000
vt 0.248600 0.013600 0.000000
vt 0.244400 0.012600 0.000000
vt 0.246800 0.021000 0.000000
vt 0.284300 0.058400 0.000000
vt 0.287000 0.056700 0.000000
vt 0.223300 0.030900 0.000000
vt 0.218900 0.031300 0.000000
vt 0.225800 0.034400 0.000000
vt 0.282400 0.060200 0.000000
vt 0.290700 0.060900 0.000000
vt 0.296900 0.067800 0.000000
vt 0.295300 0.066000 0.000000
vt 0.883900 0.463400 0.000000
vt 0.888300 0.458600 0.000000
vt 0.888600 0.459500 0.000000
vt 0.885100 0.465700 0.000000
vt 0.889300 0.463900 0.000000
vt 0.885500 0.467400 0.000000
vt 0.903100 0.475800 0.000000
vt 0.900100 0.478900 0.000000
vt 0.905900 0.481700 0.000000
vt 0.903500 0.482900 0.000000
vt 0.207500 0.044300 0.000000
vt 0.202900 0.043200 0.000000
vt 0.201600 0.038600 0.000000
vt 0.204800 0.035200 0.000000
vt 0.209400 0.036300 0.000000
vt 0.210800 0.040800 0.000000
vt 0.247800 0.085000 0.000000
vt 0.183200 0.063500 0.000000
vt 0.178500 0.064000 0.000000
vt 0.175700 0.060200 0.000000
vt 0.177600 0.055900 0.000000
vt 0.182300 0.055400 0.000000
vt 0.185100 0.059200 0.000000
vt 0.243200 0.089600 0.000000
vt 0.255300 0.101100 0.000000
vt 0.299000 0.076300 0.000000
vt 0.295200 0.079700 0.000000
vt 0.254900 0.087100 0.000000
vt 0.242600 0.019900 0.000000
vt 0.219700 0.038800 0.000000
vt 0.259100 0.097200 0.000000
vt 0.384000 0.393900 0.000000
vt 0.384000 0.389000 0.000000
vt 0.410700 0.390500 0.000000
vt 0.410600 0.395100 0.000000
vt 0.395000 0.398800 0.000000
vt 0.373900 0.397700 0.000000
vt 0.373800 0.385100 0.000000
vt 0.395000 0.384800 0.000000
vt 0.422400 0.390300 0.000000
vt 0.422200 0.395800 0.000000
vt 0.850700 0.683200 0.000000
vt 0.115400 0.966800 0.000000
vt 0.092700 0.966800 0.000000
vt 0.092700 0.969600 0.000000
vt 0.115400 0.969600 0.000000
vt 0.092700 0.970700 0.000000
vt 0.115400 0.970700 0.000000
vt 0.092700 0.964000 0.000000
vt 0.115400 0.964000 0.000000
vt 0.092700 0.962800 0.000000
vt 0.115400 0.962800 0.000000
vt 0.834400 0.696400 0.000000
vt 0.115800 0.978000 0.000000
vt 0.883000 0.143900 0.000000
vt 0.865900 0.147400 0.000000
vt 0.867900 0.152300 0.000000
vt 0.883700 0.145600 0.000000
vt 0.627900 0.239200 0.000000
vt 0.628900 0.244500 0.000000
vt 0.598000 0.245900 0.000000
vt 0.597100 0.240500 0.000000
vt 0.848800 0.151700 0.000000
vt 0.850400 0.155300 0.000000
vt 0.580300 0.245900 0.000000
vt 0.579400 0.240500 0.000000
vt 0.636500 0.244200 0.000000
vt 0.637200 0.259600 0.000000
vt 0.635500 0.238900 0.000000
vt 0.629500 0.260000 0.000000
vt 0.842000 0.216900 0.000000
vt 0.841300 0.215200 0.000000
vt 0.846400 0.214000 0.000000
vt 0.846700 0.214800 0.000000
vt 0.888200 0.142600 0.000000
vt 0.888400 0.143500 0.000000
# 3194 texture coords

g Body
usemtl Generic_Bike_v01
s 2
f -2883/-3194/-3176 -2882/-3193/-3175 -2881/-3192/-3174 
f -2880/-3191/-3173 -2879/-3190/-3172 -2878/-3189/-3171 
f -2877/-3188/-3170 -2876/-3187/-3169 -2875/-3186/-3168 -2874/-3185/-3167 
f -2873/-3184/-3166 -2876/-3187/-3169 -2877/-3188/-3170 -2872/-3183/-3165 
s 6
f -2871/-3182/-3164 -2880/-3181/-3173 -2878/-3180/-3171 -2870/-3179/-3163 
s 2
f -2879/-3190/-3172 -2869/-3178/-3162 -2868/-3177/-3161 
f -2867/-3176/-3160 -2866/-3175/-3159 -2873/-3174/-3166 
f -2865/-3173/-3158 -2883/-3194/-3176 -2881/-3192/-3174 
f -2864/-3172/-3157 -2863/-3171/-3156 -2865/-3173/-3158 -2862/-3170/-3155 
s 1
f -2861/-3169/-3154 -2860/-3168/-3153 -2859/-3167/-3152 
s 3
f -2858/-3166/-3151 -2857/-3165/-3150 -2861/-3169/-3154 -2856/-3164/-3149 
s 1
f -2861/-3163/-3154 -2855/-3162/-3148 -2860/-3161/-3153 
f -2854/-3160/-3147 -2853/-3159/-3146 -2855/-3162/-3148 -2861/-3163/-3154 
f -2852/-3158/-3145 -2851/-3157/-3144 -2850/-3156/-3143 -2849/-3155/-3142 
f -2848/-3154/-3141 -2847/-3153/-3140 -2846/-3152/-3139 -2845/-3151/-3138 
f -2849/-3155/-3142 -2850/-3156/-3143 -2847/-3153/-3140 -2848/-3154/-3141 
s 2
f -2883/-3150/-3176 -2844/-3149/-3137 -2882/-3148/-3175 
s 1
f -2850/-3147/-3143 -2843/-3146/-3136 -2842/-3145/-3135 -2847/-3144/-3140 
s 3
f -2847/-3153/-3140 -2842/-3143/-3135 -2841/-3142/-3134 -2844/-3141/-3137 
s 1
f -2851/-3140/-3144 -2840/-3139/-3133 -2839/-3138/-3132 -2850/-3147/-3143 
f -2850/-3147/-3143 -2839/-3138/-3132 -2838/-3137/-3131 -2843/-3146/-3136 
f -2843/-3146/-3136 -2838/-3137/-3131 -2837/-3136/-3130 -2842/-3145/-3135 
f -2842/-3143/-3135 -2837/-3135/-3130 -2836/-3134/-3129 -2841/-3142/-3134 
f -2853/-3159/-3146 -2835/-3133/-3128 -2834/-3132/-3127 -2852/-3158/-3145 
f -2852/-3158/-3145 -2834/-3132/-3127 -2851/-3157/-3144 
f -2851/-3140/-3144 -2834/-3131/-3127 -2840/-3139/-3133 
s 3
f -2833/-3130/-3126 -2832/-3129/-3125 -2831/-3128/-3124 -2830/-3127/-3123 
s 6
f -2829/-3126/-3122 -2833/-3125/-3126 -2867/-3176/-3160 
s 4
f -2873/-3174/-3121 -2828/-3124/-3120 -2829/-3126/-3122 -2867/-3176/-3160 
f -2872/-3183/-3119 -2827/-3123/-3118 -2873/-3184/-3121 
s 3
f -2832/-3129/-3125 -2857/-3165/-3150 -2826/-3122/-3117 -2831/-3128/-3124 
s 2
f -2825/-3121/-3116 -2824/-3120/-3115 -2823/-3119/-3114 
f -2822/-3118/-3113 -2821/-3117/-3112 -2820/-3116/-3111 -2819/-3115/-3110 
f -2818/-3114/-3109 -2817/-3113/-3108 -2816/-3112/-3107 -2815/-3111/-3106 
s 4
f -2818/-3114/-3105 -2814/-3110/-3104 -2813/-3109/-3103 -2817/-3113/-3102 
s 2
f -2812/-3108/-3101 -2870/-3107/-3163 -2811/-3106/-3100 
s 4
f -2822/-3118/-3099 -2825/-3105/-3098 -2821/-3117/-3097 
s 2
f -2810/-3104/-3096 -2818/-3114/-3109 -2815/-3111/-3106 -2809/-3103/-3095 
s 6
f -2814/-3102/-3104 -2808/-3101/-3094 -2807/-3100/-3093 -2812/-3108/-3101 
s 2
f -2868/-3099/-3161 -2806/-3098/-3092 -2805/-3097/-3091 -2804/-3096/-3090 
f -2880/-3181/-3173 -2871/-3182/-3164 -2803/-3095/-3089 
f -2874/-3185/-3167 -2802/-3094/-3088 -2877/-3188/-3170 
s 4
f -2870/-3179/-3163 -2812/-3093/-3101 -2871/-3182/-3164 
s 1
f -2854/-3160/-3147 -2801/-3092/-3087 -2853/-3159/-3146 
f -2854/-3160/-3147 -2800/-3091/-3086 -2799/-3090/-3085 -2798/-3089/-3084 
f -2800/-3091/-3086 -2797/-3088/-3083 -2796/-3087/-3082 -2799/-3090/-3085 
f -2797/-3086/-3083 -2795/-3085/-3081 -2794/-3084/-3080 -2796/-3083/-3082 
f -2795/-3085/-3081 -2793/-3082/-3079 -2792/-3081/-3078 -2794/-3084/-3080 
f -2791/-3080/-3077 -2790/-3079/-3076 -2792/-3081/-3078 -2789/-3078/-3075 
s 5
f -2827/-3077/-3118 -2788/-3076/-3074 -2787/-3075/-3073 -2828/-3124/-3120 
s 3
f -2786/-3074/-3072 -2785/-3073/-3071 -2823/-3119/-3114 -2824/-3120/-3115 
f -2784/-3072/-3070 -2783/-3071/-3069 -2782/-3070/-3068 -2809/-3103/-3095 
f -2815/-3111/-3106 -2816/-3112/-3107 -2784/-3072/-3070 -2809/-3103/-3095 
s 5
f -2793/-3082/-3079 -2829/-3126/-3122 -2828/-3124/-3120 -2787/-3075/-3073 
f -2795/-3085/-3081 -2833/-3125/-3126 -2829/-3126/-3122 -2793/-3082/-3079 
s 1
f -2797/-3086/-3083 -2832/-3069/-3125 -2833/-3125/-3126 -2795/-3085/-3081 
f -2800/-3091/-3086 -2857/-3068/-3150 -2832/-3067/-3125 -2797/-3088/-3083 
f -2854/-3160/-3147 -2861/-3163/-3154 -2857/-3068/-3150 -2800/-3091/-3086 
f -2835/-3066/-3128 -2853/-3065/-3146 -2801/-3064/-3087 
f -2799/-3063/-3085 -2781/-3062/-3067 -2780/-3061/-3066 -2798/-3060/-3084 
f -2796/-3059/-3082 -2779/-3058/-3065 -2781/-3062/-3067 -2799/-3063/-3085 
f -2794/-3084/-3080 -2778/-3057/-3064 -2779/-3056/-3065 -2796/-3083/-3082 
f -2792/-3081/-3078 -2790/-3079/-3076 -2778/-3057/-3064 -2794/-3084/-3080 
f -2777/-3055/-3063 -2791/-3080/-3077 -2789/-3078/-3075 -2776/-3054/-3062 
f -2775/-3053/-3061 -2785/-3073/-3071 -2786/-3074/-3072 -2774/-3052/-3060 
f -2784/-3072/-3070 -2816/-3112/-3107 -2773/-3051/-3059 -2783/-3071/-3069 
s off
f -2772/-3050/-3058 -2771/-3049/-3058 -2770/-3048/-3058 
s 1
f -2826/-3122/-3117 -2857/-3165/-3150 -2858/-3166/-3151 
s 2
f -2871/-3182/-3164 -2802/-3094/-3088 -2874/-3185/-3167 -2803/-3095/-3089 
s 4
f -2880/-3191/-3173 -2803/-3047/-3057 -2769/-3046/-3056 -2879/-3190/-3172 
f -2879/-3190/-3172 -2769/-3046/-3056 -2768/-3045/-3055 -2869/-3178/-3054 
s 5
f -2769/-3046/-3056 -2803/-3047/-3057 -2767/-3044/-3053 -2766/-3043/-3052 
f -2768/-3045/-3055 -2769/-3046/-3056 -2766/-3043/-3052 
s 1
f -2845/-3151/-3138 -2859/-3042/-3152 -2860/-3161/-3153 -2848/-3154/-3141 
f -2848/-3154/-3141 -2860/-3161/-3153 -2849/-3155/-3142 
s 2
f -2841/-3142/-3134 -2765/-3041/-3051 -2882/-3040/-3175 -2844/-3141/-3137 
s 1
f -2854/-3160/-3147 -2798/-3089/-3084 -2801/-3092/-3087 
f -2798/-3060/-3084 -2780/-3061/-3066 -2835/-3066/-3128 -2801/-3064/-3087 
f -2853/-3159/-3146 -2852/-3158/-3145 -2855/-3162/-3148 
f -2852/-3158/-3145 -2849/-3155/-3142 -2860/-3161/-3153 -2855/-3162/-3148 
s 3
f -2844/-3149/-3137 -2883/-3150/-3176 -2846/-3039/-3139 
s 1
f -2863/-3038/-3156 -2845/-3037/-3138 -2846/-3039/-3139 -2883/-3150/-3176 
f -2845/-3037/-3138 -2863/-3038/-3156 -2859/-3167/-3152 
s 3
f -2861/-3169/-3154 -2859/-3167/-3152 -2863/-3038/-3156 -2856/-3164/-3149 
s 1
f -2847/-3153/-3140 -2844/-3141/-3137 -2846/-3152/-3139 
s 2
f -2863/-3038/-3156 -2864/-3036/-3157 -2856/-3164/-3149 
f -2856/-3164/-3149 -2864/-3036/-3157 -2772/-3035/-3050 -2858/-3166/-3151 
f -2764/-3034/-3049 -2810/-3104/-3096 -2809/-3103/-3095 -2782/-3070/-3068 
s 8
f -2814/-3110/-3048 -2810/-3104/-3047 -2764/-3034/-3046 -2808/-3033/-3094 
s 3
f -2783/-3071/-3069 -2763/-3032/-3045 -2820/-3116/-3111 -2782/-3070/-3068 
s 1
f -2773/-3051/-3059 -2762/-3031/-3044 -2763/-3032/-3045 -2783/-3071/-3069 
s 2
f -2772/-3035/-3050 -2770/-3030/-3043 -2761/-3029/-3042 
f -2761/-3029/-3042 -2760/-3028/-3041 -2831/-3128/-3124 -2826/-3122/-3117 
f -2760/-3028/-3041 -2759/-3027/-3040 -2830/-3127/-3123 -2831/-3128/-3124 
f -2830/-3127/-3123 -2759/-3027/-3040 -2758/-3026/-3039 
f -2833/-3130/-3126 -2830/-3127/-3123 -2758/-3026/-3039 -2867/-3025/-3160 
s 4
f -2827/-3077/-3118 -2828/-3124/-3120 -2873/-3174/-3121 
s 1
f -2793/-3082/-3079 -2787/-3075/-3073 -2789/-3078/-3075 -2792/-3081/-3078 
f -2787/-3075/-3073 -2788/-3076/-3074 -2776/-3054/-3062 -2789/-3078/-3075 
s 2
f -2822/-3118/-3113 -2819/-3115/-3110 -2757/-3024/-3038 
s 1
f -2757/-3024/-3038 -2756/-3023/-3037 -2755/-3022/-3036 
f -2756/-3023/-3037 -2754/-3021/-3035 -2753/-3020/-3034 -2755/-3022/-3036 
s 2
f -2825/-3105/-3116 -2822/-3118/-3113 -2757/-3024/-3038 -2824/-3019/-3115 
s 3
f -2824/-3019/-3115 -2757/-3024/-3038 -2755/-3022/-3036 -2786/-3018/-3072 
s 1
f -2755/-3022/-3036 -2753/-3020/-3034 -2774/-3017/-3060 -2786/-3018/-3072 
s 3
f -2757/-3024/-3038 -2819/-3115/-3110 -2756/-3023/-3037 
s 4
f -2805/-3016/-3091 -2806/-3015/-3092 -2752/-3014/-3033 -2811/-3106/-3032 
s 6
f -2870/-3179/-3163 -2878/-3180/-3171 -2751/-3013/-3031 -2750/-3012/-3030 
s 4
f -2811/-3106/-3032 -2750/-3011/-3030 -2805/-3016/-3091 
s 6
f -2750/-3010/-3030 -2751/-3009/-3031 -2804/-3096/-3090 -2805/-3097/-3091 
s 2
f -2810/-3104/-3096 -2814/-3110/-3104 -2818/-3114/-3109 
s 8
f -2752/-3014/-3029 -2813/-3008/-3029 -2814/-3102/-3048 -2811/-3106/-3028 
s 2
f -2812/-3108/-3101 -2811/-3106/-3100 -2814/-3102/-3104 
f -2870/-3107/-3163 -2750/-3011/-3030 -2811/-3106/-3100 
s 4
f -2749/-3007/-3027 -2802/-3094/-3026 -2871/-3182/-3164 -2748/-3006/-3025 
f -2808/-3101/-3094 -2825/-3121/-3098 -2823/-3119/-3114 
s 6
f -2808/-3101/-3094 -2823/-3119/-3114 -2747/-3005/-3024 -2807/-3100/-3093 
s 8
f -2749/-3004/-3023 -2748/-3003/-3022 -2807/-3100/-3022 -2747/-3005/-3024 
s 2
f -2807/-3002/-3093 -2748/-3006/-3021 -2871/-3182/-3164 -2812/-3093/-3101 
s 1
f -2785/-3073/-3071 -2775/-3053/-3061 -2746/-3001/-3020 -2745/-3000/-3019 
s 4
f -2872/-3183/-3119 -2877/-3188/-3018 -2802/-3094/-3026 
s 5
f -2823/-3119/-3114 -2744/-2999/-3017 -2827/-2998/-3118 -2872/-2997/-3119 
s 1
f -2777/-3055/-3063 -2776/-3054/-3062 -2745/-2996/-3019 -2746/-2995/-3020 
f -2788/-3076/-3074 -2744/-2994/-3017 -2745/-2996/-3019 -2776/-3054/-3062 
f -2744/-2994/-3017 -2788/-3076/-3074 -2827/-3077/-3118 
f -2785/-3073/-3071 -2745/-3000/-3019 -2744/-2999/-3017 -2823/-3119/-3114 
s 4
f -2749/-3007/-3027 -2872/-3183/-3119 -2802/-3094/-3026 
s 2
f -2872/-2997/-3165 -2749/-3004/-3023 -2743/-2993/-3016 -2742/-2992/-3015 
s 11
f -2741/-2991/-3014 -2740/-2990/-3013 -2742/-2992/-3015 -2743/-2993/-3016 
s 8
f -2823/-3119/-3114 -2740/-2990/-3013 -2741/-2991/-3014 -2747/-3005/-3024 
s 10
f -2749/-3004/-3023 -2747/-3005/-3024 -2741/-2991/-3014 -2743/-2993/-3016 
f -2823/-3119/-3114 -2872/-2997/-3165 -2742/-2992/-3015 -2740/-2990/-3013 
s 2
f -2821/-3117/-3112 -2764/-3034/-3049 -2782/-3070/-3068 -2820/-3116/-3111 
s 3
f -2763/-3032/-3045 -2756/-3023/-3037 -2819/-3115/-3110 -2820/-3116/-3111 
s 1
f -2762/-3031/-3044 -2754/-3021/-3035 -2756/-3023/-3037 -2763/-3032/-3045 
s 7
f -2879/-3190/-3172 -2804/-2989/-3090 -2751/-2988/-3031 -2878/-3189/-3171 
s 12
f -2825/-3105/-3098 -2808/-3033/-3094 -2764/-3034/-3046 -2821/-3117/-3097 
s 2
f -2866/-2987/-3159 -2739/-2986/-3012 -2876/-3187/-3169 -2873/-3184/-3166 
s 6
f -2867/-3025/-3160 -2758/-3026/-3039 -2739/-2985/-3012 -2866/-2984/-3159 
s 8
f -2739/-2985/-3011 -2758/-3026/-3010 -2759/-3027/-3009 -2738/-2983/-3008 
s 6
f -2770/-3048/-3043 -2771/-3049/-3007 -2737/-2982/-3006 -2736/-2981/-3005 
s 4
f -2735/-2980/-3004 -2760/-3028/-3003 -2761/-3029/-3002 
f -2760/-3028/-3003 -2735/-2980/-3004 -2759/-3027/-3001 
f -2736/-2979/-3005 -2735/-2980/-3004 -2761/-3029/-3002 -2770/-3030/-3043 
f -2771/-3049/-3007 -2772/-3050/-3000 -2864/-3172/-3000 -2862/-3170/-2999 
s 1
f -2759/-3027/-3001 -2736/-2979/-3005 -2734/-2978/-2998 
s 3
f -2858/-3166/-3151 -2772/-3035/-3050 -2761/-3029/-3042 -2826/-3122/-3117 
s 4
f -2865/-3173/-2997 -2733/-2977/-2996 -2732/-2976/-2995 -2862/-3170/-2999 
f -2865/-3173/-2997 -2881/-3192/-3174 -2733/-2977/-2996 
f -2862/-3170/-2999 -2732/-2976/-2995 -2731/-2975/-2994 -2771/-3049/-3007 
f -2881/-3192/-3174 -2730/-2974/-2993 -2733/-2977/-2996 
s 7
f -2733/-2977/-2996 -2729/-2973/-2992 -2728/-2972/-2991 -2732/-2976/-2995 
f -2728/-2972/-2991 -2727/-2971/-2990 -2731/-2975/-2994 -2732/-2976/-2995 
s 5
f -2726/-2970/-2989 -2771/-3049/-3007 -2731/-2975/-2994 -2727/-2971/-2990 
s 1
f -2725/-2969/-2988 -2726/-2970/-2989 -2724/-2968/-2987 
s 3
f -2724/-2968/-2987 -2727/-2971/-2990 -2723/-2967/-2986 -2722/-2966/-2985 
s 2
f -2771/-3049/-3007 -2725/-2969/-2988 -2737/-2982/-3006 
f -2722/-2966/-2985 -2721/-2965/-2984 -2720/-2964/-2983 
f -2722/-2966/-2985 -2723/-2967/-2986 -2719/-2963/-2982 -2721/-2965/-2984 
f -2718/-2962/-2981 -2721/-2965/-2984 -2717/-2961/-2980 -2716/-2960/-2979 
s 5
f -2725/-2969/-2988 -2724/-2968/-2987 -2715/-2959/-2978 -2714/-2958/-2977 
s 3
f -2724/-2968/-2987 -2713/-2957/-2976 -2712/-2956/-2975 -2715/-2959/-2978 
f -2737/-2982/-3006 -2725/-2969/-2988 -2714/-2958/-2977 -2711/-2955/-2974 
s 2
f -2710/-2954/-2973 -2712/-2956/-2975 -2713/-2957/-2976 
s 1
f -2726/-2970/-2989 -2727/-2971/-2990 -2724/-2968/-2987 
s 3
f -2724/-2968/-2987 -2722/-2966/-2985 -2713/-2957/-2976 
f -2726/-2970/-2989 -2725/-2969/-2988 -2771/-3049/-3007 
s 4
f -2882/-3193/-2972 -2765/-2953/-2972 -2709/-2952/-2971 -2881/-3192/-3174 
s 6
f -2881/-3192/-3174 -2708/-2951/-2970 -2730/-2974/-2993 
s 2
f -2728/-2972/-2991 -2729/-2973/-2992 -2707/-2950/-2969 
s 3
f -2729/-2973/-2992 -2730/-2974/-2993 -2706/-2949/-2968 -2707/-2950/-2969 
s 2
f -2730/-2974/-2993 -2708/-2951/-2970 -2705/-2948/-2967 -2706/-2949/-2968 
s 3
f -2865/-3173/-3158 -2863/-3171/-3156 -2883/-3194/-3176 
s 5
f -2730/-2974/-2993 -2729/-2973/-2992 -2733/-2977/-2996 
s 2
f -2717/-2947/-2980 -2704/-2946/-2966 -2716/-2945/-2979 
f -2704/-2946/-2966 -2717/-2947/-2980 -2703/-2944/-2965 -2702/-2943/-2964 
f -2702/-2943/-2964 -2703/-2944/-2965 -2701/-2942/-2963 -2700/-2941/-2962 
f -2717/-2961/-2980 -2721/-2965/-2984 -2703/-2940/-2965 
f -2700/-2941/-2962 -2701/-2942/-2963 -2707/-2939/-2969 -2706/-2938/-2968 
s 4
f -2701/-2937/-2961 -2703/-2940/-2961 -2721/-2965/-2961 -2719/-2963/-2961 
s 8
f -2723/-2936/-2960 -2707/-2939/-2960 -2701/-2942/-2960 -2719/-2935/-2960 
s 2
f -2723/-2967/-2986 -2727/-2971/-2990 -2728/-2972/-2991 -2707/-2950/-2969 
f -2706/-2938/-2968 -2705/-2934/-2967 -2700/-2941/-2962 
f -2721/-2965/-2984 -2718/-2962/-2981 -2720/-2964/-2983 
f -2720/-2964/-2983 -2718/-2962/-2981 -2699/-2933/-2959 -2698/-2932/-2958 
s 3
f -2697/-2931/-2957 -2696/-2930/-2956 -2695/-2929/-2955 
s 2
f -2712/-2956/-2975 -2710/-2954/-2973 -2696/-2930/-2956 
f -2697/-2931/-2957 -2695/-2929/-2955 -2698/-2932/-2958 -2699/-2933/-2959 
f -2710/-2954/-2973 -2695/-2929/-2955 -2696/-2930/-2956 
s 3
f -2736/-2981/-3005 -2737/-2982/-3006 -2694/-2928/-2954 -2734/-2927/-2998 
s 1
f -2737/-2982/-3006 -2711/-2955/-2974 -2693/-2926/-2953 -2694/-2928/-2954 
s 2
f -2734/-2927/-2998 -2694/-2928/-2954 -2692/-2925/-2952 -2691/-2924/-2951 
s 3
f -2694/-2928/-2954 -2693/-2926/-2953 -2690/-2923/-2950 -2692/-2925/-2952 
f -2691/-2924/-2951 -2692/-2925/-2952 -2689/-2922/-2949 -2688/-2921/-2948 
f -2692/-2925/-2952 -2690/-2923/-2950 -2687/-2920/-2947 -2689/-2922/-2949 
s 2
f -2686/-2919/-2946 -2685/-2918/-2945 -2684/-2917/-2944 -2683/-2916/-2944 
f -2715/-2959/-2978 -2712/-2956/-2975 -2682/-2915/-2943 -2681/-2914/-2942 
s 4
f -2682/-2915/-2941 -2712/-2956/-2940 -2680/-2913/-2939 -2679/-2912/-2941 
s 6
f -2715/-2959/-2978 -2681/-2914/-2942 -2686/-2919/-2946 -2714/-2958/-2977 
s 4
f -2714/-2958/-2977 -2686/-2919/-2946 -2683/-2916/-2938 -2678/-2911/-2937 
f -2678/-2911/-2937 -2683/-2916/-2938 -2684/-2917/-2936 -2677/-2910/-2935 
s 1
f -2688/-2921/-2948 -2689/-2922/-2949 -2676/-2909/-2934 -2675/-2908/-2933 
f -2689/-2922/-2949 -2687/-2920/-2947 -2674/-2907/-2932 -2676/-2909/-2934 
s 4
f -2684/-2917/-2936 -2685/-2918/-2945 -2673/-2906/-2931 -2672/-2905/-2930 
s 6
f -2685/-2918/-2945 -2671/-2904/-2929 -2670/-2903/-2928 -2673/-2906/-2931 
s 5
f -2678/-2911/-2937 -2669/-2902/-2927 -2714/-2958/-2977 
f -2678/-2911/-2937 -2677/-2910/-2935 -2668/-2901/-2926 -2669/-2902/-2927 
f -2677/-2910/-2935 -2684/-2917/-2936 -2672/-2905/-2930 -2668/-2901/-2926 
s 1
f -2687/-2920/-2947 -2667/-2900/-2925 -2674/-2907/-2932 
s 5
f -2759/-3027/-3001 -2735/-2980/-3004 -2736/-2979/-3005 
f -2667/-2900/-2925 -2672/-2905/-2930 -2673/-2906/-2931 -2674/-2907/-2932 
s 1
f -2668/-2901/-2926 -2690/-2923/-2950 -2693/-2926/-2953 -2669/-2902/-2927 
f -2669/-2902/-2927 -2693/-2926/-2953 -2711/-2955/-2974 -2714/-2958/-2977 
f -2667/-2900/-2925 -2687/-2920/-2947 -2690/-2923/-2950 
f -2667/-2900/-2925 -2690/-2923/-2950 -2668/-2901/-2926 -2672/-2905/-2930 
s 2
f -2713/-2957/-2976 -2722/-2966/-2985 -2666/-2899/-2924 -2665/-2898/-2923 
f -2710/-2954/-2973 -2713/-2957/-2976 -2665/-2898/-2923 -2664/-2897/-2922 
f -2722/-2966/-2985 -2720/-2964/-2983 -2663/-2896/-2921 -2666/-2899/-2924 
f -2720/-2964/-2983 -2698/-2932/-2958 -2662/-2895/-2920 -2663/-2896/-2921 
f -2695/-2929/-2955 -2710/-2954/-2973 -2664/-2897/-2922 -2661/-2894/-2919 
f -2698/-2932/-2958 -2695/-2929/-2955 -2661/-2894/-2919 -2662/-2895/-2920 
s 4
f -2662/-2895/-2918 -2665/-2898/-2917 -2666/-2899/-2916 -2663/-2896/-2916 
f -2662/-2895/-2918 -2661/-2894/-2915 -2664/-2897/-2915 -2665/-2898/-2917 
f -2712/-2956/-2940 -2696/-2930/-2914 -2680/-2913/-2939 
s 8
f -2682/-2915/-2913 -2679/-2912/-2913 -2671/-2904/-2913 -2681/-2914/-2913 
s 4
f -2681/-2914/-2942 -2671/-2904/-2929 -2685/-2918/-2945 -2686/-2919/-2946 
s 2
f -2696/-2930/-2956 -2697/-2931/-2957 -2660/-2893/-2912 -2680/-2913/-2911 
f -2659/-2892/-2910 -2658/-2891/-2909 -2679/-2912/-2908 
f -2679/-2912/-2908 -2680/-2913/-2911 -2659/-2892/-2910 
f -2680/-2913/-2911 -2660/-2893/-2912 -2659/-2892/-2910 
s 3
f -2660/-2893/-2912 -2657/-2890/-2907 -2656/-2889/-2906 -2659/-2892/-2910 
s 2
f -2660/-2893/-2912 -2655/-2888/-2905 -2657/-2890/-2907 
s 3
f -2659/-2892/-2910 -2656/-2889/-2906 -2654/-2887/-2904 -2653/-2886/-2903 
s 2
f -2657/-2890/-2907 -2655/-2888/-2905 -2652/-2885/-2902 
s 3
f -2656/-2889/-2906 -2657/-2890/-2907 -2652/-2885/-2902 -2651/-2884/-2901 
s 1
f -2654/-2887/-2904 -2656/-2889/-2906 -2651/-2884/-2901 
s off
f -2658/-2891/-2900 -2670/-2903/-2900 -2671/-2904/-2900 
s 2
f -2679/-2912/-2908 -2658/-2891/-2909 -2671/-2904/-2929 
f -2660/-2893/-2912 -2697/-2931/-2957 -2650/-2883/-2899 -2655/-2888/-2905 
f -2653/-2886/-2903 -2658/-2891/-2909 -2659/-2892/-2910 
s 7
f -2673/-2906/-2931 -2670/-2903/-2928 -2649/-2882/-2898 -2648/-2881/-2897 
s 1
f -2674/-2907/-2932 -2673/-2906/-2931 -2648/-2881/-2897 -2647/-2880/-2896 
s 2
f -2653/-2886/-2903 -2649/-2882/-2898 -2670/-2903/-2928 -2658/-2891/-2909 
s 1
f -2675/-2908/-2933 -2676/-2909/-2934 -2646/-2879/-2895 -2645/-2878/-2894 
f -2676/-2909/-2934 -2674/-2907/-2932 -2647/-2880/-2896 -2646/-2879/-2895 
s 4
f -2874/-2877/-2893 -2767/-3044/-3053 -2803/-3047/-3057 
f -2874/-2876/-2893 -2875/-2875/-2892 -2644/-2874/-2891 -2767/-2873/-3053 
s 1
f -2766/-3043/-3052 -2767/-3044/-3053 -2643/-2872/-2890 
s 5
f -2767/-3044/-3053 -2644/-2871/-2891 -2642/-2870/-2889 -2643/-2872/-2890 
s 3
f -2641/-2869/-2888 -2640/-2868/-2887 -2639/-2867/-2886 -2638/-2866/-2885 
f -2638/-2866/-2885 -2637/-2865/-2884 -2636/-2864/-2883 -2635/-2863/-2882 
s 1
f -2640/-2862/-2887 -2641/-2861/-2888 -2634/-2860/-2881 -2633/-2859/-2880 
f -2639/-2858/-2886 -2640/-2862/-2887 -2633/-2859/-2880 -2632/-2857/-2879 
f -2641/-2861/-2888 -2638/-2856/-2885 -2631/-2855/-2878 -2634/-2860/-2881 
f -2644/-2854/-2891 -2639/-2858/-2886 -2632/-2857/-2879 -2630/-2853/-2877 
f -2638/-2856/-2885 -2635/-2852/-2882 -2629/-2851/-2876 -2631/-2855/-2878 
f -2635/-2852/-2882 -2636/-2850/-2883 -2628/-2849/-2875 -2629/-2851/-2876 
s 2
f -2639/-2867/-2886 -2627/-2848/-2874 -2626/-2847/-2873 -2638/-2866/-2885 
f -2639/-2867/-2886 -2644/-2846/-2872 -2627/-2848/-2874 
f -2638/-2866/-2885 -2626/-2847/-2873 -2637/-2865/-2884 
s 8
f -2759/-3027/-3009 -2734/-2978/-2871 -2738/-2983/-3008 
s 2
f -2636/-2864/-2883 -2637/-2865/-2884 -2625/-2845/-2870 -2624/-2844/-2869 
s 3
f -2628/-2849/-2875 -2636/-2850/-2883 -2624/-2843/-2869 -2623/-2842/-2868 
s 2
f -2624/-2844/-2869 -2625/-2845/-2870 -2622/-2841/-2867 -2621/-2840/-2866 
s 3
f -2623/-2842/-2868 -2624/-2843/-2869 -2621/-2839/-2866 -2620/-2838/-2865 
s 2
f -2619/-2837/-2864 -2618/-2836/-2863 -2617/-2835/-2862 -2616/-2834/-2861 
s 6
f -2615/-2833/-2860 -2614/-2832/-2859 -2617/-2835/-2862 -2613/-2831/-2858 
s 2
f -2612/-2830/-2857 -2611/-2829/-2856 -2617/-2835/-2862 -2618/-2836/-2863 
s 6
f -2611/-2829/-2856 -2610/-2828/-2855 -2609/-2827/-2854 -2608/-2826/-2853 
f -2612/-2830/-2857 -2607/-2825/-2852 -2610/-2828/-2855 -2611/-2829/-2856 
s 5
f -2607/-2825/-2852 -2621/-2824/-2866 -2610/-2828/-2855 
s 4
f -2616/-2834/-2851 -2617/-2835/-2862 -2614/-2832/-2859 
s 2
f -2606/-2823/-2850 -2613/-2831/-2858 -2605/-2822/-2849 -2604/-2821/-2850 
s 6
f -2603/-2820/-2848 -2602/-2819/-2847 -2601/-2818/-2846 -2600/-2817/-2845 
s 2
f -2600/-2817/-2845 -2610/-2828/-2855 -2603/-2820/-2848 
s 4
f -2606/-2823/-2844 -2604/-2821/-2843 -2601/-2818/-2846 -2602/-2819/-2847 
f -2611/-2829/-2856 -2608/-2826/-2853 -2599/-2816/-2842 -2617/-2835/-2862 
s 6
f -2617/-2835/-2862 -2599/-2816/-2842 -2598/-2815/-2841 
s 2
f -2617/-2835/-2862 -2598/-2815/-2841 -2605/-2822/-2849 -2613/-2831/-2858 
f -2600/-2817/-2845 -2609/-2827/-2854 -2610/-2828/-2855 
s 4
f -2609/-2827/-2854 -2600/-2817/-2845 -2597/-2814/-2840 -2596/-2813/-2839 
s 12
f -2608/-2826/-2853 -2609/-2827/-2854 -2596/-2813/-2839 -2595/-2812/-2838 
s 8
f -2599/-2816/-2837 -2608/-2826/-2853 -2595/-2812/-2838 -2594/-2811/-2836 
f -2598/-2815/-2841 -2599/-2816/-2837 -2594/-2811/-2836 -2593/-2810/-2835 
s 12
f -2605/-2822/-2834 -2598/-2815/-2841 -2593/-2810/-2835 -2592/-2809/-2833 
f -2604/-2821/-2843 -2605/-2822/-2834 -2592/-2809/-2833 -2591/-2808/-2832 
s 8
f -2601/-2818/-2846 -2604/-2821/-2843 -2591/-2808/-2832 -2590/-2807/-2831 
s 12
f -2590/-2807/-2831 -2597/-2814/-2840 -2600/-2817/-2845 -2601/-2818/-2846 
s 2
f -2591/-2808/-2830 -2596/-2813/-2829 -2597/-2814/-2829 -2590/-2807/-2829 
s off
f -2591/-2808/-2828 -2595/-2812/-2828 -2596/-2813/-2828 
s 2
f -2591/-2808/-2830 -2592/-2809/-2827 -2594/-2811/-2827 -2595/-2812/-2827 
s off
f -2594/-2811/-2826 -2592/-2809/-2826 -2593/-2810/-2826 
s 3
f -2622/-2806/-2867 -2603/-2820/-2848 -2610/-2828/-2855 -2621/-2824/-2866 
s 4
f -2625/-2845/-2825 -2734/-2805/-2825 -2691/-2804/-2825 -2622/-2841/-2825 
s 2
f -2691/-2804/-2951 -2603/-2803/-2848 -2622/-2841/-2867 
f -2603/-2802/-2848 -2691/-2801/-2951 -2688/-2800/-2948 -2602/-2802/-2847 
s 3
f -2688/-2799/-2948 -2675/-2798/-2933 -2589/-2797/-2824 -2588/-2796/-2823 
s 1
f -2675/-2798/-2933 -2645/-2795/-2894 -2587/-2794/-2822 -2589/-2797/-2824 
s 2
f -2688/-2799/-2948 -2588/-2796/-2823 -2586/-2793/-2821 -2602/-2792/-2847 
s 1
f -2653/-2791/-2903 -2654/-2790/-2904 -2585/-2789/-2820 -2584/-2788/-2819 
s 2
f -2652/-2787/-2902 -2655/-2786/-2905 -2583/-2785/-2818 -2582/-2784/-2817 
s 3
f -2651/-2783/-2901 -2652/-2782/-2902 -2582/-2781/-2817 -2581/-2780/-2816 
s 1
f -2654/-2790/-2904 -2651/-2783/-2901 -2581/-2780/-2816 -2585/-2789/-2820 
f -2647/-2779/-2896 -2648/-2778/-2897 -2580/-2777/-2815 -2579/-2776/-2814 
f -2645/-2795/-2894 -2646/-2775/-2895 -2587/-2794/-2822 
f -2646/-2775/-2895 -2647/-2779/-2896 -2579/-2776/-2814 -2587/-2794/-2822 
s 2
f -2607/-2774/-2852 -2612/-2773/-2857 -2578/-2772/-2813 -2577/-2771/-2812 
s 3
f -2621/-2839/-2866 -2607/-2774/-2852 -2577/-2771/-2812 -2620/-2838/-2865 
s 2
f -2879/-3190/-3172 -2868/-3177/-3161 -2804/-2989/-3090 
f -2576/-2770/-2811 -2575/-2769/-2810 -2574/-2768/-2809 
f -2573/-2767/-2808 -2572/-2766/-2807 -2571/-2765/-2806 
f -2570/-2764/-2805 -2569/-2763/-2804 -2568/-2762/-2803 -2567/-2761/-2802 
f -2566/-2760/-2801 -2565/-2759/-2800 -2570/-2764/-2805 -2567/-2761/-2802 
s 6
f -2564/-2758/-2799 -2563/-2757/-2798 -2572/-2756/-2807 -2573/-2755/-2808 
s 2
f -2571/-2765/-2806 -2868/-3177/-3161 -2869/-3178/-3162 
f -2562/-2754/-2797 -2566/-2753/-2801 -2561/-2752/-2796 
f -2560/-2751/-2795 -2575/-2769/-2810 -2576/-2770/-2811 
f -2559/-2750/-2794 -2558/-2749/-2793 -2560/-2751/-2795 -2557/-2748/-2792 
s 1
f -2556/-2747/-2791 -2555/-2746/-2790 -2554/-2745/-2789 
s 3
f -2553/-2744/-2788 -2552/-2743/-2787 -2556/-2747/-2791 -2551/-2742/-2786 
s 1
f -2556/-2741/-2791 -2554/-2740/-2789 -2550/-2739/-2785 
f -2549/-2738/-2784 -2556/-2741/-2791 -2550/-2739/-2785 -2548/-2737/-2783 
f -2547/-2736/-2782 -2546/-2735/-2781 -2545/-2734/-2780 -2544/-2733/-2779 
f -2543/-2732/-2778 -2542/-2731/-2777 -2541/-2730/-2776 -2540/-2729/-2775 
f -2546/-2735/-2781 -2543/-2732/-2778 -2540/-2729/-2775 -2545/-2734/-2780 
s 2
f -2576/-2728/-2811 -2574/-2727/-2809 -2539/-2726/-2774 
s 1
f -2545/-2725/-2780 -2540/-2724/-2775 -2538/-2723/-2773 -2537/-2722/-2772 
s 3
f -2540/-2729/-2775 -2539/-2721/-2774 -2536/-2720/-2771 -2538/-2719/-2773 
s 1
f -2544/-2718/-2779 -2545/-2725/-2780 -2839/-3138/-3132 -2840/-3139/-3133 
f -2545/-2725/-2780 -2537/-2722/-2772 -2838/-3137/-3131 -2839/-3138/-3132 
f -2537/-2722/-2772 -2538/-2723/-2773 -2837/-3136/-3130 -2838/-3137/-3131 
f -2538/-2719/-2773 -2536/-2720/-2771 -2836/-2717/-3129 -2837/-2716/-3130 
f -2548/-2737/-2783 -2547/-2736/-2782 -2834/-2715/-3127 -2835/-2714/-3128 
f -2547/-2736/-2782 -2544/-2733/-2779 -2834/-2715/-3127 
f -2544/-2718/-2779 -2840/-3139/-3133 -2834/-3131/-3127 
s 3
f -2535/-2713/-2770 -2534/-2712/-2769 -2533/-2711/-2768 -2532/-2710/-2767 
s 6
f -2531/-2709/-2766 -2562/-2754/-2797 -2535/-2708/-2770 
s 4
f -2566/-2753/-2765 -2562/-2754/-2797 -2531/-2709/-2766 -2530/-2707/-2764 
f -2565/-2759/-2763 -2566/-2760/-2765 -2529/-2706/-2762 
s 3
f -2532/-2710/-2767 -2533/-2711/-2768 -2528/-2705/-2761 -2551/-2742/-2786 
s 2
f -2527/-2704/-2760 -2526/-2703/-2759 -2525/-2702/-2758 
f -2524/-2701/-2757 -2523/-2700/-2756 -2522/-2699/-2755 -2521/-2698/-2754 
s 3
f -2520/-2697/-2753 -2519/-2696/-2752 -2816/-3112/-3107 -2817/-3113/-3108 
s 4
f -2520/-2697/-2751 -2817/-3113/-3102 -2813/-3109/-3103 -2518/-2695/-2750 
s 2
f -2517/-2694/-2749 -2516/-2693/-2748 -2563/-2692/-2798 
s 4
f -2524/-2701/-2747 -2521/-2698/-2746 -2527/-2691/-2745 
s 2
f -2515/-2690/-2744 -2514/-2689/-2743 -2519/-2696/-2752 -2520/-2697/-2753 
s 4
f -2518/-2688/-2750 -2517/-2694/-2742 -2513/-2687/-2741 -2512/-2686/-2740 
s 6
f -2868/-3099/-3161 -2511/-2685/-2739 -2510/-2684/-2738 -2806/-3098/-3092 
s 2
f -2573/-2755/-2808 -2509/-2683/-2737 -2564/-2758/-2799 
f -2569/-2763/-2804 -2570/-2764/-2805 -2508/-2682/-2736 
s 4
f -2563/-2757/-2798 -2564/-2758/-2799 -2517/-2681/-2742 
s 1
f -2549/-2738/-2784 -2548/-2737/-2783 -2507/-2680/-2735 
f -2549/-2738/-2784 -2506/-2679/-2734 -2505/-2678/-2733 -2504/-2677/-2732 
f -2504/-2677/-2732 -2505/-2678/-2733 -2503/-2676/-2731 -2502/-2675/-2730 
f -2502/-2674/-2730 -2503/-2673/-2731 -2501/-2672/-2729 -2500/-2671/-2728 
f -2500/-2671/-2728 -2501/-2672/-2729 -2499/-2670/-2727 -2498/-2669/-2726 
f -2791/-2668/-3077 -2497/-2667/-2725 -2499/-2670/-2727 -2790/-2666/-3076 
s 5
f -2529/-2665/-2762 -2530/-2707/-2764 -2496/-2664/-2724 -2495/-2663/-2723 
s 3
f -2494/-2662/-2722 -2525/-2702/-2758 -2526/-2703/-2759 -2493/-2661/-2721 
f -2492/-2660/-2720 -2514/-2689/-2743 -2491/-2659/-2719 -2490/-2658/-2718 
f -2519/-2696/-2752 -2514/-2689/-2743 -2492/-2660/-2720 -2816/-3112/-3107 
s 5
f -2498/-2669/-2726 -2496/-2664/-2724 -2530/-2707/-2764 -2531/-2709/-2766 
f -2500/-2671/-2728 -2498/-2669/-2726 -2531/-2709/-2766 -2535/-2708/-2770 
s 1
f -2502/-2674/-2730 -2500/-2671/-2728 -2535/-2708/-2770 -2532/-2657/-2767 
f -2504/-2677/-2732 -2502/-2675/-2730 -2532/-2656/-2767 -2551/-2655/-2786 
f -2549/-2738/-2784 -2504/-2677/-2732 -2551/-2655/-2786 -2556/-2741/-2791 
f -2835/-3066/-3128 -2507/-2654/-2735 -2548/-2653/-2783 
f -2505/-2652/-2733 -2506/-2651/-2734 -2780/-3061/-3066 -2781/-3062/-3067 
f -2503/-2650/-2731 -2505/-2652/-2733 -2781/-3062/-3067 -2779/-3058/-3065 
f -2501/-2672/-2729 -2503/-2673/-2731 -2779/-2649/-3065 -2778/-2648/-3064 
f -2499/-2670/-2727 -2501/-2672/-2729 -2778/-2648/-3064 -2790/-2666/-3076 
f -2777/-2647/-3063 -2489/-2646/-2717 -2497/-2667/-2725 -2791/-2668/-3077 
f -2775/-2645/-3061 -2774/-2644/-3060 -2494/-2662/-2722 -2493/-2661/-2721 
f -2492/-2660/-2720 -2490/-2658/-2718 -2773/-3051/-3059 -2816/-3112/-3107 
s off
f -2488/-2643/-2716 -2487/-2642/-2715 -2486/-2641/-2715 
s 1
f -2528/-2705/-2761 -2553/-2744/-2788 -2551/-2742/-2786 
s 2
f -2564/-2758/-2799 -2509/-2683/-2737 -2569/-2763/-2804 -2508/-2682/-2736 
s 4
f -2573/-2767/-2808 -2571/-2765/-2806 -2485/-2640/-2714 -2509/-2639/-2713 
s 5
f -2571/-2765/-2806 -2869/-3178/-3054 -2768/-3045/-3055 -2485/-2640/-2714 
f -2485/-2640/-2714 -2766/-3043/-3052 -2484/-2638/-2712 -2509/-2639/-2713 
s 1
f -2768/-3045/-3055 -2766/-3043/-3052 -2485/-2640/-2714 
f -2542/-2731/-2777 -2543/-2732/-2778 -2554/-2740/-2789 -2555/-2637/-2790 
f -2543/-2732/-2778 -2546/-2735/-2781 -2554/-2740/-2789 
s 2
f -2574/-2636/-2809 -2483/-2635/-2711 -2536/-2720/-2771 -2539/-2721/-2774 
s 1
f -2549/-2738/-2784 -2507/-2680/-2735 -2506/-2679/-2734 
f -2506/-2651/-2734 -2507/-2654/-2735 -2835/-3066/-3128 -2780/-3061/-3066 
f -2548/-2737/-2783 -2550/-2739/-2785 -2547/-2736/-2782 
f -2547/-2736/-2782 -2550/-2739/-2785 -2554/-2740/-2789 -2546/-2735/-2781 
s 3
f -2539/-2726/-2774 -2541/-2634/-2776 -2576/-2728/-2811 
s 1
f -2557/-2633/-2792 -2576/-2728/-2811 -2541/-2634/-2776 -2542/-2632/-2777 
f -2542/-2632/-2777 -2555/-2746/-2790 -2557/-2633/-2792 
s 3
f -2556/-2747/-2791 -2552/-2743/-2787 -2557/-2633/-2792 -2555/-2746/-2790 
s 1
f -2540/-2729/-2775 -2541/-2730/-2776 -2539/-2721/-2774 
s 2
f -2557/-2633/-2792 -2552/-2743/-2787 -2559/-2631/-2794 
f -2552/-2743/-2787 -2553/-2744/-2788 -2488/-2630/-2710 -2559/-2631/-2794 
f -2482/-2629/-2709 -2491/-2659/-2719 -2514/-2689/-2743 -2515/-2690/-2744 
s 8
f -2518/-2695/-2708 -2512/-2628/-2740 -2482/-2629/-2707 -2515/-2690/-2706 
s 3
f -2490/-2658/-2718 -2491/-2659/-2719 -2522/-2699/-2755 -2481/-2627/-2705 
s 1
f -2773/-3051/-3059 -2490/-2658/-2718 -2481/-2627/-2705 -2762/-3031/-3044 
s 2
f -2488/-2630/-2710 -2480/-2626/-2704 -2487/-2625/-2703 
f -2480/-2626/-2704 -2528/-2705/-2761 -2533/-2711/-2768 -2479/-2624/-2702 
f -2479/-2624/-2702 -2533/-2711/-2768 -2534/-2712/-2769 -2478/-2623/-2701 
f -2534/-2712/-2769 -2477/-2622/-2700 -2478/-2623/-2701 
f -2535/-2713/-2770 -2562/-2621/-2797 -2477/-2622/-2700 -2534/-2712/-2769 
s 4
f -2529/-2665/-2762 -2566/-2753/-2765 -2530/-2707/-2764 
s 1
f -2498/-2669/-2726 -2499/-2670/-2727 -2497/-2667/-2725 -2496/-2664/-2724 
f -2496/-2664/-2724 -2497/-2667/-2725 -2489/-2646/-2717 -2495/-2663/-2723 
s 2
f -2524/-2701/-2757 -2476/-2620/-2699 -2523/-2700/-2756 
s 1
f -2476/-2620/-2699 -2475/-2619/-2698 -2474/-2618/-2697 
f -2474/-2618/-2697 -2475/-2619/-2698 -2753/-3020/-3034 -2754/-3021/-3035 
s 2
f -2527/-2691/-2760 -2525/-2617/-2758 -2476/-2620/-2699 -2524/-2701/-2757 
s 3
f -2525/-2617/-2758 -2494/-2616/-2722 -2475/-2619/-2698 -2476/-2620/-2699 
s 1
f -2475/-2619/-2698 -2494/-2616/-2722 -2774/-3017/-3060 -2753/-3020/-3034 
s 3
f -2476/-2620/-2699 -2474/-2618/-2697 -2523/-2700/-2756 
s 6
f -2510/-2615/-2738 -2516/-2693/-2748 -2752/-2614/-3033 -2806/-2613/-3092 
f -2563/-2757/-2798 -2473/-2612/-2696 -2472/-2611/-2695 -2572/-2756/-2807 
s 2
f -2516/-2693/-2748 -2510/-2615/-2738 -2473/-2610/-2696 
s 4
f -2473/-2609/-2696 -2510/-2684/-2738 -2511/-2685/-2739 -2472/-2608/-2695 
s 2
f -2515/-2690/-2744 -2520/-2697/-2753 -2518/-2695/-2694 
s 8
f -2752/-2614/-3029 -2516/-2693/-2693 -2518/-2688/-2708 -2813/-2607/-3029 
s 2
f -2517/-2694/-2749 -2518/-2688/-2694 -2516/-2693/-2748 
f -2563/-2692/-2798 -2516/-2693/-2748 -2473/-2610/-2696 
s 4
f -2471/-2606/-2692 -2470/-2605/-2691 -2564/-2758/-2799 -2508/-2682/-2690 
f -2512/-2686/-2740 -2526/-2703/-2759 -2527/-2704/-2745 
f -2512/-2686/-2740 -2513/-2687/-2741 -2469/-2604/-2689 -2526/-2703/-2759 
s 2
f -2471/-2603/-2688 -2469/-2604/-2687 -2513/-2687/-2686 -2470/-2602/-2685 
f -2513/-2601/-2686 -2517/-2681/-2749 -2564/-2758/-2799 -2470/-2605/-2685 
s 1
f -2493/-2661/-2721 -2468/-2600/-2684 -2746/-2599/-3020 -2775/-2645/-3061 
s 4
f -2565/-2759/-2763 -2508/-2682/-2690 -2570/-2764/-2683 
s 5
f -2526/-2703/-2759 -2565/-2598/-2763 -2529/-2597/-2762 -2467/-2596/-2682 
s 1
f -2777/-2647/-3063 -2746/-2595/-3020 -2468/-2594/-2684 -2489/-2646/-2717 
f -2495/-2663/-2723 -2489/-2646/-2717 -2468/-2594/-2684 -2467/-2593/-2682 
f -2467/-2593/-2682 -2529/-2665/-2762 -2495/-2663/-2723 
f -2493/-2661/-2721 -2526/-2703/-2759 -2467/-2596/-2682 -2468/-2600/-2684 
s 4
f -2471/-2606/-2692 -2508/-2682/-2690 -2565/-2759/-2763 
s 2
f -2565/-2598/-2800 -2466/-2592/-2681 -2465/-2591/-2680 -2471/-2603/-2688 
s 3
f -2464/-2590/-2679 -2465/-2591/-2680 -2466/-2592/-2681 -2463/-2589/-2678 
s 2
f -2526/-2703/-2759 -2469/-2604/-2687 -2464/-2590/-2679 -2463/-2589/-2678 
f -2471/-2603/-2688 -2465/-2591/-2680 -2464/-2590/-2679 -2469/-2604/-2687 
f -2526/-2703/-2759 -2463/-2589/-2678 -2466/-2592/-2681 -2565/-2598/-2800 
f -2521/-2698/-2754 -2522/-2699/-2755 -2491/-2659/-2719 -2482/-2629/-2709 
s 3
f -2481/-2627/-2705 -2522/-2699/-2755 -2523/-2700/-2756 -2474/-2618/-2697 
s 1
f -2762/-3031/-3044 -2481/-2627/-2705 -2474/-2618/-2697 -2754/-3021/-3035 
s 7
f -2571/-2765/-2806 -2572/-2766/-2807 -2472/-2588/-2695 -2511/-2587/-2739 
s 12
f -2527/-2691/-2745 -2521/-2698/-2746 -2482/-2629/-2707 -2512/-2628/-2740 
s 2
f -2561/-2586/-2796 -2566/-2760/-2801 -2567/-2761/-2802 -2462/-2585/-2677 
s 6
f -2562/-2621/-2797 -2561/-2584/-2796 -2462/-2583/-2677 -2477/-2622/-2700 
s 10
f -2462/-2583/-2677 -2461/-2582/-2676 -2478/-2623/-2701 -2477/-2622/-2700 
s 6
f -2487/-2642/-2703 -2460/-2581/-2675 -2459/-2580/-2674 -2486/-2641/-2673 
s 4
f -2458/-2579/-2672 -2480/-2626/-2671 -2479/-2624/-2670 
f -2479/-2624/-2670 -2478/-2623/-2701 -2458/-2579/-2672 
f -2460/-2578/-2675 -2487/-2625/-2703 -2480/-2626/-2671 -2458/-2579/-2672 
f -2486/-2641/-2673 -2558/-2749/-2793 -2559/-2750/-2669 -2488/-2643/-2669 
s 2
f -2478/-2623/-2701 -2457/-2577/-2668 -2460/-2578/-2675 
s 3
f -2553/-2744/-2788 -2528/-2705/-2761 -2480/-2626/-2704 -2488/-2630/-2710 
s 4
f -2560/-2751/-2667 -2558/-2749/-2793 -2456/-2576/-2666 -2455/-2575/-2665 
f -2560/-2751/-2667 -2455/-2575/-2665 -2575/-2769/-2810 
s 6
f -2558/-2749/-2793 -2486/-2641/-2673 -2454/-2574/-2664 -2456/-2576/-2666 
s 4
f -2575/-2769/-2810 -2455/-2575/-2665 -2453/-2573/-2663 
s 5
f -2455/-2575/-2665 -2456/-2576/-2666 -2452/-2572/-2662 -2451/-2571/-2661 
s 7
f -2452/-2572/-2662 -2456/-2576/-2666 -2454/-2574/-2664 -2450/-2570/-2660 
s 2
f -2449/-2569/-2659 -2448/-2568/-2658 -2447/-2567/-2657 -2446/-2566/-2656 
f -2486/-2641/-2673 -2459/-2580/-2674 -2445/-2565/-2655 
f -2444/-2564/-2654 -2443/-2563/-2653 -2442/-2562/-2652 -2441/-2561/-2651 
f -2440/-2560/-2650 -2439/-2559/-2649 -2438/-2558/-2648 -2449/-2569/-2659 
s 3
f -2449/-2569/-2659 -2438/-2558/-2648 -2437/-2557/-2647 -2436/-2556/-2646 
s 2
f -2459/-2580/-2674 -2435/-2555/-2645 -2439/-2559/-2649 -2440/-2560/-2650 
s 1
f -2434/-2554/-2644 -2436/-2556/-2646 -2437/-2557/-2647 
s 3
f -2449/-2569/-2659 -2436/-2556/-2646 -2448/-2568/-2658 
s 4
f -2574/-2768/-2643 -2575/-2769/-2810 -2433/-2553/-2642 -2483/-2552/-2643 
s 6
f -2575/-2769/-2810 -2453/-2573/-2663 -2432/-2551/-2641 
s 3
f -2452/-2572/-2662 -2431/-2550/-2640 -2451/-2571/-2661 
f -2451/-2571/-2661 -2431/-2550/-2640 -2430/-2549/-2639 -2453/-2573/-2663 
s 2
f -2453/-2573/-2663 -2430/-2549/-2639 -2429/-2548/-2638 -2432/-2551/-2641 
s 3
f -2560/-2751/-2795 -2576/-2770/-2811 -2557/-2748/-2792 
s 5
f -2453/-2573/-2663 -2455/-2575/-2665 -2451/-2571/-2661 
s 2
f -2442/-2547/-2652 -2443/-2546/-2653 -2428/-2545/-2637 
f -2428/-2545/-2637 -2427/-2544/-2636 -2426/-2543/-2635 -2442/-2547/-2652 
f -2427/-2544/-2636 -2425/-2542/-2634 -2424/-2541/-2633 -2426/-2543/-2635 
f -2442/-2562/-2652 -2426/-2540/-2635 -2441/-2561/-2651 
f -2425/-2542/-2634 -2430/-2938/-2639 -2431/-2539/-2640 -2424/-2541/-2633 
s 4
f -2424/-2538/-2632 -2423/-2537/-2632 -2441/-2561/-2632 -2426/-2540/-2632 
s 8
f -2431/-2539/-2631 -2422/-2936/-2631 -2423/-2536/-2631 -2424/-2541/-2631 
s 2
f -2450/-2570/-2660 -2422/-2535/-2630 -2431/-2550/-2640 -2452/-2572/-2662 
f -2430/-2938/-2639 -2425/-2542/-2634 -2429/-2534/-2638 
f -2441/-2561/-2651 -2421/-2533/-2629 -2444/-2564/-2654 
f -2421/-2533/-2629 -2420/-2532/-2628 -2419/-2531/-2627 -2444/-2564/-2654 
s 3
f -2418/-2530/-2626 -2417/-2529/-2625 -2416/-2528/-2624 
s 1
f -2437/-2557/-2647 -2416/-2528/-2624 -2434/-2554/-2644 
s 2
f -2418/-2530/-2626 -2419/-2531/-2627 -2420/-2532/-2628 -2417/-2529/-2625 
s 1
f -2434/-2554/-2644 -2416/-2528/-2624 -2417/-2529/-2625 
s 3
f -2460/-2581/-2675 -2457/-2527/-2668 -2415/-2526/-2623 -2459/-2580/-2674 
s 2
f -2459/-2580/-2674 -2415/-2526/-2623 -2414/-2525/-2622 -2435/-2555/-2645 
f -2457/-2527/-2668 -2413/-2524/-2621 -2412/-2523/-2620 -2415/-2526/-2623 
f -2415/-2526/-2623 -2412/-2523/-2620 -2411/-2522/-2619 -2414/-2525/-2622 
s 3
f -2413/-2524/-2621 -2410/-2521/-2618 -2409/-2520/-2617 -2412/-2523/-2620 
f -2412/-2523/-2620 -2409/-2520/-2617 -2408/-2519/-2616 -2411/-2522/-2619 
s 1
f -2410/-2521/-2618 -2407/-2518/-2615 -2406/-2517/-2614 -2409/-2520/-2617 
s 3
f -2409/-2520/-2617 -2406/-2517/-2614 -2405/-2516/-2613 -2408/-2519/-2616 
s 7
f -2478/-2623/-2701 -2460/-2578/-2675 -2458/-2579/-2672 
s 1
f -2436/-2556/-2646 -2404/-2515/-2612 -2403/-2514/-2611 -2448/-2568/-2658 
f -2434/-2554/-2644 -2402/-2513/-2610 -2404/-2515/-2612 -2436/-2556/-2646 
f -2448/-2568/-2658 -2403/-2514/-2611 -2401/-2512/-2609 -2421/-2533/-2629 
s 3
f -2421/-2533/-2629 -2401/-2512/-2609 -2400/-2511/-2608 -2420/-2532/-2628 
s 1
f -2417/-2529/-2625 -2399/-2510/-2607 -2402/-2513/-2610 -2434/-2554/-2644 
s 3
f -2420/-2532/-2628 -2400/-2511/-2608 -2399/-2510/-2607 -2417/-2529/-2625 
s 1
f -2400/-2511/-2608 -2401/-2512/-2609 -2403/-2514/-2611 -2404/-2515/-2612 
f -2400/-2511/-2608 -2404/-2515/-2612 -2402/-2513/-2610 -2399/-2510/-2607 
s 3
f -2416/-2528/-2624 -2398/-2509/-2606 -2397/-2508/-2605 -2418/-2530/-2626 
s 2
f -2396/-2507/-2604 -2395/-2506/-2603 -2394/-2505/-2602 
f -2395/-2506/-2603 -2396/-2507/-2604 -2398/-2509/-2606 
s 1
f -2398/-2509/-2606 -2396/-2507/-2604 -2397/-2508/-2605 
f -2397/-2508/-2605 -2396/-2507/-2604 -2393/-2504/-2601 -2392/-2503/-2600 
s 3
f -2397/-2508/-2605 -2392/-2503/-2600 -2391/-2502/-2599 
f -2396/-2507/-2604 -2390/-2501/-2598 -2389/-2500/-2597 -2393/-2504/-2601 
s 2
f -2392/-2503/-2600 -2388/-2499/-2596 -2391/-2502/-2599 
s 3
f -2393/-2504/-2601 -2387/-2498/-2595 -2388/-2499/-2596 -2392/-2503/-2600 
s 1
f -2389/-2500/-2597 -2387/-2498/-2595 -2393/-2504/-2601 
s 2
f -2397/-2508/-2605 -2391/-2502/-2599 -2386/-2497/-2594 -2418/-2530/-2626 
f -2390/-2501/-2598 -2396/-2507/-2604 -2394/-2505/-2602 
s 1
f -2407/-2518/-2615 -2385/-2496/-2593 -2384/-2495/-2592 -2406/-2517/-2614 
s 9
f -2406/-2517/-2614 -2384/-2495/-2592 -2383/-2494/-2591 -2405/-2516/-2613 
s 4
f -2569/-2493/-2590 -2509/-2639/-2713 -2484/-2638/-2712 
f -2569/-2492/-2590 -2484/-2491/-2712 -2382/-2490/-2589 -2568/-2489/-2588 
s 1
f -2766/-3043/-3052 -2643/-2872/-2890 -2484/-2638/-2712 
s 5
f -2484/-2638/-2712 -2643/-2872/-2890 -2642/-2870/-2889 -2382/-2488/-2589 
s 3
f -2381/-2487/-2587 -2380/-2486/-2586 -2379/-2485/-2585 -2378/-2484/-2584 
f -2380/-2486/-2586 -2377/-2483/-2583 -2376/-2482/-2582 -2375/-2481/-2581 
s 1
f -2378/-2858/-2584 -2633/-2857/-2880 -2634/-2859/-2881 -2381/-2862/-2587 
f -2379/-2858/-2585 -2632/-2857/-2879 -2633/-2857/-2880 -2378/-2858/-2584 
f -2381/-2862/-2587 -2634/-2859/-2881 -2631/-2842/-2878 -2380/-2843/-2586 
f -2382/-2854/-2589 -2630/-2853/-2877 -2632/-2857/-2879 -2379/-2858/-2585 
f -2380/-2843/-2586 -2631/-2842/-2878 -2629/-2842/-2876 -2377/-2843/-2583 
f -2377/-2843/-2583 -2629/-2842/-2876 -2628/-2480/-2875 -2376/-2479/-2582 
s 2
f -2379/-2485/-2585 -2380/-2486/-2586 -2374/-2478/-2580 -2373/-2477/-2579 
f -2379/-2485/-2585 -2373/-2477/-2579 -2382/-2490/-2578 
f -2380/-2486/-2586 -2375/-2481/-2581 -2374/-2478/-2580 
f -2478/-2623/-2701 -2461/-2582/-2676 -2457/-2577/-2668 
f -2376/-2482/-2582 -2372/-2476/-2577 -2371/-2475/-2576 -2375/-2481/-2581 
s 3
f -2628/-2480/-2875 -2623/-2474/-2868 -2372/-2473/-2577 -2376/-2479/-2582 
s 2
f -2372/-2476/-2577 -2370/-2472/-2575 -2369/-2471/-2574 -2371/-2475/-2576 
s 3
f -2623/-2474/-2868 -2620/-2470/-2865 -2370/-2469/-2575 -2372/-2473/-2577 
s 2
f -2368/-2468/-2573 -2367/-2467/-2572 -2366/-2466/-2571 -2365/-2465/-2570 
s 4
f -2364/-2464/-2569 -2363/-2463/-2568 -2366/-2466/-2567 -2362/-2462/-2566 
s 2
f -2361/-2461/-2565 -2365/-2465/-2570 -2366/-2466/-2571 -2360/-2460/-2564 
s 6
f -2360/-2460/-2564 -2359/-2459/-2563 -2358/-2458/-2562 -2357/-2457/-2561 
f -2361/-2461/-2565 -2360/-2460/-2564 -2357/-2457/-2561 -2356/-2456/-2560 
s 5
f -2356/-2456/-2560 -2357/-2457/-2561 -2370/-2455/-2575 
s 4
f -2362/-2462/-2566 -2366/-2466/-2567 -2367/-2467/-2559 
s 2
f -2355/-2454/-2558 -2363/-2463/-2557 -2354/-2453/-2557 -2353/-2452/-2556 
s 6
f -2352/-2451/-2555 -2351/-2450/-2554 -2350/-2449/-2553 -2349/-2448/-2552 
s 2
f -2349/-2448/-2552 -2350/-2449/-2553 -2357/-2457/-2561 
s 4
f -2352/-2451/-2555 -2353/-2452/-2556 -2354/-2453/-2551 -2351/-2450/-2554 
f -2360/-2460/-2564 -2366/-2466/-2567 -2348/-2447/-2550 -2359/-2459/-2563 
f -2366/-2466/-2567 -2347/-2446/-2549 -2348/-2447/-2550 
s 5
f -2355/-2454/-2558 -2347/-2446/-2549 -2366/-2466/-2567 -2363/-2463/-2568 
s 2
f -2349/-2448/-2552 -2357/-2457/-2561 -2358/-2458/-2562 
s 4
f -2358/-2458/-2562 -2346/-2445/-2548 -2345/-2444/-2547 -2349/-2448/-2552 
s 6
f -2359/-2459/-2563 -2344/-2443/-2546 -2346/-2445/-2548 -2358/-2458/-2562 
s 2
f -2348/-2447/-2545 -2343/-2442/-2544 -2344/-2443/-2546 -2359/-2459/-2563 
f -2347/-2446/-2549 -2342/-2441/-2543 -2343/-2442/-2544 -2348/-2447/-2545 
s 6
f -2355/-2454/-2558 -2341/-2440/-2542 -2342/-2441/-2543 -2347/-2446/-2549 
f -2353/-2452/-2556 -2340/-2439/-2541 -2341/-2440/-2542 -2355/-2454/-2558 
f -2352/-2451/-2555 -2339/-2438/-2540 -2340/-2439/-2541 -2353/-2452/-2556 
s 4
f -2339/-2438/-2540 -2352/-2451/-2555 -2349/-2448/-2552 -2345/-2444/-2547 
s 8
f -2340/-2439/-2539 -2339/-2438/-2538 -2345/-2444/-2538 -2346/-2445/-2538 
s off
f -2340/-2439/-2537 -2346/-2445/-2537 -2344/-2443/-2537 
s 8
f -2340/-2439/-2539 -2344/-2443/-2536 -2343/-2442/-2536 -2341/-2440/-2536 
s off
f -2343/-2442/-2535 -2342/-2441/-2535 -2341/-2440/-2535 
s 3
f -2369/-2437/-2574 -2370/-2455/-2575 -2357/-2457/-2561 -2350/-2449/-2553 
s 4
f -2371/-2475/-2534 -2369/-2471/-2534 -2413/-2436/-2534 -2457/-2435/-2534 
s 2
f -2413/-2434/-2621 -2369/-2433/-2574 -2350/-2432/-2553 
f -2410/-2431/-2618 -2413/-2434/-2621 -2350/-2430/-2553 -2351/-2429/-2554 
s 3
f -2410/-2428/-2618 -2588/-2796/-2823 -2589/-2797/-2824 -2407/-2427/-2615 
s 1
f -2407/-2427/-2615 -2589/-2797/-2824 -2587/-2794/-2822 -2385/-2426/-2593 
s 2
f -2586/-2793/-2821 -2588/-2796/-2823 -2410/-2428/-2618 -2351/-2425/-2554 
s 1
f -2390/-2424/-2598 -2584/-2788/-2819 -2585/-2789/-2820 -2389/-2423/-2597 
s 2
f -2388/-2422/-2596 -2582/-2784/-2817 -2583/-2785/-2818 -2391/-2421/-2599 
s 3
f -2387/-2420/-2595 -2581/-2780/-2816 -2582/-2781/-2817 -2388/-2419/-2596 
s 1
f -2389/-2423/-2597 -2585/-2789/-2820 -2581/-2780/-2816 -2387/-2420/-2595 
f -2383/-2418/-2591 -2579/-2776/-2814 -2580/-2777/-2815 
f -2385/-2426/-2593 -2587/-2794/-2822 -2384/-2417/-2592 
f -2384/-2417/-2592 -2587/-2794/-2822 -2579/-2776/-2814 -2383/-2418/-2591 
s 2
f -2356/-2774/-2560 -2577/-2771/-2812 -2578/-2772/-2813 -2361/-2773/-2565 
s 3
f -2370/-2469/-2575 -2620/-2470/-2865 -2577/-2771/-2812 -2356/-2774/-2560 
s 5
f -2571/-2765/-2806 -2511/-2587/-2739 -2868/-3177/-3161 
s 4
f -2449/-2569/-2533 -2446/-2566/-2532 -2445/-2565/-2531 -2440/-2560/-2533 
s 2
f -2454/-2574/-2664 -2486/-2641/-2673 -2450/-2570/-2660 
s 4
f -2486/-2641/-2673 -2445/-2565/-2531 -2446/-2566/-2532 -2450/-2570/-2660 
s 2
f -2450/-2570/-2660 -2446/-2566/-2656 -2447/-2567/-2657 -2422/-2535/-2630 
f -2445/-2565/-2655 -2459/-2580/-2674 -2440/-2560/-2650 
f -2441/-2561/-2651 -2423/-2537/-2530 -2422/-2535/-2630 -2447/-2567/-2657 
s 3
f -2421/-2533/-2629 -2441/-2561/-2651 -2447/-2567/-2657 -2448/-2568/-2658 
s 2
f -2408/-2519/-2616 -2405/-2516/-2613 -2338/-2416/-2529 
f -2408/-2519/-2616 -2338/-2416/-2529 -2411/-2522/-2619 
s 3
f -2437/-2557/-2647 -2337/-2415/-2528 -2336/-2414/-2527 -2416/-2528/-2624 
s 2
f -2336/-2414/-2527 -2398/-2509/-2606 -2416/-2528/-2624 
f -2437/-2557/-2647 -2438/-2558/-2648 -2337/-2415/-2528 
s 4
f -2439/-2559/-2526 -2335/-2413/-2525 -2334/-2412/-2524 -2438/-2558/-2523 
f -2435/-2555/-2645 -2333/-2411/-2522 -2335/-2413/-2525 -2439/-2559/-2526 
s 6
f -2414/-2525/-2622 -2332/-2410/-2521 -2333/-2411/-2522 -2435/-2555/-2645 
s 4
f -2411/-2522/-2520 -2331/-2409/-2519 -2332/-2410/-2521 -2414/-2525/-2622 
f -2405/-2516/-2518 -2330/-2408/-2518 -2329/-2407/-2517 -2338/-2416/-2516 
f -2338/-2416/-2516 -2329/-2407/-2517 -2331/-2409/-2519 -2411/-2522/-2520 
f -2438/-2558/-2523 -2334/-2412/-2524 -2328/-2406/-2515 -2337/-2415/-2514 
s 6
f -2334/-2412/-2524 -2335/-2413/-2525 -2327/-2405/-2513 
s 4
f -2328/-2406/-2515 -2326/-2404/-2512 -2395/-2506/-2511 
f -2395/-2506/-2511 -2326/-2404/-2512 -2394/-2505/-2602 
f -2328/-2406/-2515 -2395/-2506/-2511 -2398/-2509/-2510 -2337/-2415/-2514 
s 3
f -2330/-2408/-2509 -2325/-2403/-2508 -2329/-2407/-2517 
s 2
f -2324/-2402/-2507 -2325/-2403/-2508 -2330/-2408/-2509 -2394/-2505/-2602 
s 6
f -2324/-2402/-2507 -2394/-2505/-2602 -2326/-2404/-2512 
s 2
f -2325/-2403/-2508 -2333/-2411/-2522 -2332/-2410/-2521 -2329/-2407/-2517 
s 8
f -2324/-2402/-2506 -2335/-2413/-2506 -2333/-2411/-2506 -2325/-2403/-2506 
s 7
f -2332/-2410/-2521 -2331/-2409/-2519 -2329/-2407/-2517 
s 2
f -2327/-2405/-2513 -2335/-2413/-2525 -2324/-2402/-2507 
s 6
f -2324/-2402/-2507 -2326/-2404/-2512 -2327/-2405/-2513 
s 7
f -2326/-2404/-2512 -2328/-2406/-2515 -2334/-2412/-2524 -2327/-2405/-2513 
s 8
f -2405/-2516/-2613 -2383/-2494/-2591 -2323/-2401/-2505 -2330/-2408/-2504 
s 3
f -2390/-2501/-2598 -2394/-2505/-2602 -2323/-2401/-2505 
s 2
f -2337/-2415/-2528 -2398/-2509/-2606 -2336/-2414/-2527 
s off
f -2432/-2551/-2503 -2429/-2548/-2503 -2322/-2400/-2503 -2321/-2399/-2503 
f -2428/-2545/-2502 -2443/-2546/-2502 -2320/-2398/-2502 -2319/-2397/-2502 
f -2427/-2544/-2501 -2428/-2545/-2501 -2319/-2397/-2501 
f -2425/-2542/-2500 -2427/-2544/-2500 -2319/-2397/-2500 -2318/-2396/-2500 
s 4
f -2429/-2534/-2499 -2425/-2542/-2499 -2318/-2396/-2499 -2322/-2395/-2499 
f -2386/-2394/-2498 -2317/-2393/-2497 -2316/-2392/-2496 -2418/-2391/-2495 
f -2418/-2391/-2495 -2316/-2392/-2496 -2315/-2390/-2494 -2419/-2389/-2493 
f -2444/-2388/-2492 -2419/-2389/-2493 -2315/-2390/-2494 -2314/-2387/-2491 
f -2650/-2386/-2490 -2697/-2385/-2489 -2316/-2392/-2496 -2317/-2393/-2497 
f -2697/-2385/-2489 -2699/-2384/-2488 -2315/-2390/-2494 -2316/-2392/-2496 
f -2315/-2390/-2494 -2699/-2384/-2488 -2718/-2383/-2487 -2314/-2387/-2491 
s 8
f -2317/-2393/-2486 -2583/-2785/-2486 -2655/-2786/-2485 -2650/-2386/-2485 
s off
f -2391/-2421/-2485 -2583/-2785/-2486 -2317/-2393/-2486 -2386/-2394/-2486 
s 4
f -2313/-2382/-2484 -2702/-2943/-2483 -2700/-2941/-2483 -2312/-2381/-2483 
s off
f -2704/-2946/-2501 -2702/-2943/-2501 -2313/-2382/-2501 
s 4
f -2704/-2946/-2482 -2313/-2382/-2484 -2311/-2380/-2482 -2716/-2945/-2482 
f -2310/-2379/-2481 -2705/-2948/-2481 -2708/-2951/-2970 -2309/-2378/-2480 
s 8
f -2312/-2381/-2479 -2700/-2941/-2479 -2705/-2934/-2479 -2310/-2395/-2479 
s 3
f -2308/-2377/-2478 -2836/-2717/-3129 -2536/-2720/-2771 -2483/-2635/-2711 
f -2841/-3142/-3134 -2836/-3134/-3129 -2308/-2376/-2478 -2765/-3041/-3051 
s 6
f -2309/-2378/-2480 -2708/-2951/-2970 -2881/-3192/-3174 -2709/-2952/-2971 
s 4
f -2575/-2769/-2810 -2432/-2551/-2641 -2321/-2399/-2477 -2433/-2553/-2642 
s off
f -2765/-2375/-2476 -2308/-2374/-2476 -2307/-2373/-2476 
f -2318/-2372/-2475 -2319/-2371/-2475 -2306/-2370/-2475 -2305/-2369/-2475 
f -2313/-2368/-2474 -2312/-2367/-2474 -2304/-2366/-2474 -2303/-2365/-2474 
f -2319/-2371/-2473 -2320/-2364/-2473 -2302/-2363/-2472 -2306/-2370/-2473 
f -2311/-2362/-2471 -2301/-2361/-2471 -2302/-2360/-2471 -2320/-2359/-2471 
f -2311/-2358/-2470 -2313/-2368/-2470 -2303/-2365/-2470 -2301/-2357/-2470 
f -2321/-2356/-2469 -2322/-2355/-2469 -2300/-2354/-2469 -2299/-2353/-2469 
f -2310/-2352/-2468 -2309/-2351/-2468 -2298/-2350/-2468 -2297/-2349/-2468 
f -2312/-2367/-2467 -2310/-2352/-2467 -2297/-2349/-2467 -2304/-2366/-2467 
f -2322/-2355/-2466 -2318/-2372/-2466 -2305/-2369/-2465 -2300/-2354/-2465 
f -2709/-2348/-2464 -2765/-2347/-2464 -2307/-2346/-2464 -2296/-2345/-2464 
f -2483/-2344/-2463 -2433/-2343/-2463 -2295/-2342/-2463 -2294/-2341/-2463 
f -2309/-2351/-2462 -2709/-2348/-2461 -2296/-2345/-2462 -2298/-2350/-2462 
f -2433/-2343/-2460 -2321/-2356/-2459 -2299/-2353/-2459 -2295/-2342/-2459 
f -2308/-2374/-2458 -2294/-2340/-2458 -2307/-2373/-2458 
f -2308/-2374/-2457 -2483/-2339/-2457 -2294/-2340/-2457 
f -2293/-2338/-2456 -2292/-2337/-2456 -2291/-2336/-2456 -2290/-2335/-2456 
f -2292/-2337/-2455 -2289/-2334/-2455 -2288/-2333/-2455 -2291/-2336/-2455 
f -2289/-2334/-2454 -2287/-2332/-2454 -2286/-2331/-2454 -2288/-2333/-2454 
f -2290/-2335/-2453 -2291/-2336/-2453 -2285/-2330/-2453 -2284/-2329/-2453 
f -2291/-2336/-2452 -2288/-2333/-2452 -2283/-2328/-2452 -2285/-2330/-2452 
f -2284/-2329/-2451 -2285/-2330/-2451 -2282/-2327/-2451 -2281/-2326/-2451 
f -2285/-2330/-2450 -2283/-2328/-2450 -2280/-2325/-2450 
f -2280/-2324/-2449 -2283/-2323/-2449 -2279/-2322/-2449 -2278/-2321/-2449 
f -2285/-2330/-2448 -2280/-2325/-2448 -2277/-2320/-2448 -2282/-2327/-2448 
f -2280/-2324/-2447 -2276/-2319/-2447 -2277/-2318/-2447 
f -2280/-2324/-2446 -2278/-2321/-2445 -2275/-2317/-2445 -2276/-2319/-2446 
f -2278/-2321/-2444 -2279/-2322/-2444 -2274/-2316/-2444 -2273/-2315/-2444 
f -2273/-2315/-2443 -2274/-2316/-2443 -2272/-2314/-2443 -2271/-2313/-2443 
f -2288/-2312/-2442 -2286/-2311/-2442 -2270/-2310/-2442 -2269/-2309/-2442 
f -2283/-2308/-2441 -2288/-2312/-2441 -2269/-2309/-2441 -2268/-2307/-2441 
f -2279/-2306/-2440 -2283/-2308/-2440 -2268/-2307/-2440 -2267/-2305/-2440 
f -2274/-2304/-2439 -2279/-2306/-2439 -2267/-2305/-2439 -2266/-2303/-2439 
f -2272/-2302/-2438 -2274/-2304/-2438 -2266/-2303/-2438 -2265/-2301/-2438 
f -2278/-2321/-2437 -2273/-2315/-2437 -2275/-2317/-2437 
f -2277/-2318/-2436 -2276/-2319/-2436 -2264/-2300/-2436 -2263/-2299/-2436 
f -2276/-2319/-2435 -2275/-2317/-2435 -2262/-2298/-2435 -2264/-2300/-2435 
f -2261/-2297/-2434 -2260/-2296/-2434 -2275/-2317/-2434 -2273/-2315/-2434 
f -2261/-2297/-2433 -2273/-2315/-2433 -2271/-2313/-2433 
f -2260/-2296/-2432 -2262/-2298/-2432 -2275/-2317/-2432 
f -2262/-2298/-2431 -2259/-2295/-2431 -2264/-2300/-2431 
f -2262/-2298/-2430 -2260/-2296/-2430 -2258/-2294/-2430 -2259/-2295/-2430 
f -2261/-2297/-2429 -2271/-2313/-2429 -2257/-2293/-2429 
f -2258/-2294/-2428 -2257/-2293/-2428 -2256/-2292/-2428 -2255/-2291/-2428 
f -2257/-2293/-2427 -2271/-2313/-2427 -2254/-2290/-2427 
f -2260/-2296/-2426 -2261/-2297/-2426 -2257/-2293/-2426 -2258/-2294/-2426 
f -2254/-2290/-2425 -2271/-2313/-2425 -2253/-2289/-2425 -2252/-2288/-2425 
f -2271/-2313/-2424 -2272/-2314/-2424 -2251/-2287/-2424 -2253/-2289/-2424 
f -2255/-2291/-2423 -2256/-2292/-2423 -2250/-2286/-2422 -2249/-2285/-2423 
f -2259/-2295/-2421 -2258/-2294/-2421 -2248/-2284/-2421 -2247/-2283/-2421 
f -2256/-2292/-2420 -2257/-2293/-2420 -2246/-2282/-2420 -2245/-2281/-2420 
f -2258/-2294/-2419 -2255/-2291/-2418 -2244/-2280/-2418 -2248/-2284/-2419 
f -2257/-2293/-2417 -2254/-2290/-2417 -2243/-2279/-2417 -2246/-2282/-2417 
f -2252/-2288/-2416 -2242/-2278/-2416 -2243/-2279/-2416 -2254/-2290/-2416 
f -2250/-2286/-2415 -2256/-2292/-2415 -2245/-2281/-2415 -2241/-2277/-2415 
f -2255/-2291/-2414 -2249/-2285/-2414 -2240/-2276/-2414 -2244/-2280/-2414 
f -2249/-2285/-2413 -2250/-2286/-2413 -2241/-2277/-2413 -2240/-2276/-2413 
f -2259/-2295/-2412 -2247/-2283/-2412 -2264/-2300/-2412 
f -2265/-2301/-2411 -2239/-2275/-2411 -2251/-2274/-2411 -2272/-2302/-2411 
f -2293/-2338/-2410 -2238/-2273/-2410 -2237/-2272/-2410 -2292/-2337/-2410 
f -2292/-2337/-2409 -2237/-2272/-2409 -2236/-2271/-2409 -2289/-2334/-2408 
f -2238/-2273/-2407 -2235/-2270/-2407 -2234/-2269/-2407 -2237/-2272/-2407 
f -2237/-2272/-2406 -2233/-2268/-2406 -2236/-2271/-2406 
f -2233/-2267/-2405 -2232/-2266/-2405 -2231/-2265/-2405 -2236/-2264/-2405 
f -2237/-2272/-2404 -2234/-2269/-2404 -2230/-2263/-2404 -2233/-2268/-2404 
f -2233/-2267/-2403 -2230/-2262/-2403 -2229/-2261/-2403 
f -2233/-2267/-2402 -2229/-2261/-2402 -2228/-2260/-2402 -2232/-2266/-2402 
f -2232/-2266/-2401 -2227/-2259/-2401 -2226/-2258/-2401 -2231/-2265/-2401 
f -2227/-2259/-2400 -2253/-2289/-2400 -2251/-2287/-2400 -2226/-2258/-2400 
f -2289/-2257/-2399 -2225/-2256/-2399 -2224/-2255/-2399 -2287/-2254/-2399 
f -2236/-2253/-2398 -2223/-2252/-2398 -2225/-2256/-2398 -2289/-2257/-2398 
f -2231/-2251/-2397 -2222/-2250/-2397 -2223/-2252/-2397 -2236/-2253/-2397 
f -2226/-2249/-2396 -2221/-2248/-2396 -2222/-2250/-2396 -2231/-2251/-2396 
f -2251/-2274/-2395 -2239/-2275/-2395 -2221/-2248/-2395 -2226/-2249/-2395 
f -2232/-2266/-2394 -2228/-2260/-2394 -2227/-2259/-2394 
f -2230/-2262/-2393 -2220/-2247/-2393 -2219/-2246/-2393 -2229/-2261/-2393 
f -2229/-2261/-2392 -2219/-2246/-2392 -2218/-2245/-2392 -2228/-2260/-2392 
f -2217/-2244/-2391 -2227/-2259/-2391 -2228/-2260/-2391 -2216/-2243/-2391 
f -2215/-2242/-2390 -2253/-2289/-2390 -2227/-2259/-2390 
f -2216/-2243/-2389 -2228/-2260/-2389 -2218/-2245/-2389 
f -2218/-2245/-2388 -2219/-2246/-2388 -2214/-2241/-2388 
f -2218/-2245/-2387 -2214/-2241/-2387 -2213/-2240/-2387 -2216/-2243/-2387 
f -2215/-2242/-2386 -2212/-2239/-2386 -2253/-2289/-2386 
f -2211/-2238/-2385 -2210/-2237/-2385 -2212/-2239/-2385 
f -2212/-2239/-2384 -2252/-2288/-2384 -2253/-2289/-2384 
f -2211/-2238/-2383 -2212/-2239/-2383 -2215/-2242/-2383 -2217/-2244/-2383 
f -2214/-2241/-2382 -2209/-2236/-2382 -2208/-2235/-2382 -2213/-2240/-2382 
f -2210/-2237/-2381 -2213/-2240/-2381 -2208/-2235/-2380 -2207/-2234/-2381 
f -2212/-2239/-2379 -2206/-2233/-2379 -2242/-2278/-2379 -2252/-2288/-2379 
f -2210/-2237/-2378 -2207/-2234/-2378 -2206/-2233/-2378 -2212/-2239/-2378 
f -2214/-2241/-2377 -2219/-2246/-2377 -2209/-2236/-2377 
f -2210/-2237/-2376 -2211/-2238/-2375 -2213/-2240/-2375 
f -2211/-2238/-2374 -2217/-2244/-2374 -2216/-2243/-2374 -2213/-2240/-2374 
s 2
f -2224/-2255/-2373 -2270/-2310/-2372 -2286/-2311/-2371 -2287/-2254/-2371 
f -2293/-2338/-2370 -2290/-2335/-2370 -2284/-2329/-2370 -2238/-2273/-2370 
s 4
f -2238/-2273/-2369 -2284/-2329/-2369 -2281/-2326/-2369 -2235/-2270/-2369 
s off
f -2245/-2232/-2368 -2246/-2231/-2367 -2205/-2230/-2368 -2204/-2229/-2368 
f -2248/-2284/-2366 -2244/-2280/-2366 -2203/-2228/-2366 -2202/-2227/-2366 
f -2246/-2231/-2365 -2243/-2226/-2365 -2201/-2225/-2365 -2205/-2230/-2365 
f -2241/-2224/-2364 -2245/-2232/-2364 -2204/-2229/-2364 -2200/-2223/-2364 
f -2244/-2280/-2363 -2240/-2276/-2363 -2199/-2222/-2363 -2203/-2228/-2363 
f -2240/-2221/-2362 -2241/-2224/-2362 -2200/-2223/-2362 -2199/-2220/-2362 
f -2208/-2235/-2361 -2209/-2236/-2361 -2198/-2219/-2361 -2197/-2218/-2361 
f -2242/-2217/-2360 -2206/-2216/-2360 -2196/-2215/-2360 -2195/-2214/-2360 
f -2243/-2226/-2371 -2242/-2217/-2371 -2195/-2214/-2371 -2201/-2225/-2371 
f -2206/-2216/-2359 -2207/-2213/-2359 -2194/-2212/-2359 -2196/-2215/-2359 
f -2207/-2234/-2358 -2208/-2235/-2358 -2197/-2218/-2358 -2194/-2211/-2358 
f -2209/-2236/-2357 -2219/-2246/-2357 -2198/-2219/-2357 
s 2
f -2193/-2210/-2356 -2192/-2209/-2355 -2191/-2208/-2354 
f -2264/-2207/-2353 -2190/-2206/-2352 -2192/-2209/-2355 
f -2189/-2205/-2351 -2188/-2204/-2350 -2187/-2203/-2349 
f -2187/-2203/-2349 -2186/-2202/-2348 -2191/-2208/-2354 -2192/-2209/-2355 
s 3
f -2185/-2201/-2347 -2184/-2200/-2346 -2187/-2203/-2349 -2188/-2204/-2350 
s 2
f -2187/-2203/-2349 -2184/-2200/-2346 -2186/-2202/-2348 
f -2190/-2206/-2352 -2189/-2205/-2351 -2187/-2203/-2349 -2192/-2209/-2355 
f -2263/-2199/-2345 -2264/-2207/-2353 -2192/-2209/-2355 -2193/-2210/-2356 
s off
f -2190/-2198/-2344 -2247/-2197/-2344 -2202/-2227/-2344 
f -2190/-2198/-2343 -2264/-2196/-2343 -2247/-2197/-2343 
f -2202/-2227/-2342 -2203/-2228/-2342 -2189/-2195/-2342 -2190/-2198/-2342 
f -2203/-2228/-2341 -2199/-2222/-2341 -2189/-2195/-2341 
f -2202/-2227/-2340 -2247/-2197/-2340 -2248/-2284/-2340 
f -2189/-2195/-2339 -2199/-2222/-2339 -2188/-2194/-2339 
s 4
f -2185/-2193/-2338 -2188/-2192/-2338 -2199/-2220/-2337 -2200/-2223/-2338 
s 2
f -2183/-2191/-2336 -2182/-2190/-2335 -2181/-2189/-2334 
f -2219/-2188/-2333 -2181/-2189/-2334 -2180/-2187/-2332 
f -2179/-2186/-2331 -2178/-2185/-2330 -2177/-2184/-2329 
f -2178/-2185/-2330 -2181/-2189/-2334 -2182/-2190/-2335 -2176/-2183/-2328 
f -2175/-2182/-2327 -2177/-2184/-2329 -2178/-2185/-2330 -2174/-2181/-2326 
f -2178/-2185/-2330 -2176/-2183/-2328 -2174/-2181/-2326 
f -2180/-2187/-2332 -2181/-2189/-2334 -2178/-2185/-2330 -2179/-2186/-2331 
f -2220/-2180/-2325 -2183/-2191/-2336 -2181/-2189/-2334 -2219/-2188/-2333 
s off
f -2180/-2179/-2324 -2197/-2218/-2324 -2198/-2219/-2324 
f -2180/-2179/-2323 -2198/-2219/-2323 -2219/-2246/-2323 
f -2197/-2218/-2322 -2180/-2179/-2322 -2179/-2178/-2321 -2173/-2177/-2320 
f -2173/-2177/-2341 -2179/-2178/-2341 -2194/-2176/-2341 
f -2179/-2178/-2339 -2177/-2175/-2339 -2194/-2176/-2339 
f -2177/-2174/-2319 -2175/-2173/-2319 -2194/-2172/-2319 
f -2175/-2173/-2318 -2196/-2171/-2318 -2194/-2172/-2318 
f -2217/-2244/-2317 -2215/-2242/-2317 -2227/-2259/-2317 
s 4
f -2182/-2170/-2316 -2191/-2169/-2315 -2186/-2168/-2315 -2176/-2167/-2314 
s 2
f -2191/-2166/-2354 -2182/-2165/-2335 -2235/-2270/-2313 -2281/-2326/-2313 
f -2176/-2167/-2328 -2186/-2168/-2348 -2184/-2164/-2346 -2174/-2163/-2326 
f -2174/-2163/-2326 -2184/-2164/-2346 -2185/-2193/-2347 -2175/-2162/-2327 
s off
f -2204/-2229/-2312 -2205/-2230/-2312 -2185/-2193/-2312 
f -2205/-2230/-2311 -2201/-2225/-2311 -2185/-2193/-2311 
f -2200/-2223/-2310 -2204/-2229/-2310 -2185/-2193/-2310 
f -2195/-2161/-2309 -2196/-2160/-2309 -2175/-2159/-2309 
f -2201/-2225/-2308 -2195/-2214/-2308 -2175/-2162/-2308 -2185/-2193/-2308 
s 2
f -2267/-2305/-2307 -2268/-2307/-2307 -2269/-2309/-2307 -2270/-2310/-2372 
s off
f -2270/-2310/-2306 -2266/-2303/-2306 -2267/-2305/-2305 
s 2
f -2222/-2250/-2304 -2224/-2255/-2373 -2225/-2256/-2304 -2223/-2252/-2304 
s off
f -2224/-2255/-2303 -2222/-2250/-2303 -2221/-2248/-2303 
s 4
f -2224/-2255/-2302 -2239/-2275/-2302 -2265/-2301/-2302 -2270/-2310/-2302 
s off
f -2239/-2275/-2301 -2224/-2255/-2301 -2221/-2248/-2301 
f -2266/-2303/-2300 -2270/-2310/-2300 -2265/-2301/-2300 
f -2263/-2326/-2299 -2193/-2158/-2299 -2277/-2320/-2299 
f -2282/-2327/-2298 -2277/-2320/-2298 -2281/-2326/-2298 
f -2193/-2158/-2297 -2281/-2157/-2297 -2277/-2320/-2297 
f -2193/-2158/-2296 -2191/-2166/-2296 -2281/-2326/-2296 
f -2220/-2247/-2299 -2230/-2262/-2299 -2183/-2156/-2299 
f -2234/-2269/-2295 -2235/-2270/-2295 -2230/-2263/-2295 
f -2235/-2270/-2294 -2183/-2155/-2294 -2230/-2263/-2294 
f -2183/-2155/-2293 -2235/-2270/-2293 -2182/-2165/-2293 
s 8
f -2320/-2154/-2292 -2443/-2153/-2292 -2444/-2388/-2292 -2314/-2387/-2291 
f -2311/-2152/-2290 -2314/-2387/-2291 -2718/-2383/-2290 -2716/-2151/-2290 
s off
f -2320/-2154/-2289 -2314/-2387/-2289 -2311/-2152/-2289 
s 4
f -2738/-2150/-2288 -2637/-2865/-2288 -2626/-2847/-2288 -2739/-2149/-3012 
s 8
f -2627/-2848/-2287 -2876/-2148/-2287 -2739/-2149/-3011 -2626/-2847/-2287 
s off
f -2644/-2874/-2286 -2875/-2875/-2286 -2876/-2148/-2286 -2627/-2848/-2286 
f -2625/-2845/-2285 -2637/-2865/-2285 -2738/-2150/-2285 -2734/-2805/-2285 
s 4
f -2461/-2147/-2284 -2462/-2146/-2677 -2374/-2478/-2284 -2375/-2481/-2284 
s 8
f -2373/-2477/-2283 -2374/-2478/-2283 -2462/-2146/-2677 -2567/-2145/-2283 
s off
f -2568/-2489/-2282 -2382/-2490/-2282 -2373/-2477/-2282 -2567/-2145/-2282 
f -2375/-2481/-2281 -2371/-2475/-2281 -2457/-2435/-2281 -2461/-2147/-2281 
f -2615/-2833/-2280 -2172/-2144/-2280 -2171/-2143/-2279 -2614/-2832/-2279 
f -2615/-2833/-2278 -2613/-2831/-2278 -2170/-2142/-2278 -2172/-2144/-2278 
f -2171/-2143/-2277 -2619/-2837/-2277 -2616/-2834/-2277 -2614/-2832/-2277 
f -2170/-2142/-2276 -2613/-2831/-2276 -2606/-2823/-2276 -2169/-2141/-2276 
f -2602/-2819/-2275 -2169/-2141/-2274 -2606/-2823/-2275 
f -2364/-2464/-2273 -2362/-2462/-2273 -2168/-2140/-2273 -2167/-2139/-2273 
f -2364/-2464/-2272 -2167/-2139/-2272 -2166/-2138/-2272 -2363/-2463/-2272 
f -2168/-2140/-2271 -2362/-2462/-2271 -2367/-2467/-2271 -2368/-2468/-2271 
f -2165/-2137/-2270 -2354/-2453/-2270 -2363/-2463/-2270 -2166/-2138/-2270 
f -2354/-2453/-2269 -2165/-2137/-2269 -2351/-2450/-2269 
s 2
f -2167/-2136/-2268 -2368/-2135/-2573 -2365/-2134/-2570 -2166/-2133/-2268 
f -2172/-2132/-2267 -2170/-2131/-2267 -2618/-2130/-2863 -2619/-2129/-2864 
s 4
f -2618/-2130/-2266 -2170/-2131/-2266 -2169/-2128/-2266 -2612/-2127/-2857 
f -2365/-2134/-2265 -2361/-2126/-2565 -2165/-2125/-2265 -2166/-2133/-2265 
s off
f -2168/-2124/-2264 -2368/-2135/-2264 -2167/-2136/-2264 
f -2172/-2132/-2263 -2619/-2129/-2263 -2171/-2123/-2263 
s 9
f -2323/-2122/-2505 -2383/-2418/-2591 -2580/-2777/-2815 -2584/-2788/-2819 
s 1
f -2584/-2788/-2819 -2390/-2424/-2598 -2323/-2122/-2505 
f -2580/-2777/-2815 -2648/-2778/-2897 -2649/-2121/-2898 -2584/-2788/-2819 
s off
f -2351/-2425/-2262 -2165/-2425/-2262 -2586/-2425/-2262 
f -2169/-2120/-2262 -2602/-2792/-2262 -2586/-2793/-2262 
s 8
f -2169/-2119/-2261 -2586/-2118/-2261 -2578/-2117/-2261 -2612/-2116/-2261 
s 16
f -2165/-2115/-2260 -2361/-2114/-2260 -2578/-2117/-2260 -2586/-2118/-2260 
s 8
f -2394/-2505/-2259 -2330/-2408/-2504 -2323/-2401/-2505 
s 3
f -2653/-2791/-2903 -2584/-2788/-2819 -2649/-2121/-2898 
s 1
f -2164/-2113/-2258 -2163/-2112/-2257 -2162/-2111/-2256 -2161/-2110/-2255 
f -2160/-2109/-2254 -2159/-2108/-2253 -2158/-2107/-2252 -2157/-2106/-2251 
f -2161/-2105/-2255 -2162/-2104/-2256 -2159/-2108/-2253 -2160/-2109/-2254 
f -2156/-2103/-2250 -2155/-2102/-2249 -2154/-2101/-2248 -2153/-2100/-2247 
f -2153/-2100/-2247 -2154/-2101/-2248 -2152/-2099/-2246 -2151/-2098/-2245 
f -2151/-2097/-2245 -2152/-2096/-2246 -2150/-2095/-2244 
f -2161/-2110/-2255 -2151/-2097/-2245 -2150/-2095/-2244 -2164/-2113/-2258 
f -2151/-2098/-2245 -2161/-2105/-2255 -2160/-2109/-2254 -2153/-2100/-2247 
f -2160/-2109/-2254 -2157/-2106/-2251 -2156/-2103/-2250 -2153/-2100/-2247 
f -2149/-2094/-2243 -2148/-2093/-2242 -2162/-2092/-2256 -2163/-2091/-2257 
f -2147/-2090/-2241 -2146/-2089/-2240 -2158/-2088/-2252 -2159/-2087/-2253 
f -2148/-2093/-2242 -2147/-2090/-2241 -2159/-2087/-2253 -2162/-2092/-2256 
f -2145/-2086/-2239 -2144/-2085/-2238 -2143/-2084/-2237 -2142/-2083/-2236 
f -2144/-2085/-2238 -2141/-2082/-2235 -2140/-2081/-2234 -2143/-2084/-2237 
f -2141/-2082/-2235 -2139/-2080/-2233 -2140/-2081/-2234 
f -2148/-2093/-2242 -2149/-2094/-2243 -2139/-2080/-2233 -2141/-2082/-2235 
f -2141/-2082/-2235 -2144/-2085/-2238 -2147/-2090/-2241 -2148/-2093/-2242 
f -2147/-2090/-2241 -2144/-2085/-2238 -2145/-2086/-2239 -2146/-2089/-2240 
s 2
f -2138/-2079/-2232 -2137/-2078/-2231 -2136/-2077/-2230 
s off
f -2135/-2076/-2229 -2134/-2075/-2229 -2133/-2074/-2229 
s 3
f -2132/-2073/-2228 -2131/-2072/-2227 -2138/-2079/-2232 -2136/-2077/-2230 
s 2
f -2130/-2071/-2226 -2129/-2070/-2225 -2128/-2069/-2224 -2127/-2068/-2223 
s 6
f -2129/-2070/-2225 -2132/-2073/-2228 -2136/-2077/-2230 -2128/-2069/-2224 
s 2
f -2126/-2067/-2222 -2125/-2066/-2222 -2124/-2065/-2221 -2123/-2064/-2220 
f -2127/-2068/-2223 -2128/-2069/-2224 -2123/-2064/-2220 -2124/-2065/-2221 
s 4
f -2122/-2063/-2219 -2126/-2067/-2219 -2123/-2064/-2218 -2133/-2074/-2217 
f -2128/-2069/-2224 -2136/-2077/-2230 -2133/-2074/-2217 -2123/-2064/-2218 
s off
f -2137/-2078/-2216 -2138/-2079/-2216 -2121/-2062/-2216 
f -2135/-2076/-2215 -2120/-2061/-2215 -2134/-2075/-2215 
f -2119/-2060/-2214 -2121/-2062/-2214 -2138/-2079/-2214 
f -2118/-2059/-2213 -2120/-2061/-2213 -2119/-2060/-2213 -2117/-2058/-2213 
f -2121/-2062/-2213 -2119/-2060/-2213 -2120/-2061/-2213 
f -2120/-2061/-2212 -2118/-2059/-2212 -2134/-2075/-2212 
f -2116/-2057/-2211 -2115/-2056/-2211 -2133/-2074/-2211 -2136/-2077/-2211 
f -2137/-2078/-2210 -2116/-2057/-2210 -2136/-2077/-2210 
f -2122/-2063/-2209 -2133/-2074/-2209 -2134/-2075/-2209 -2114/-2055/-2209 
f -2115/-2056/-2208 -2135/-2076/-2208 -2133/-2074/-2208 
f -2120/-2061/-2207 -2135/-2076/-2207 -2115/-2056/-2207 -2113/-2054/-2207 
f -2118/-2059/-2206 -2112/-2053/-2206 -2134/-2075/-2206 
f -2119/-2060/-2205 -2138/-2079/-2205 -2111/-2052/-2205 
f -2118/-2059/-2204 -2117/-2058/-2204 -2110/-2051/-2204 -2112/-2053/-2204 
f -2117/-2058/-2203 -2119/-2060/-2203 -2111/-2052/-2203 -2110/-2051/-2203 
f -2121/-2062/-2202 -2120/-2061/-2202 -2113/-2054/-2202 -2109/-2050/-2202 
f -2137/-2078/-2201 -2121/-2062/-2201 -2109/-2050/-2201 -2116/-2057/-2201 
s 2
f -2108/-2049/-2213 -2107/-2048/-2213 -2106/-2047/-2213 
s off
f -2106/-2047/-2213 -2105/-2046/-2213 -2104/-2045/-2213 -2108/-2049/-2213 
s 2
f -2103/-2044/-2213 -2102/-2043/-2213 -2106/-2047/-2213 -2101/-2042/-2213 
f -2107/-2048/-2213 -2101/-2042/-2213 -2106/-2047/-2213 
s off
f -2102/-2043/-2213 -2103/-2044/-2213 -2100/-2041/-2213 
f -2099/-2040/-2213 -2098/-2039/-2213 -2097/-2038/-2213 -2096/-2037/-2213 
f -2099/-2040/-2213 -2096/-2037/-2213 -2095/-2036/-2213 -2094/-2035/-2213 
f -2102/-2043/-2200 -2100/-2041/-2200 -2093/-2034/-2200 -2092/-2033/-2200 
f -2102/-2043/-2213 -2092/-2033/-2213 -2091/-2032/-2213 -2090/-2031/-2213 
f -2098/-2039/-2213 -2099/-2040/-2213 -2089/-2030/-2213 -2088/-2029/-2213 
f -2088/-2029/-2213 -2089/-2030/-2213 -2087/-2028/-2213 -2086/-2027/-2213 
f -2100/-2041/-2213 -2103/-2044/-2213 -2085/-2026/-2213 -2084/-2025/-2213 
f -2093/-2034/-2199 -2100/-2041/-2198 -2084/-2025/-2198 -2083/-2024/-2198 
f -2084/-2025/-2213 -2085/-2026/-2213 -2082/-2023/-2213 -2081/-2022/-2213 
f -2083/-2024/-2213 -2084/-2025/-2213 -2081/-2022/-2213 -2080/-2021/-2213 
f -2081/-2022/-2213 -2082/-2023/-2213 -2079/-2020/-2213 -2078/-2019/-2213 
f -2080/-2021/-2213 -2081/-2022/-2213 -2078/-2019/-2213 -2077/-2018/-2213 
f -2078/-2019/-2213 -2079/-2020/-2213 -2076/-2017/-2213 -2075/-2016/-2213 
f -2077/-2018/-2213 -2078/-2019/-2213 -2075/-2016/-2213 -2074/-2015/-2213 
f -2075/-2016/-2213 -2076/-2017/-2213 -2073/-2014/-2213 -2072/-2013/-2213 
f -2074/-2015/-2213 -2075/-2016/-2213 -2072/-2013/-2213 -2071/-2012/-2213 
f -2070/-2011/-2213 -2069/-2010/-2213 -2104/-2045/-2213 -2105/-2046/-2213 
f -2107/-2009/-2197 -2108/-2008/-2197 -2068/-2007/-2197 -2067/-2006/-2197 
f -2104/-2005/-2196 -2069/-2004/-2196 -2066/-2003/-2196 -2065/-2002/-2196 
f -2105/-2005/-2195 -2106/-2001/-2195 -2064/-2000/-2195 -2063/-2002/-2195 
f -2069/-2004/-2194 -2070/-1999/-2194 -2062/-1998/-2194 -2066/-2003/-2194 
f -2103/-1997/-2193 -2101/-1996/-2193 -2061/-1995/-2193 -2060/-1994/-2193 
f -2101/-1996/-2192 -2107/-2009/-2192 -2067/-2006/-2192 -2061/-1995/-2192 
f -2097/-1993/-2191 -2098/-1992/-2191 -2059/-1991/-2191 -2058/-1990/-2191 
f -2093/-1989/-2190 -2057/-1988/-2190 -2056/-1987/-2190 -2094/-1986/-2190 
f -2099/-1985/-2189 -2094/-1986/-2189 -2056/-1987/-2189 -2055/-1984/-2189 
f -2090/-1983/-2188 -2097/-1993/-2188 -2058/-1990/-2188 -2054/-1982/-2188 
f -2102/-1981/-2187 -2090/-1983/-2187 -2054/-1982/-2187 -2053/-1980/-2187 
f -2089/-1979/-2186 -2099/-1985/-2186 -2055/-1984/-2186 -2052/-1978/-2186 
f -2098/-1992/-2185 -2088/-1977/-2185 -2051/-1976/-2185 -2059/-1991/-2185 
f -2087/-1975/-2184 -2089/-1979/-2184 -2052/-1978/-2184 -2050/-1974/-2184 
f -2088/-1977/-2183 -2086/-1973/-2183 -2049/-1972/-2183 -2051/-1976/-2183 
f -2086/-1973/-2182 -2087/-1975/-2182 -2050/-1974/-2182 -2049/-1972/-2182 
f -2085/-1971/-2181 -2103/-1997/-2181 -2060/-1994/-2181 -2048/-1970/-2181 
f -2093/-1989/-2180 -2083/-1969/-2180 -2047/-1968/-2180 -2057/-1988/-2180 
f -2082/-1967/-2179 -2085/-1971/-2179 -2048/-1970/-2179 -2046/-1966/-2179 
f -2083/-1969/-2371 -2080/-1965/-2371 -2045/-1964/-2371 -2047/-1968/-2371 
f -2079/-1963/-2178 -2082/-1967/-2178 -2046/-1966/-2178 -2044/-1962/-2178 
f -2080/-1965/-2177 -2077/-1961/-2177 -2043/-1960/-2177 -2045/-1964/-2177 
f -2076/-1959/-2176 -2079/-1963/-2176 -2044/-1962/-2176 -2042/-1958/-2176 
f -2077/-1961/-2371 -2074/-1957/-2371 -2041/-1956/-2371 -2043/-1960/-2371 
f -2073/-1955/-2175 -2076/-1959/-2175 -2042/-1958/-2175 -2040/-1954/-2175 
f -2074/-1957/-2174 -2071/-1953/-2174 -2039/-1952/-2174 -2041/-1956/-2174 
f -2072/-1951/-2173 -2073/-1955/-2173 -2040/-1954/-2173 -2038/-1950/-2173 
f -2071/-1953/-2172 -2072/-1951/-2172 -2038/-1950/-2172 -2039/-1952/-2172 
f -2070/-1999/-2171 -2105/-2005/-2171 -2063/-2002/-2171 -2062/-1998/-2171 
f -2108/-2008/-2170 -2104/-2005/-2170 -2065/-2002/-2170 -2068/-2007/-2170 
s 2
f -2037/-2049/-2169 -2036/-2047/-2169 -2035/-2048/-2169 
s off
f -2036/-2047/-2169 -2037/-2049/-2169 -2034/-2045/-2169 -2033/-2046/-2169 
s 2
f -2032/-2044/-2169 -2031/-2042/-2169 -2036/-2047/-2169 -2030/-2043/-2169 
f -2035/-2048/-2169 -2036/-2047/-2169 -2031/-2042/-2169 
s off
f -2030/-2043/-2169 -2029/-2041/-2169 -2032/-2044/-2169 
f -2028/-2035/-2169 -2027/-2034/-2169 -2026/-2031/-2169 -2025/-2038/-2169 
f -2024/-2040/-2169 -2028/-2035/-2169 -2025/-2038/-2169 -2023/-2039/-2169 
f -2030/-2043/-2169 -2026/-2031/-2169 -2027/-2034/-2169 -2029/-2041/-2169 
f -2023/-2039/-2169 -2022/-2029/-2169 -2021/-2030/-2169 -2024/-2040/-2169 
f -2022/-2029/-2169 -2020/-2027/-2169 -2019/-2028/-2169 -2021/-2030/-2169 
f -2029/-2041/-2169 -2018/-2025/-2169 -2017/-2026/-2169 -2032/-2044/-2169 
f -2027/-2034/-2169 -2016/-2024/-2169 -2018/-2025/-2169 -2029/-2041/-2169 
f -2018/-2025/-2169 -2015/-2022/-2169 -2014/-2023/-2169 -2017/-2026/-2169 
f -2016/-2024/-2169 -2013/-2021/-2169 -2015/-2022/-2169 -2018/-2025/-2169 
f -2015/-2022/-2169 -2012/-2019/-2169 -2011/-2020/-2169 -2014/-2023/-2169 
f -2013/-2021/-2169 -2010/-2018/-2169 -2012/-2019/-2169 -2015/-2022/-2169 
f -2012/-2019/-2169 -2009/-2016/-2169 -2008/-2017/-2169 -2011/-2020/-2169 
f -2010/-2018/-2169 -2007/-2015/-2169 -2009/-2016/-2169 -2012/-2019/-2169 
f -2009/-2016/-2169 -2006/-2013/-2169 -2005/-2014/-2169 -2008/-2017/-2169 
f -2007/-2015/-2169 -2004/-2012/-2169 -2006/-2013/-2169 -2009/-2016/-2169 
f -2003/-2011/-2169 -2033/-2046/-2169 -2034/-2045/-2169 -2002/-2010/-2169 
f -2035/-1949/-2197 -2067/-2006/-2197 -2068/-2007/-2197 -2037/-1948/-2197 
f -2034/-1947/-2196 -2065/-2002/-2196 -2066/-2003/-2196 -2002/-1946/-2196 
f -2033/-1947/-2195 -2063/-2002/-2195 -2064/-2000/-2195 -2036/-1945/-2195 
f -2002/-1946/-2194 -2066/-2003/-2194 -2062/-1998/-2194 -2003/-1944/-2194 
f -2032/-1943/-2193 -2060/-1994/-2193 -2061/-1995/-2193 -2031/-1942/-2193 
f -2031/-1942/-2192 -2061/-1995/-2192 -2067/-2006/-2192 -2035/-1949/-2192 
f -2025/-1941/-2191 -2058/-1990/-2191 -2059/-1991/-2191 -2023/-1940/-2191 
f -2028/-1939/-2168 -2056/-1987/-2168 -2057/-1988/-2168 -2027/-1938/-2168 
f -2024/-1937/-2189 -2055/-1984/-2189 -2056/-1987/-2189 -2028/-1939/-2189 
f -2026/-1936/-2188 -2054/-1982/-2188 -2058/-1990/-2188 -2025/-1941/-2188 
f -2030/-1935/-2167 -2053/-1980/-2167 -2054/-1982/-2167 -2026/-1936/-2167 
f -2021/-1934/-2186 -2052/-1978/-2186 -2055/-1984/-2186 -2024/-1937/-2186 
f -2023/-1940/-2185 -2059/-1991/-2185 -2051/-1976/-2185 -2022/-1933/-2185 
f -2019/-1932/-2184 -2050/-1974/-2184 -2052/-1978/-2184 -2021/-1934/-2184 
f -2022/-1933/-2183 -2051/-1976/-2183 -2049/-1972/-2183 -2020/-1931/-2183 
f -2020/-1931/-2182 -2049/-1972/-2182 -2050/-1974/-2182 -2019/-1932/-2182 
f -2017/-1930/-2181 -2048/-1970/-2181 -2060/-1994/-2181 -2032/-1943/-2181 
f -2027/-1938/-2166 -2057/-1988/-2166 -2047/-1968/-2166 -2016/-1929/-2166 
f -2014/-1928/-2179 -2046/-1966/-2179 -2048/-1970/-2179 -2017/-1930/-2179 
f -2016/-1929/-2371 -2047/-1968/-2371 -2045/-1964/-2371 -2013/-1927/-2371 
f -2011/-1926/-2178 -2044/-1962/-2178 -2046/-1966/-2178 -2014/-1928/-2178 
f -2013/-1927/-2177 -2045/-1964/-2177 -2043/-1960/-2177 -2010/-1925/-2177 
f -2008/-1924/-2176 -2042/-1958/-2176 -2044/-1962/-2176 -2011/-1926/-2176 
f -2010/-1925/-2371 -2043/-1960/-2371 -2041/-1956/-2371 -2007/-1923/-2371 
f -2005/-1922/-2175 -2040/-1954/-2175 -2042/-1958/-2175 -2008/-1924/-2175 
f -2007/-1923/-2174 -2041/-1956/-2174 -2039/-1952/-2174 -2004/-1921/-2174 
f -2006/-1920/-2173 -2038/-1950/-2173 -2040/-1954/-2173 -2005/-1922/-2173 
f -2004/-1921/-2172 -2039/-1952/-2172 -2038/-1950/-2172 -2006/-1920/-2172 
f -2003/-1944/-2171 -2062/-1998/-2171 -2063/-2002/-2171 -2033/-1947/-2171 
f -2037/-1948/-2170 -2068/-2007/-2170 -2065/-2002/-2170 -2034/-1947/-2170 
f -2036/-1945/-2165 -2064/-2000/-2165 -2001/-1919/-2165 -2000/-1918/-2165 
f -1999/-1935/-2164 -1998/-1980/-2164 -2053/-1980/-2164 -2030/-1935/-2164 
f -2000/-1918/-2163 -2001/-1919/-2163 -1997/-1917/-2163 -1996/-1916/-2163 
f -1995/-1915/-2162 -1994/-1914/-2162 -1998/-1980/-2162 -1999/-1935/-2162 
f -1996/-1916/-2161 -1997/-1917/-2161 -1993/-1913/-2161 -1992/-1912/-2161 
f -1991/-1911/-2160 -1990/-1910/-2160 -1994/-1914/-2160 -1995/-1915/-2160 
f -1992/-1912/-2159 -1993/-1913/-2159 -1990/-1910/-2159 -1991/-1911/-2159 
s 2
f -1996/-1909/-2169 -1992/-1908/-2169 -1991/-1907/-2169 -1995/-1906/-2169 
f -1990/-1907/-2213 -1993/-1908/-2213 -1997/-1909/-2213 -1994/-1906/-2213 
s 4
f -1998/-1905/-2213 -1994/-1906/-2213 -1997/-1909/-2213 -2001/-1904/-2213 
f -1999/-1905/-2169 -2000/-1904/-2169 -1996/-1909/-2169 -1995/-1906/-2169 
s 8
f -2000/-1904/-2169 -1999/-1905/-2169 -2030/-2043/-2169 -2036/-2047/-2169 
s 4
f -2053/-1980/-2158 -2064/-2000/-2158 -2106/-2001/-2158 -2102/-1981/-2158 
s 2
f -2053/-2043/-2213 -1998/-1905/-2213 -2001/-1904/-2213 -2064/-2047/-2213 
s off
f -2095/-1903/-2157 -2096/-1902/-2157 -1989/-1901/-2157 -1988/-1900/-2157 
f -1987/-1899/-2156 -2095/-1903/-2156 -1988/-1900/-2156 -1986/-1898/-2156 
f -2096/-1902/-2155 -1985/-1897/-2155 -1984/-1896/-2155 -1989/-1901/-2155 
f -1983/-1895/-2154 -1987/-1899/-2154 -1986/-1898/-2154 -1982/-1894/-2154 
f -2092/-1893/-2153 -1983/-1895/-2153 -1982/-1894/-2153 -1981/-1892/-2153 
f -1985/-1897/-2152 -1980/-1891/-2152 -1979/-1890/-2152 -1984/-1896/-2152 
f -1980/-1889/-2151 -2091/-1888/-2151 -1978/-1887/-2151 -1979/-1886/-2151 
s 2
f -1984/-1885/-2213 -1979/-1884/-2213 -1982/-1883/-2213 -1986/-1882/-2213 
s off
f -1984/-1885/-2213 -1986/-1882/-2213 -1988/-1881/-2213 -1989/-1880/-2213 
f -1981/-1879/-2213 -1982/-1883/-2213 -1979/-1884/-2213 -1978/-1878/-2213 
s 2
f -2091/-1888/-2150 -2092/-1893/-2150 -1981/-1892/-2150 -1978/-1887/-2150 
f -1985/-1877/-2213 -2097/-2038/-2213 -2090/-2031/-2213 -1980/-1876/-2213 
s off
f -2096/-2037/-2213 -2097/-2038/-2213 -1985/-1877/-2213 
f -2091/-2032/-2213 -1980/-1876/-2213 -2090/-2031/-2213 
s 2
f -1983/-1875/-2149 -2093/-2034/-2149 -2094/-2035/-2149 -1987/-1874/-2149 
s off
f -2092/-2033/-2148 -2093/-2034/-2148 -1983/-1875/-2148 
f -2095/-2036/-2213 -1987/-1874/-2213 -2094/-2035/-2213 
s 2
f -1977/-1873/-2147 -1976/-1872/-2146 -1975/-1871/-2145 -1974/-1870/-2144 
s 3
f -1975/-1871/-2145 -1976/-1872/-2146 -1973/-1869/-2143 -1972/-1868/-2142 
s 2
f -1972/-1868/-2142 -1973/-1869/-2143 -1971/-1867/-2141 -1970/-1866/-2140 
f -1969/-1865/-2139 -1968/-1864/-2138 -1976/-1872/-2146 -1977/-1873/-2147 
f -1975/-1871/-2145 -1967/-1863/-2137 -1966/-1862/-2136 -1974/-1870/-2144 
f -1976/-1872/-2146 -1968/-1864/-2138 -1965/-1861/-2135 -1973/-1869/-2143 
s 3
f -1964/-1860/-2134 -1967/-1863/-2137 -1975/-1871/-2145 -1972/-1868/-2142 
s 2
f -1973/-1869/-2143 -1965/-1861/-2135 -1963/-1859/-2133 -1971/-1867/-2141 
f -1970/-1866/-2140 -1962/-1858/-2132 -1964/-1860/-2134 -1972/-1868/-2142 
f -1961/-1857/-2131 -1960/-1856/-2131 -1959/-1855/-2130 -1958/-1854/-2129 
f -1957/-1853/-2128 -1956/-1852/-2127 -1955/-1851/-2126 -1954/-1850/-2125 
s 4
f -1966/-1862/-2124 -1961/-1849/-2123 -1958/-1848/-2122 -1974/-1870/-2121 
f -1969/-1865/-2120 -1953/-1847/-2119 -1952/-1846/-2118 -1968/-1864/-2117 
f -1967/-1863/-2116 -1951/-1845/-2115 -1961/-1849/-2123 -1966/-1862/-2124 
f -1968/-1864/-2117 -1952/-1846/-2118 -1950/-1844/-2114 -1965/-1861/-2113 
f -1964/-1860/-2112 -1949/-1843/-2111 -1951/-1845/-2115 -1967/-1863/-2116 
f -1965/-1861/-2113 -1950/-1844/-2114 -1957/-1842/-2110 -1963/-1859/-2109 
f -1963/-1859/-2109 -1957/-1842/-2110 -1954/-1841/-2108 -1971/-1867/-2107 
f -1962/-1858/-2106 -1948/-1840/-2105 -1949/-1843/-2111 -1964/-1860/-2112 
f -1974/-1870/-2121 -1958/-1848/-2122 -1947/-1839/-2104 -1977/-1873/-2103 
f -1977/-1873/-2103 -1947/-1839/-2104 -1953/-1847/-2119 -1969/-1865/-2120 
f -1971/-1867/-2107 -1954/-1841/-2108 -1946/-1838/-2102 -1970/-1866/-2101 
f -1970/-1866/-2101 -1946/-1838/-2102 -1948/-1840/-2105 -1962/-1858/-2106 
s 11
f -1947/-1837/-2100 -1958/-1854/-2129 -1959/-1855/-2130 -1945/-1836/-2100 
s 2
f -1944/-1835/-2099 -1952/-1834/-2098 -1953/-1833/-2097 -1943/-1832/-2096 
f -1942/-1831/-2095 -1950/-1830/-2094 -1952/-1834/-2098 -1944/-1835/-2099 
s 10
f -1957/-1829/-2128 -1950/-1830/-2094 -1942/-1831/-2095 -1956/-1828/-2127 
s 2
f -1941/-1827/-2093 -1946/-1826/-2092 -1954/-1850/-2125 -1955/-1851/-2126 
f -1940/-1831/-2091 -1949/-1830/-2090 -1948/-1829/-2089 -1939/-1828/-2088 
f -1951/-1834/-2087 -1949/-1830/-2090 -1940/-1831/-2091 -1938/-1835/-2086 
s 8
f -1961/-1833/-2085 -1951/-1834/-2085 -1938/-1835/-2086 -1960/-1832/-2084 
f -1943/-1825/-2096 -1953/-1824/-2100 -1947/-1837/-2100 -1945/-1836/-2100 
s 10
f -1948/-1823/-2089 -1946/-1826/-2092 -1941/-1827/-2093 -1939/-1822/-2088 
s 2
f -1937/-1821/-2083 -1936/-1820/-2082 -1935/-1819/-2081 -1934/-1818/-2080 
s 3
f -1935/-1819/-2081 -1933/-1817/-2079 -1932/-1816/-2078 -1934/-1818/-2080 
s 2
f -1933/-1817/-2079 -1931/-1815/-2077 -1930/-1814/-2076 -1932/-1816/-2078 
f -1929/-1813/-2075 -1937/-1821/-2083 -1934/-1818/-2080 -1928/-1812/-2074 
f -1935/-1819/-2081 -1936/-1820/-2082 -1927/-1811/-2073 -1926/-1810/-2072 
f -1934/-1818/-2080 -1932/-1816/-2078 -1925/-1809/-2071 -1928/-1812/-2074 
s 3
f -1924/-1808/-2070 -1933/-1817/-2079 -1935/-1819/-2081 -1926/-1810/-2072 
s 2
f -1932/-1816/-2078 -1930/-1814/-2076 -1923/-1807/-2069 -1925/-1809/-2071 
f -1931/-1815/-2077 -1933/-1817/-2079 -1924/-1808/-2070 -1922/-1806/-2068 
f -1921/-1805/-2131 -1920/-1804/-2067 -1959/-1855/-2130 -1960/-1856/-2131 
f -1919/-1803/-2066 -1918/-1802/-2125 -1955/-1851/-2126 -1956/-1852/-2127 
s 4
f -1927/-1811/-2065 -1936/-1820/-2064 -1920/-1801/-2063 -1921/-1800/-2062 
f -1929/-1813/-2061 -1928/-1812/-2060 -1917/-1799/-2059 -1916/-1798/-2058 
f -1926/-1810/-2057 -1927/-1811/-2065 -1921/-1800/-2062 -1915/-1797/-2056 
f -1928/-1812/-2060 -1925/-1809/-2055 -1914/-1796/-2054 -1917/-1799/-2059 
f -1924/-1808/-2053 -1926/-1810/-2057 -1915/-1797/-2056 -1913/-1795/-2052 
f -1925/-1809/-2055 -1923/-1807/-2051 -1919/-1794/-2050 -1914/-1796/-2054 
f -1923/-1807/-2051 -1930/-1814/-2049 -1918/-1793/-2048 -1919/-1794/-2050 
f -1922/-1806/-2047 -1924/-1808/-2053 -1913/-1795/-2052 -1912/-1792/-2046 
f -1936/-1820/-2064 -1937/-1821/-2045 -1911/-1791/-2044 -1920/-1801/-2063 
f -1937/-1821/-2045 -1929/-1813/-2061 -1916/-1798/-2058 -1911/-1791/-2044 
f -1930/-1814/-2049 -1931/-1815/-2043 -1910/-1790/-2042 -1918/-1793/-2048 
f -1931/-1815/-2043 -1922/-1806/-2047 -1912/-1792/-2046 -1910/-1790/-2042 
s 2
f -1911/-1789/-2100 -1945/-1836/-2100 -1959/-1855/-2130 -1920/-1804/-2067 
f -1944/-1835/-2099 -1943/-1832/-2096 -1916/-1788/-2041 -1917/-1787/-2040 
f -1942/-1831/-2095 -1944/-1835/-2099 -1917/-1787/-2040 -1914/-1786/-2094 
s 10
f -1919/-1785/-2066 -1956/-1828/-2127 -1942/-1831/-2095 -1914/-1786/-2094 
s 2
f -1941/-1827/-2093 -1955/-1851/-2126 -1918/-1802/-2125 -1910/-1784/-2092 
f -1940/-1831/-2091 -1939/-1828/-2088 -1912/-1785/-2089 -1913/-1786/-2090 
s 10
f -1915/-1787/-2039 -1938/-1835/-2086 -1940/-1831/-2091 -1913/-1786/-2090 
s 8
f -1921/-1788/-2038 -1960/-1832/-2084 -1938/-1835/-2086 -1915/-1787/-2039 
s 10
f -1943/-1825/-2096 -1945/-1836/-2100 -1911/-1789/-2100 -1916/-1783/-2041 
f -1912/-1782/-2089 -1939/-1822/-2088 -1941/-1827/-2093 -1910/-1784/-2092 
s 2
f -1909/-1781/-2037 -1908/-1780/-2036 -1907/-1779/-2036 -1906/-1778/-2035 
f -1908/-1780/-2036 -1905/-1777/-2034 -1904/-1776/-2034 -1907/-1779/-2036 
f -1905/-1777/-2034 -1903/-1775/-2033 -1902/-1774/-2033 -1904/-1776/-2034 
f -1903/-1775/-2033 -1901/-1777/-2032 -1900/-1776/-2031 -1902/-1774/-2033 
f -1901/-1777/-2032 -1899/-1780/-2030 -1898/-1779/-2029 -1900/-1776/-2031 
f -1899/-1780/-2030 -1897/-1781/-2028 -1896/-1778/-2027 -1898/-1779/-2029 
f -1897/-1781/-2028 -1895/-1773/-2026 -1894/-1772/-2026 -1896/-1778/-2027 
s 4
f -1893/-1771/-2025 -1892/-1770/-2024 -1908/-1769/-2024 -1909/-1768/-2023 
f -1892/-1770/-2024 -1891/-1767/-2022 -1905/-1766/-2022 -1908/-1769/-2024 
f -1891/-1767/-2022 -1890/-1765/-2021 -1903/-1764/-2021 -1905/-1766/-2022 
f -1890/-1765/-2021 -1889/-1763/-2020 -1901/-1762/-2020 -1903/-1764/-2021 
f -1889/-1763/-2020 -1888/-1761/-2019 -1899/-1760/-2018 -1901/-1762/-2020 
f -1888/-1761/-2019 -1887/-1759/-2017 -1897/-1758/-2016 -1899/-1760/-2018 
f -1887/-1759/-2017 -1886/-1757/-2015 -1895/-1756/-2015 -1897/-1758/-2016 
f -1885/-1755/-2169 -1896/-1754/-2169 -1894/-1753/-2169 -1884/-1752/-2169 
f -1885/-1755/-2169 -1883/-1751/-2169 -1898/-1750/-2169 -1896/-1754/-2169 
f -1883/-1751/-2169 -1882/-1749/-2169 -1900/-1748/-2169 -1898/-1750/-2169 
f -1882/-1749/-2169 -1881/-1747/-2169 -1902/-1746/-2169 -1900/-1748/-2169 
f -1881/-1747/-2169 -1880/-1745/-2169 -1904/-1744/-2169 -1902/-1746/-2169 
f -1880/-1745/-2169 -1879/-1743/-2169 -1907/-1742/-2169 -1904/-1744/-2169 
s 2
f -1909/-1781/-2037 -1906/-1778/-2035 -1878/-1741/-2176 -1877/-1740/-2176 
s 4
f -1893/-1771/-2025 -1909/-1768/-2023 -1877/-1739/-2014 -1876/-1738/-2014 
s 2
f -1875/-1778/-2371 -1893/-1781/-2371 -1876/-1740/-2371 -1874/-1741/-2371 
f -1884/-1737/-2013 -1886/-1736/-2013 -1887/-1781/-2013 -1885/-1778/-2013 
s 8
f -1885/-1778/-2012 -1887/-1781/-2012 -1888/-1735/-2011 -1883/-1734/-2010 
s 10
f -1883/-1734/-2010 -1888/-1735/-2011 -1889/-1733/-2009 -1882/-1732/-2009 
s 2
f -1882/-1732/-2009 -1889/-1733/-2009 -1890/-1731/-2008 -1881/-1730/-2087 
f -1881/-1730/-2087 -1890/-1731/-2008 -1891/-1733/-2007 -1880/-1732/-2006 
f -1880/-1732/-2006 -1891/-1733/-2007 -1892/-1735/-2005 -1879/-1734/-2005 
s 8
f -1892/-1735/-2004 -1893/-1781/-2004 -1875/-1778/-2004 -1879/-1734/-2004 
s 4
f -1874/-1729/-2169 -1878/-1728/-2169 -1906/-1727/-2169 -1875/-1726/-2169 
s 20
f -1875/-1726/-2169 -1906/-1727/-2169 -1907/-1742/-2169 -1879/-1743/-2169 
s off
f -1874/-1741/-2087 -1876/-1740/-2087 -1877/-1740/-2087 -1878/-1741/-2087 
f -1886/-1736/-2003 -1884/-1737/-2003 -1894/-1772/-2003 -1895/-1773/-2003 
s 3
f -1873/-1725/-2213 -1872/-1724/-2213 -1871/-1723/-2213 -1870/-1722/-2213 
s 2
f -1869/-1721/-2213 -1872/-1724/-2213 -1873/-1725/-2213 -1868/-1720/-2213 
f -1867/-1719/-2213 -1866/-1718/-2213 -1870/-1722/-2213 -1871/-1723/-2213 
f -1872/-1724/-2213 -1865/-1717/-2213 -1864/-1716/-2213 -1871/-1723/-2213 
f -1863/-1715/-2213 -1862/-1714/-2213 -1861/-1713/-2213 -1873/-1725/-2213 
s 3
f -1870/-1722/-2213 -1863/-1715/-2213 -1873/-1725/-2213 
s 4
f -1860/-1712/-2002 -1859/-1711/-2002 -1858/-1710/-2001 -1867/-1709/-2001 
s 2
f -1869/-1721/-2213 -1857/-1708/-2213 -1872/-1724/-2213 
f -1873/-1725/-2213 -1861/-1713/-2213 -1856/-1707/-2213 -1868/-1720/-2213 
f -1866/-1718/-2213 -1855/-1706/-2213 -1863/-1715/-2213 -1870/-1722/-2213 
f -1864/-1716/-2213 -1860/-1705/-2213 -1867/-1719/-2213 -1871/-1723/-2213 
f -1854/-1704/-2213 -1865/-1717/-2213 -1872/-1724/-2213 -1857/-1708/-2213 
f -1861/-1713/-2213 -1862/-1714/-2213 -1853/-1703/-2213 -1856/-1707/-2213 
s off
f -1868/-1702/-2000 -1852/-1701/-2000 -1851/-1700/-2000 -1850/-1699/-2000 
f -1856/-1698/-1999 -1849/-1697/-1999 -1852/-1701/-1999 -1868/-1702/-1999 
f -1850/-1699/-1998 -1851/-1700/-1998 -1848/-1696/-1998 -1869/-1695/-1998 
s 2
f -1868/-1720/-2213 -1850/-1694/-2213 -1869/-1721/-2213 
s 4
f -1863/-1693/-1997 -1847/-1692/-1997 -1846/-1691/-1996 -1862/-1690/-1996 
f -1866/-1689/-1995 -1867/-1709/-2001 -1858/-1710/-2001 -1845/-1688/-1995 
s 12
f -1860/-1712/-2002 -1864/-1687/-1994 -1844/-1686/-1994 -1859/-1711/-2002 
s 3
f -1843/-1725/-2169 -1842/-1722/-2169 -1841/-1723/-2169 -1840/-1724/-2169 
s 2
f -1848/-1721/-2169 -1852/-1720/-2169 -1843/-1725/-2169 -1840/-1724/-2169 
f -1858/-1719/-2169 -1841/-1723/-2169 -1842/-1722/-2169 -1845/-1718/-2169 
s 4
f -1863/-1693/-1997 -1855/-1693/-1993 -1839/-1692/-1993 -1847/-1692/-1997 
f -1865/-1685/-1992 -1854/-1684/-1991 -1838/-1683/-1991 -1837/-1682/-1992 
s 2
f -1840/-1724/-2169 -1841/-1723/-2169 -1844/-1716/-2169 -1837/-1717/-2169 
f -1836/-1713/-2169 -1846/-1714/-2169 -1847/-1715/-2169 -1843/-1725/-2169 
s 3
f -1842/-1722/-2169 -1843/-1725/-2169 -1847/-1715/-2169 
s 2
f -1848/-1721/-2169 -1840/-1724/-2169 -1835/-1708/-2169 
f -1843/-1725/-2169 -1852/-1720/-2169 -1849/-1707/-2169 -1836/-1713/-2169 
f -1845/-1718/-2169 -1842/-1722/-2169 -1847/-1715/-2169 -1839/-1706/-2169 
f -1844/-1716/-2169 -1841/-1723/-2169 -1858/-1719/-2169 -1859/-1705/-2169 
f -1838/-1704/-2169 -1835/-1708/-2169 -1840/-1724/-2169 -1837/-1717/-2169 
f -1836/-1713/-2169 -1849/-1707/-2169 -1834/-1703/-2169 -1846/-1714/-2169 
s off
f -1856/-1698/-1990 -1853/-1693/-1990 -1834/-1692/-1990 -1849/-1697/-1990 
f -1857/-1681/-1989 -1869/-1695/-1989 -1848/-1696/-1989 -1835/-1680/-1989 
f -1854/-1684/-1988 -1857/-1681/-1988 -1835/-1680/-1988 -1838/-1683/-1988 
s 2
f -1852/-1720/-2169 -1848/-1721/-2169 -1851/-1694/-2169 
s 4
f -1865/-1685/-1992 -1837/-1682/-1992 -1844/-1686/-1994 -1864/-1687/-1994 
f -1853/-1693/-1987 -1862/-1690/-1996 -1846/-1691/-1996 -1834/-1692/-1987 
s 12
f -1866/-1689/-1995 -1845/-1688/-1995 -1839/-1692/-1993 -1855/-1693/-1993 
s 15
f -1833/-1679/-1986 -1832/-1678/-1985 -1831/-1677/-1984 -1830/-1676/-1983 
s 5
f -1832/-1679/-1985 -1829/-1678/-1982 -1828/-1677/-1981 -1831/-1676/-1984 
s 7
f -1829/-1679/-1982 -1827/-1678/-1980 -1826/-1677/-1979 -1828/-1676/-1981 
s 2
f -1827/-1679/-1980 -1825/-1678/-1978 -1824/-1677/-1977 -1826/-1676/-1979 
f -1823/-1675/-1976 -1822/-1674/-1975 -1821/-1673/-1974 -1820/-1672/-1973 
f -1819/-1675/-1972 -1818/-1674/-1971 -1822/-1673/-1975 -1823/-1672/-1976 
f -1817/-1675/-1970 -1816/-1674/-1969 -1818/-1673/-1971 -1819/-1672/-1972 
f -1815/-1671/-1968 -1814/-1670/-1967 -1813/-1674/-1966 -1821/-1673/-1974 
s 6
f -1812/-1670/-1965 -1815/-1671/-1968 -1821/-1673/-1974 -1822/-1674/-1975 
s 4
f -1811/-1670/-1964 -1812/-1671/-1965 -1822/-1673/-1975 -1818/-1674/-1963 
f -1810/-1670/-1962 -1811/-1671/-1964 -1818/-1673/-1963 -1816/-1674/-1961 
s 2
f -1809/-1669/-1960 -1808/-1668/-1959 -1807/-1667/-1958 -1806/-1666/-1960 
f -1805/-1665/-1957 -1804/-1664/-1956 -1803/-1663/-1955 -1802/-1662/-1954 
f -1801/-1665/-1953 -1805/-1664/-1957 -1802/-1663/-1954 -1800/-1662/-1952 
f -1799/-1662/-1951 -1798/-1665/-1950 -1801/-1664/-1953 -1800/-1663/-1952 
s 3
f -1802/-1662/-1954 -1803/-1663/-1955 -1815/-1671/-1968 -1812/-1670/-1965 
s 7
f -1800/-1662/-1952 -1802/-1663/-1954 -1812/-1671/-1965 -1811/-1670/-1964 
f -1799/-1662/-1951 -1800/-1663/-1952 -1811/-1671/-1964 -1810/-1670/-1962 
s 2
f -1830/-1676/-1983 -1797/-1677/-1949 -1796/-1678/-1948 -1833/-1679/-1986 
f -1807/-1667/-1958 -1808/-1668/-1959 -1795/-1661/-1947 -1794/-1660/-1946 
f -1799/-1671/-1951 -1793/-1670/-1945 -1792/-1665/-1944 -1798/-1664/-1950 
s 7
f -1799/-1671/-1951 -1810/-1671/-1962 -1791/-1670/-1943 -1793/-1670/-1945 
s 2
f -1790/-1659/-2213 -1789/-1658/-2213 -1788/-1657/-2213 
f -1787/-1656/-2213 -1786/-1655/-2213 -1785/-1654/-2213 -1784/-1653/-2213 
f -1783/-1652/-2213 -1787/-1656/-2213 -1784/-1653/-2213 -1782/-1651/-2213 
f -1783/-1652/-2213 -1782/-1651/-2213 -1781/-1650/-2213 -1780/-1649/-2213 
f -1780/-1649/-2213 -1781/-1650/-2213 -1789/-1658/-2213 -1790/-1659/-2213 
s off
f -1801/-1648/-1942 -1798/-1647/-1942 -1785/-1646/-1942 -1786/-1645/-1942 
s 2
f -1779/-1644/-1941 -1778/-1643/-1940 -1777/-1642/-1939 -1776/-1641/-1938 
f -1778/-1643/-1940 -1775/-1640/-1937 -1774/-1639/-1936 -1777/-1642/-1939 
f -1775/-1640/-1937 -1773/-1638/-1935 -1772/-1637/-1934 -1774/-1639/-1936 
s off
f -1772/-1636/-1933 -1771/-1635/-1933 -1770/-1634/-1933 
s 2
f -1769/-1633/-1932 -1768/-1632/-1931 -1767/-1631/-1930 
f -1769/-1633/-1932 -1766/-1630/-1929 -1765/-1629/-1928 -1768/-1632/-1931 
f -1766/-1630/-1929 -1764/-1628/-1927 -1763/-1627/-1926 -1765/-1629/-1928 
f -1762/-1626/-1925 -1761/-1625/-1924 -1763/-1624/-1926 -1764/-1623/-1927 
s off
f -1760/-1622/-1923 -1759/-1621/-1923 -1758/-1620/-1923 
s 2
f -1770/-1634/-1922 -1757/-1619/-1921 -1776/-1618/-1938 -1772/-1636/-1934 
s off
f -1774/-1617/-1920 -1772/-1636/-1920 -1776/-1618/-1920 -1777/-1616/-1920 
s 4
f -1763/-1615/-1919 -1761/-1614/-1919 -1758/-1620/-1919 -1759/-1621/-1919 
s off
f -1765/-1613/-1918 -1763/-1615/-1918 -1759/-1621/-1918 -1768/-1612/-1918 
f -1779/-1611/-1917 -1756/-1610/-1917 -1755/-1609/-1917 -1803/-1608/-1917 
f -1778/-1643/-1916 -1779/-1644/-1916 -1803/-1607/-1916 -1804/-1606/-1916 
f -1786/-1645/-1915 -1805/-1605/-1915 -1801/-1648/-1915 
f -1775/-1640/-1914 -1778/-1643/-1914 -1804/-1606/-1914 
s 2
f -1775/-1640/-1937 -1804/-1606/-1956 -1773/-1638/-1935 
s off
f -1804/-1606/-1913 -1805/-1604/-1913 -1773/-1638/-1913 
f -1786/-1655/-2213 -1787/-1656/-2213 -1754/-1603/-2213 -1805/-1602/-2213 
f -1753/-1601/-1912 -1771/-1600/-1912 -1773/-1599/-1912 
f -1788/-1657/-1911 -1789/-1658/-1911 -1764/-1628/-1911 -1766/-1630/-1911 
f -1780/-1649/-1910 -1790/-1659/-1910 -1752/-1598/-1910 -1751/-1597/-1910 
f -1783/-1652/-1909 -1780/-1649/-1909 -1751/-1597/-1909 -1750/-1596/-1909 
f -1790/-1659/-1908 -1788/-1657/-1907 -1752/-1598/-1907 
s 4
f -1750/-1596/-1906 -1754/-1603/-1905 -1787/-1656/-1905 -1783/-1652/-1905 
s off
f -1754/-1603/-1904 -1750/-1596/-1904 -1749/-1595/-1904 -1753/-1601/-1904 
f -1772/-1637/-1903 -1773/-1638/-1903 -1771/-1594/-1903 
s 2
f -1767/-1631/-1930 -1760/-1593/-1902 -1771/-1600/-1902 -1753/-1601/-1901 
s off
f -1766/-1630/-1900 -1769/-1633/-1900 -1752/-1598/-1900 -1788/-1657/-1900 
f -1769/-1633/-1899 -1748/-1592/-1899 -1752/-1598/-1899 
f -1748/-1591/-1898 -1747/-1590/-1898 -1752/-1589/-1898 
s 2
f -1767/-1631/-1930 -1748/-1592/-1897 -1769/-1633/-1932 
s off
f -1759/-1621/-1896 -1760/-1622/-1896 -1767/-1588/-1896 
f -1747/-1590/-1895 -1748/-1591/-1895 -1767/-1588/-1895 
s 2
f -1768/-1632/-1931 -1759/-1587/-1894 -1767/-1631/-1930 
s off
f -1773/-1599/-1893 -1805/-1602/-1893 -1754/-1603/-1893 -1753/-1601/-1893 
s 2
f -1747/-1586/-1892 -1767/-1631/-1930 -1753/-1601/-1901 -1749/-1595/-1891 
s off
f -1798/-1647/-1890 -1784/-1585/-1890 -1785/-1646/-1890 
f -1782/-1584/-1889 -1784/-1583/-1889 -1746/-1582/-1889 -1745/-1581/-1889 
f -1781/-1580/-1888 -1782/-1584/-1888 -1745/-1581/-1888 -1744/-1579/-1888 
f -1789/-1578/-1887 -1781/-1580/-1887 -1744/-1579/-1887 -1743/-1577/-1887 
s 4
f -1743/-1577/-1886 -1762/-1626/-1886 -1764/-1623/-1886 -1789/-1578/-1886 
s 6
f -1742/-1675/-1885 -1820/-1672/-1973 -1821/-1673/-1974 -1813/-1674/-1966 
f -1741/-1675/-1884 -1742/-1672/-1885 -1813/-1673/-1966 -1740/-1674/-1883 
s 2
f -1739/-1675/-1882 -1741/-1672/-1884 -1740/-1673/-1883 -1738/-1674/-1881 
f -1737/-1675/-1880 -1739/-1672/-1882 -1738/-1673/-1881 -1736/-1674/-1879 
s 6
f -1735/-1670/-1878 -1740/-1674/-1883 -1813/-1673/-1966 -1814/-1671/-1967 
s 4
f -1734/-1670/-1877 -1738/-1674/-1876 -1740/-1673/-1883 -1735/-1671/-1878 
f -1791/-1670/-1943 -1736/-1674/-1875 -1738/-1673/-1876 -1734/-1671/-1877 
s 2
f -1733/-1576/-1874 -1732/-1575/-1874 -1794/-1660/-1946 -1795/-1661/-1947 
f -1731/-1665/-1873 -1730/-1662/-1872 -1755/-1663/-1871 -1729/-1664/-1870 
f -1728/-1665/-1869 -1727/-1662/-1868 -1730/-1663/-1872 -1731/-1664/-1873 
f -1793/-1662/-1945 -1727/-1663/-1868 -1728/-1664/-1869 -1792/-1665/-1944 
s 7
f -1730/-1662/-1872 -1735/-1670/-1878 -1814/-1671/-1967 -1755/-1663/-1871 
f -1727/-1662/-1868 -1734/-1670/-1877 -1735/-1671/-1878 -1730/-1663/-1872 
f -1793/-1662/-1945 -1791/-1670/-1943 -1734/-1671/-1877 -1727/-1663/-1868 
s 2
f -1816/-1673/-1969 -1817/-1672/-1970 -1737/-1675/-1880 -1736/-1674/-1879 
s 4
f -1810/-1671/-1962 -1816/-1673/-1961 -1736/-1674/-1875 -1791/-1670/-1943 
s 2
f -1726/-1659/-2169 -1725/-1657/-2169 -1743/-1658/-2169 
f -1724/-1656/-2169 -1746/-1653/-2169 -1723/-1654/-2169 -1722/-1655/-2169 
f -1721/-1652/-2169 -1745/-1651/-2169 -1746/-1653/-2169 -1724/-1656/-2169 
f -1721/-1652/-2169 -1720/-1649/-2169 -1744/-1650/-2169 -1745/-1651/-2169 
f -1720/-1649/-2169 -1726/-1659/-2169 -1743/-1658/-2169 -1744/-1650/-2169 
s off
f -1728/-1574/-1867 -1722/-1573/-1867 -1723/-1572/-1867 -1792/-1571/-1867 
s 6
f -1776/-1618/-1938 -1757/-1619/-1921 -1756/-1610/-1866 -1779/-1611/-1941 
f -1756/-1644/-1866 -1757/-1641/-1921 -1719/-1642/-1865 -1718/-1643/-1864 
s 2
f -1718/-1643/-1864 -1719/-1642/-1865 -1717/-1639/-1863 -1716/-1640/-1862 
f -1716/-1640/-1862 -1717/-1639/-1863 -1770/-1637/-1922 -1715/-1638/-1861 
f -1714/-1633/-1860 -1713/-1631/-1859 -1712/-1632/-1858 
f -1714/-1633/-1860 -1712/-1632/-1858 -1711/-1629/-1857 -1710/-1630/-1856 
f -1710/-1630/-1856 -1711/-1629/-1857 -1761/-1627/-1924 -1762/-1628/-1925 
s off
f -1717/-1570/-1855 -1719/-1569/-1855 -1757/-1619/-1855 -1770/-1634/-1855 
f -1711/-1568/-1854 -1712/-1567/-1854 -1758/-1620/-1854 -1761/-1614/-1854 
f -1718/-1643/-1853 -1729/-1606/-1853 -1755/-1607/-1853 -1756/-1644/-1853 
f -1722/-1573/-1852 -1728/-1574/-1852 -1731/-1566/-1852 
f -1716/-1640/-1851 -1729/-1606/-1851 -1718/-1643/-1851 
s 2
f -1716/-1640/-1862 -1715/-1638/-1861 -1729/-1606/-1870 
s off
f -1729/-1606/-1850 -1715/-1638/-1850 -1731/-1604/-1850 
f -1722/-1655/-2169 -1731/-1602/-2169 -1709/-1603/-2169 -1724/-1656/-2169 
f -1708/-1601/-1849 -1715/-1599/-1849 -1771/-1600/-1849 
f -1725/-1657/-1848 -1710/-1630/-1848 -1762/-1628/-1848 -1743/-1658/-1848 
f -1720/-1649/-1847 -1751/-1597/-1847 -1752/-1598/-1847 -1726/-1659/-1847 
f -1721/-1652/-1846 -1750/-1596/-1846 -1751/-1597/-1846 -1720/-1649/-1846 
f -1726/-1659/-1845 -1752/-1598/-1844 -1725/-1657/-1844 
s 4
f -1750/-1596/-1906 -1721/-1652/-1843 -1724/-1656/-1842 -1709/-1603/-1842 
s off
f -1709/-1603/-1841 -1708/-1601/-1841 -1749/-1595/-1841 -1750/-1596/-1841 
f -1770/-1637/-1840 -1771/-1594/-1840 -1715/-1638/-1840 
s 2
f -1713/-1631/-1859 -1708/-1601/-1839 -1771/-1600/-1902 -1760/-1593/-1902 
s off
f -1710/-1630/-1838 -1725/-1657/-1838 -1752/-1598/-1838 -1714/-1633/-1838 
f -1714/-1633/-1837 -1752/-1598/-1837 -1707/-1592/-1837 
f -1707/-1565/-1836 -1752/-1589/-1836 -1747/-1590/-1836 
s 2
f -1713/-1631/-1859 -1714/-1633/-1860 -1707/-1592/-1835 
s off
f -1758/-1620/-1834 -1713/-1564/-1834 -1760/-1622/-1834 
f -1747/-1590/-1833 -1713/-1564/-1833 -1707/-1565/-1833 
s 2
f -1712/-1632/-1858 -1713/-1631/-1859 -1758/-1587/-1832 
s off
f -1715/-1599/-1831 -1708/-1601/-1831 -1709/-1603/-1831 -1731/-1602/-1831 
s 2
f -1747/-1586/-1892 -1749/-1595/-1891 -1708/-1601/-1839 -1713/-1631/-1859 
s 4
f -1808/-1563/-1959 -1809/-1562/-1830 -1832/-1678/-1985 -1833/-1679/-1986 
s 12
f -1823/-1675/-1829 -1820/-1672/-1973 -1830/-1676/-1983 -1831/-1677/-1984 
s 4
f -1809/-1563/-1830 -1806/-1562/-1828 -1829/-1678/-1982 -1832/-1679/-1985 
f -1819/-1675/-1827 -1823/-1672/-1829 -1831/-1676/-1984 -1828/-1677/-1981 
f -1806/-1563/-1828 -1807/-1562/-1958 -1827/-1678/-1980 -1829/-1679/-1982 
f -1817/-1675/-1970 -1819/-1672/-1827 -1828/-1676/-1981 -1826/-1677/-1979 
s 6
f -1827/-1679/-1980 -1807/-1563/-1958 -1794/-1562/-1946 -1825/-1678/-1978 
f -1737/-1675/-1880 -1817/-1672/-1970 -1826/-1676/-1979 -1824/-1677/-1977 
s 10
f -1830/-1676/-1983 -1820/-1672/-1973 -1742/-1675/-1885 -1797/-1677/-1949 
s 6
f -1795/-1562/-1947 -1808/-1563/-1959 -1833/-1679/-1986 -1796/-1678/-1948 
s 4
f -1733/-1562/-1826 -1795/-1563/-1947 -1796/-1679/-1948 -1706/-1678/-1825 
s 8
f -1742/-1672/-1885 -1741/-1675/-1884 -1705/-1677/-1824 -1797/-1676/-1949 
s 4
f -1732/-1575/-1823 -1733/-1576/-1826 -1706/-1561/-1825 -1704/-1560/-1822 
s 12
f -1741/-1672/-1884 -1739/-1675/-1821 -1703/-1562/-1820 -1705/-1563/-1824 
s 4
f -1794/-1660/-1946 -1732/-1575/-1823 -1704/-1560/-1822 -1825/-1559/-1978 
f -1739/-1672/-1821 -1737/-1675/-1880 -1824/-1562/-1977 -1703/-1563/-1820 
s 2
f -1702/-1679/-1986 -1701/-1678/-1819 -1700/-1677/-1818 -1699/-1676/-1983 
f -1698/-1679/-1817 -1697/-1678/-1816 -1696/-1677/-1815 -1695/-1676/-1814 
f -1694/-1675/-1813 -1693/-1674/-1812 -1692/-1673/-1811 -1691/-1672/-1973 
f -1690/-1675/-1972 -1689/-1674/-1971 -1693/-1673/-1812 -1694/-1672/-1813 
f -1688/-1675/-1970 -1687/-1674/-1969 -1689/-1673/-1971 -1690/-1672/-1972 
s 6
f -1686/-1670/-1810 -1685/-1671/-1809 -1692/-1673/-1811 -1693/-1674/-1812 
s 4
f -1684/-1670/-1808 -1686/-1671/-1810 -1693/-1673/-1812 -1689/-1674/-1807 
f -1683/-1670/-1806 -1684/-1671/-1808 -1689/-1673/-1807 -1687/-1674/-1805 
s 2
f -1682/-1558/-1804 -1681/-1557/-1803 -1680/-1556/-1958 -1679/-1555/-1960 
f -1678/-1665/-1957 -1677/-1664/-1802 -1676/-1663/-1801 -1675/-1662/-1800 
f -1674/-1665/-1799 -1678/-1664/-1957 -1675/-1663/-1800 -1673/-1662/-1798 
f -1672/-1665/-1797 -1674/-1664/-1799 -1673/-1663/-1798 -1671/-1662/-1796 
f -1685/-1671/-1809 -1670/-1670/-1795 -1669/-1674/-1794 -1692/-1673/-1811 
s 7
f -1675/-1662/-1800 -1676/-1663/-1801 -1685/-1671/-1809 -1686/-1670/-1810 
f -1673/-1662/-1798 -1675/-1663/-1800 -1686/-1671/-1810 -1684/-1670/-1808 
f -1671/-1662/-1796 -1673/-1663/-1798 -1684/-1671/-1808 -1683/-1670/-1806 
f -1699/-1676/-1983 -1668/-1677/-1793 -1667/-1678/-1792 -1702/-1679/-1986 
s 2
f -1680/-1556/-1958 -1681/-1557/-1803 -1666/-1554/-1791 -1665/-1553/-1946 
f -1672/-1664/-1797 -1671/-1671/-1796 -1664/-1670/-1790 -1663/-1665/-1789 
s 7
f -1671/-1671/-1796 -1683/-1671/-1806 -1662/-1670/-1788 -1664/-1670/-1790 
s 2
f -1661/-1659/-2213 -1660/-1658/-2213 -1659/-1657/-2213 
f -1658/-1656/-2213 -1657/-1655/-2213 -1656/-1654/-2213 -1655/-1653/-2213 
f -1654/-1652/-2213 -1658/-1656/-2213 -1655/-1653/-2213 -1653/-1651/-2213 
f -1654/-1652/-2213 -1653/-1651/-2213 -1652/-1650/-2213 -1651/-1649/-2213 
f -1651/-1649/-2213 -1652/-1650/-2213 -1660/-1658/-2213 -1661/-1659/-2213 
s off
f -1674/-1648/-1787 -1672/-1647/-1787 -1656/-1646/-1787 -1657/-1645/-1787 
s 2
f -1650/-1644/-1786 -1649/-1643/-1940 -1648/-1642/-1939 -1647/-1641/-1938 
f -1649/-1643/-1940 -1646/-1640/-1937 -1645/-1639/-1936 -1648/-1642/-1939 
f -1646/-1640/-1937 -1644/-1638/-1785 -1643/-1637/-1784 -1645/-1639/-1936 
s off
f -1643/-1636/-1783 -1642/-1635/-1783 -1641/-1634/-1783 
s 2
f -1640/-1633/-1932 -1639/-1632/-1782 -1638/-1631/-1930 
f -1640/-1633/-1932 -1637/-1630/-1781 -1636/-1629/-1780 -1639/-1632/-1782 
f -1637/-1630/-1781 -1635/-1628/-1779 -1634/-1627/-1778 -1636/-1629/-1780 
f -1633/-1626/-1925 -1632/-1625/-1924 -1634/-1624/-1778 -1635/-1623/-1779 
s off
f -1631/-1622/-1923 -1630/-1621/-1923 -1629/-1620/-1923 
s 2
f -1641/-1634/-1922 -1628/-1619/-1777 -1647/-1618/-1938 -1643/-1636/-1784 
s off
f -1645/-1617/-1920 -1643/-1636/-1920 -1647/-1618/-1920 -1648/-1616/-1920 
s 4
f -1634/-1615/-1919 -1632/-1614/-1919 -1629/-1620/-1919 -1630/-1621/-1919 
s off
f -1636/-1613/-1918 -1634/-1615/-1918 -1630/-1621/-1918 -1639/-1612/-1918 
f -1650/-1611/-1917 -1627/-1610/-1917 -1626/-1609/-1917 -1676/-1608/-1917 
f -1649/-1643/-1916 -1650/-1644/-1916 -1676/-1607/-1916 -1677/-1606/-1916 
f -1657/-1645/-1915 -1678/-1605/-1915 -1674/-1648/-1915 
f -1646/-1640/-1914 -1649/-1643/-1914 -1677/-1606/-1914 
s 2
f -1646/-1640/-1937 -1677/-1606/-1802 -1644/-1638/-1785 
s off
f -1677/-1606/-1913 -1678/-1604/-1913 -1644/-1638/-1913 
f -1657/-1655/-2213 -1658/-1656/-2213 -1625/-1603/-2213 -1678/-1602/-2213 
f -1624/-1601/-1912 -1642/-1600/-1912 -1644/-1599/-1912 
f -1659/-1657/-1776 -1660/-1658/-1776 -1635/-1628/-1776 -1637/-1630/-1776 
f -1651/-1649/-1910 -1661/-1659/-1910 -1623/-1598/-1910 -1622/-1597/-1910 
f -1654/-1652/-1909 -1651/-1649/-1909 -1622/-1597/-1909 -1621/-1596/-1909 
f -1661/-1659/-1908 -1659/-1657/-1907 -1623/-1598/-1907 
s 4
f -1621/-1596/-1906 -1625/-1603/-1905 -1658/-1656/-1905 -1654/-1652/-1905 
s off
f -1625/-1603/-1904 -1621/-1596/-1904 -1620/-1595/-1904 -1624/-1601/-1904 
f -1643/-1637/-1903 -1644/-1638/-1903 -1642/-1594/-1903 
s 2
f -1638/-1631/-1930 -1631/-1593/-1775 -1642/-1600/-1775 -1624/-1601/-1901 
s off
f -1637/-1630/-1900 -1640/-1633/-1900 -1623/-1598/-1900 -1659/-1657/-1900 
f -1640/-1633/-1774 -1619/-1592/-1774 -1623/-1598/-1774 
f -1619/-1591/-1898 -1618/-1590/-1898 -1623/-1589/-1898 
s 2
f -1638/-1631/-1930 -1619/-1592/-1773 -1640/-1633/-1932 
s off
f -1630/-1621/-1896 -1631/-1622/-1896 -1638/-1588/-1896 
f -1618/-1590/-1895 -1619/-1591/-1895 -1638/-1588/-1895 
s 2
f -1639/-1632/-1782 -1630/-1587/-1894 -1638/-1631/-1930 
s off
f -1644/-1599/-1893 -1678/-1602/-1893 -1625/-1603/-1893 -1624/-1601/-1893 
s 2
f -1618/-1586/-1892 -1638/-1631/-1930 -1624/-1601/-1901 -1620/-1595/-1892 
s off
f -1672/-1647/-1890 -1655/-1585/-1890 -1656/-1646/-1890 
f -1653/-1584/-1889 -1655/-1583/-1889 -1617/-1582/-1889 -1616/-1581/-1889 
f -1652/-1580/-1888 -1653/-1584/-1888 -1616/-1581/-1888 -1615/-1579/-1888 
f -1660/-1578/-1887 -1652/-1580/-1887 -1615/-1579/-1887 -1614/-1577/-1887 
s 4
f -1614/-1577/-1886 -1633/-1626/-1886 -1635/-1623/-1886 -1660/-1578/-1886 
s 13
f -1613/-1678/-1772 -1667/-1679/-1792 -1668/-1676/-1793 -1612/-1677/-1771 
f -1611/-1678/-1770 -1613/-1679/-1772 -1612/-1552/-1771 -1610/-1551/-1769 
s 7
f -1697/-1678/-1816 -1611/-1679/-1770 -1610/-1676/-1769 -1696/-1677/-1815 
s 6
f -1609/-1675/-1768 -1691/-1672/-1973 -1692/-1673/-1811 -1669/-1674/-1794 
f -1608/-1675/-1767 -1609/-1672/-1768 -1669/-1673/-1794 -1607/-1674/-1766 
s 2
f -1606/-1675/-1765 -1608/-1672/-1767 -1607/-1673/-1766 -1605/-1674/-1764 
f -1604/-1675/-1763 -1606/-1672/-1765 -1605/-1673/-1764 -1603/-1674/-1762 
s 6
f -1602/-1670/-1761 -1607/-1674/-1766 -1669/-1673/-1794 -1670/-1671/-1795 
s 4
f -1601/-1670/-1760 -1605/-1674/-1759 -1607/-1673/-1766 -1602/-1671/-1761 
f -1662/-1670/-1788 -1603/-1674/-1758 -1605/-1673/-1759 -1601/-1671/-1760 
s 2
f -1600/-1550/-1874 -1599/-1549/-1874 -1665/-1553/-1946 -1666/-1554/-1791 
f -1598/-1665/-1757 -1597/-1662/-1756 -1626/-1663/-1755 -1596/-1664/-1754 
f -1595/-1665/-1753 -1594/-1662/-1752 -1597/-1663/-1756 -1598/-1664/-1757 
f -1594/-1663/-1752 -1595/-1664/-1753 -1663/-1665/-1789 -1664/-1662/-1790 
s 7
f -1597/-1662/-1756 -1602/-1670/-1761 -1670/-1671/-1795 -1626/-1663/-1755 
f -1594/-1662/-1752 -1601/-1670/-1760 -1602/-1671/-1761 -1597/-1663/-1756 
f -1664/-1662/-1790 -1662/-1670/-1788 -1601/-1671/-1760 -1594/-1663/-1752 
s 2
f -1687/-1673/-1969 -1688/-1672/-1970 -1604/-1675/-1763 -1603/-1674/-1762 
s 4
f -1683/-1671/-1806 -1687/-1673/-1805 -1603/-1674/-1758 -1662/-1670/-1788 
s 2
f -1593/-1659/-2169 -1592/-1657/-2169 -1614/-1658/-2169 
f -1591/-1656/-2169 -1617/-1653/-2169 -1590/-1654/-2169 -1589/-1655/-2169 
f -1588/-1652/-2169 -1616/-1651/-2169 -1617/-1653/-2169 -1591/-1656/-2169 
f -1588/-1652/-2169 -1587/-1649/-2169 -1615/-1650/-2169 -1616/-1651/-2169 
f -1587/-1649/-2169 -1593/-1659/-2169 -1614/-1658/-2169 -1615/-1650/-2169 
s off
f -1595/-1574/-1751 -1589/-1573/-1750 -1590/-1572/-1750 -1663/-1571/-1750 
s 6
f -1647/-1618/-1938 -1628/-1619/-1777 -1627/-1610/-1749 -1650/-1611/-1786 
f -1627/-1644/-1749 -1628/-1641/-1777 -1586/-1642/-1748 -1585/-1643/-1747 
s 2
f -1585/-1643/-1747 -1586/-1642/-1748 -1584/-1639/-1863 -1583/-1640/-1862 
f -1583/-1640/-1862 -1584/-1639/-1863 -1641/-1637/-1922 -1582/-1638/-1746 
f -1581/-1633/-1745 -1580/-1631/-1744 -1579/-1632/-1743 
f -1581/-1633/-1745 -1579/-1632/-1743 -1578/-1629/-1857 -1577/-1630/-1856 
f -1577/-1630/-1856 -1578/-1629/-1857 -1632/-1627/-1924 -1633/-1628/-1925 
s off
f -1584/-1570/-1855 -1586/-1569/-1855 -1628/-1619/-1855 -1641/-1634/-1855 
f -1578/-1568/-1854 -1579/-1567/-1854 -1629/-1620/-1854 -1632/-1614/-1854 
f -1585/-1643/-1742 -1596/-1606/-1742 -1626/-1607/-1742 -1627/-1644/-1742 
f -1589/-1573/-1741 -1595/-1574/-1741 -1598/-1566/-1741 
f -1583/-1640/-1740 -1596/-1606/-1740 -1585/-1643/-1740 
s 2
f -1583/-1640/-1862 -1582/-1638/-1746 -1596/-1606/-1754 
s off
f -1596/-1606/-1850 -1582/-1638/-1850 -1598/-1604/-1850 
f -1589/-1655/-2169 -1598/-1602/-2169 -1576/-1603/-2169 -1591/-1656/-2169 
f -1575/-1601/-1849 -1582/-1599/-1849 -1642/-1600/-1849 
f -1592/-1657/-1848 -1577/-1630/-1848 -1633/-1628/-1848 -1614/-1658/-1848 
f -1587/-1649/-1847 -1622/-1597/-1847 -1623/-1598/-1847 -1593/-1659/-1847 
f -1588/-1652/-1846 -1621/-1596/-1846 -1622/-1597/-1846 -1587/-1649/-1846 
f -1593/-1659/-1845 -1623/-1598/-1844 -1592/-1657/-1844 
s 4
f -1621/-1596/-1906 -1588/-1652/-1843 -1591/-1656/-1842 -1576/-1603/-1842 
s off
f -1576/-1603/-1841 -1575/-1601/-1841 -1620/-1595/-1841 -1621/-1596/-1841 
f -1641/-1637/-1739 -1642/-1594/-1739 -1582/-1638/-1739 
s 2
f -1580/-1631/-1744 -1575/-1601/-1738 -1642/-1600/-1775 -1631/-1593/-1775 
s off
f -1577/-1630/-1838 -1592/-1657/-1838 -1623/-1598/-1838 -1581/-1633/-1838 
f -1581/-1633/-1737 -1623/-1598/-1737 -1574/-1592/-1737 
f -1574/-1565/-1736 -1623/-1589/-1736 -1618/-1590/-1736 
s 2
f -1580/-1631/-1744 -1581/-1633/-1745 -1574/-1592/-1735 
s off
f -1629/-1620/-1734 -1580/-1564/-1734 -1631/-1622/-1734 
f -1618/-1590/-1733 -1580/-1564/-1733 -1574/-1565/-1733 
s 2
f -1579/-1632/-1743 -1580/-1631/-1744 -1629/-1587/-1732 
s off
f -1582/-1599/-1831 -1575/-1601/-1831 -1576/-1603/-1831 -1598/-1602/-1831 
s 2
f -1618/-1586/-1892 -1620/-1595/-1892 -1575/-1601/-1738 -1580/-1631/-1744 
s 6
f -1681/-1563/-1803 -1682/-1562/-1804 -1701/-1678/-1819 -1702/-1679/-1986 
s 10
f -1694/-1675/-1813 -1691/-1672/-1973 -1699/-1676/-1983 -1700/-1677/-1818 
s 4
f -1682/-1558/-1804 -1679/-1555/-1828 -1573/-1548/-1731 -1701/-1547/-1819 
f -1690/-1675/-1827 -1694/-1672/-2213 -1700/-1563/-2213 -1572/-1562/-1730 
f -1679/-1555/-1828 -1680/-1556/-1958 -1698/-1546/-1817 -1573/-1548/-1731 
f -1688/-1675/-1970 -1690/-1672/-1827 -1572/-1563/-1730 -1695/-1562/-1814 
s 7
f -1698/-1679/-1817 -1680/-1563/-1958 -1665/-1562/-1946 -1697/-1678/-1816 
s 6
f -1604/-1675/-1763 -1688/-1672/-1970 -1695/-1676/-1814 -1696/-1677/-1815 
s 9
f -1699/-1676/-1983 -1691/-1672/-1973 -1609/-1675/-1729 -1668/-1677/-1793 
s 4
f -1666/-1562/-1728 -1681/-1563/-1803 -1702/-1679/-1986 -1667/-1678/-1792 
f -1600/-1562/-1826 -1666/-1563/-1728 -1667/-1679/-1792 -1613/-1678/-1772 
s 8
f -1609/-1672/-1729 -1608/-1675/-1767 -1612/-1677/-1771 -1668/-1676/-1793 
s 4
f -1599/-1562/-1727 -1600/-1563/-1826 -1613/-1679/-1772 -1611/-1678/-1770 
s 12
f -1608/-1672/-1767 -1606/-1675/-1821 -1610/-1551/-1769 -1612/-1552/-1771 
s 4
f -1665/-1562/-1946 -1599/-1563/-1727 -1611/-1679/-1770 -1697/-1678/-1816 
f -1606/-1672/-1821 -1604/-1675/-1763 -1696/-1677/-1815 -1610/-1676/-1769 
s 3
f -1571/-1545/-1726 -1570/-1544/-1725 -1569/-1543/-1724 -1568/-1542/-1723 
s 2
f -1571/-1544/-1726 -1568/-1543/-1723 -1567/-1542/-1722 -1566/-1545/-1721 
s off
f -1565/-1541/-1720 -1564/-1540/-1720 -1563/-1539/-1720 
s 2
f -1562/-1538/-1719 -1561/-1537/-1718 -1560/-1536/-1717 
s 6
f -1562/-1535/-1719 -1559/-1534/-1716 -1570/-1544/-1725 -1571/-1545/-1726 
f -1561/-1535/-1718 -1562/-1534/-1719 -1571/-1544/-1726 -1566/-1545/-1721 
s 2
f -1568/-1543/-1723 -1565/-1533/-1715 -1563/-1532/-1714 -1567/-1542/-1722 
s 4
f -1560/-1536/-1717 -1561/-1537/-1718 -1566/-1531/-1721 -1558/-1530/-1713 
s 2
f -1563/-1529/-1714 -1564/-1528/-1712 -1557/-1527/-1711 -1567/-1526/-1722 
f -1564/-1532/-1712 -1556/-1533/-1710 -1555/-1543/-1709 -1557/-1542/-1711 
f -1554/-1542/-1708 -1553/-1545/-1707 -1552/-1544/-1706 -1551/-1543/-1705 
s 7
f -1553/-1545/-1707 -1554/-1542/-1708 -1550/-1543/-1704 -1549/-1544/-1703 
s 2
f -1548/-1525/-1702 -1547/-1524/-1701 -1546/-1523/-1700 
f -1545/-1540/-1699 -1544/-1539/-1698 -1543/-1541/-1697 
s 6
f -1548/-1535/-1702 -1542/-1534/-1696 -1541/-1544/-1695 -1540/-1545/-1694 
s 4
f -1539/-1526/-1693 -1543/-1529/-1697 -1544/-1528/-1698 -1551/-1527/-1705 
f -1552/-1522/-1706 -1547/-1524/-1701 -1548/-1525/-1702 -1540/-1521/-1694 
s 6
f -1544/-1533/-1698 -1545/-1532/-1699 -1554/-1542/-1708 -1551/-1543/-1705 
f -1553/-1545/-1707 -1546/-1535/-1700 -1547/-1534/-1701 -1552/-1544/-1706 
f -1545/-1532/-1699 -1538/-1533/-1692 -1550/-1543/-1704 -1554/-1542/-1708 
s off
f -1537/-1520/-1691 -1536/-1519/-1691 -1566/-1518/-1691 -1567/-1517/-1691 
f -1558/-1516/-1690 -1535/-1515/-1690 -1534/-1514/-1690 
f -1535/-1513/-1689 -1558/-1530/-1689 -1566/-1531/-1689 -1533/-1512/-1689 
f -1537/-1520/-1688 -1567/-1517/-1688 -1557/-1511/-1688 -1532/-1510/-1688 
f -1539/-1509/-1687 -1531/-1508/-1687 -1530/-1507/-1687 -1540/-1506/-1687 
f -1552/-1505/-1686 -1529/-1504/-1686 -1528/-1503/-1686 
f -1531/-1508/-1685 -1539/-1509/-1685 -1551/-1502/-1685 -1527/-1501/-1685 
f -1529/-1500/-1684 -1552/-1522/-1684 -1540/-1521/-1684 -1526/-1499/-1684 
f -1536/-1519/-1683 -1533/-1498/-1682 -1566/-1518/-1682 
f -1532/-1510/-1681 -1557/-1511/-1681 -1558/-1516/-1681 -1534/-1514/-1681 
f -1530/-1507/-1680 -1526/-1497/-1680 -1540/-1506/-1680 
f -1528/-1503/-1679 -1527/-1501/-1679 -1551/-1502/-1679 -1552/-1505/-1679 
s 2
f -1536/-1496/-1678 -1534/-1495/-1677 -1535/-1513/-1678 -1533/-1512/-1678 
f -1526/-1499/-1676 -1530/-1494/-1675 -1528/-1493/-1674 -1529/-1500/-1674 
f -1532/-1510/-1673 -1534/-1514/-1677 -1530/-1507/-1675 -1531/-1508/-1673 
s 6
f -1558/-1545/-1713 -1557/-1542/-1711 -1555/-1543/-1709 -1525/-1544/-1672 
s 4
f -1564/-1540/-1671 -1565/-1541/-1671 -1524/-1492/-1670 -1556/-1491/-1670 
s 6
f -1562/-1538/-1719 -1560/-1536/-1717 -1523/-1490/-1669 -1559/-1489/-1716 
s 2
f -1565/-1532/-1715 -1568/-1542/-1723 -1569/-1543/-1724 -1524/-1533/-1668 
s 12
f -1560/-1535/-1717 -1558/-1545/-1713 -1525/-1544/-1672 -1523/-1534/-1669 
s 2
f -1539/-1542/-1667 -1540/-1545/-1694 -1541/-1544/-1695 -1522/-1543/-1666 
s 6
f -1548/-1525/-1702 -1546/-1523/-1700 -1521/-1488/-1665 -1542/-1487/-1696 
f -1545/-1540/-1699 -1543/-1541/-1697 -1520/-1492/-1664 -1538/-1491/-1692 
s 10
f -1543/-1532/-1697 -1539/-1542/-1667 -1522/-1543/-1666 -1520/-1533/-1664 
s 12
f -1546/-1535/-1700 -1553/-1545/-1707 -1549/-1544/-1703 -1521/-1534/-1665 
s 7
f -1519/-1544/-1663 -1518/-1543/-1662 -1569/-1542/-1724 -1570/-1545/-1725 
s 2
f -1519/-1544/-1663 -1517/-1545/-1661 -1516/-1542/-1660 -1518/-1543/-1662 
s off
f -1515/-1486/-1659 -1514/-1485/-1659 -1513/-1484/-1659 
s 2
f -1512/-1483/-1658 -1511/-1482/-1657 -1510/-1481/-1656 
s 6
f -1512/-1534/-1658 -1519/-1544/-1663 -1570/-1545/-1725 -1559/-1535/-1716 
f -1519/-1544/-1663 -1512/-1534/-1658 -1510/-1535/-1656 -1517/-1545/-1661 
s 2
f -1518/-1543/-1662 -1516/-1542/-1660 -1514/-1532/-1655 -1515/-1533/-1654 
s 4
f -1511/-1482/-1657 -1509/-1480/-1653 -1517/-1479/-1661 -1510/-1481/-1656 
s 2
f -1514/-1529/-1655 -1516/-1526/-1660 -1508/-1527/-1652 -1513/-1528/-1651 
f -1555/-1542/-1709 -1556/-1532/-1710 -1513/-1533/-1651 -1508/-1543/-1652 
f -1507/-1542/-1650 -1506/-1543/-1649 -1505/-1544/-1648 -1504/-1545/-1647 
s 7
f -1504/-1544/-1647 -1549/-1545/-1703 -1550/-1542/-1704 -1507/-1543/-1650 
s 2
f -1503/-1478/-1646 -1502/-1477/-1645 -1501/-1476/-1644 
f -1500/-1484/-1643 -1499/-1486/-1642 -1498/-1485/-1641 
f -1541/-1545/-1695 -1542/-1535/-1696 -1503/-1534/-1646 -1497/-1544/-1640 
s 4
f -1496/-1526/-1639 -1506/-1527/-1649 -1498/-1528/-1641 -1499/-1529/-1642 
f -1505/-1475/-1648 -1497/-1474/-1640 -1503/-1478/-1646 -1501/-1476/-1644 
s 6
f -1507/-1542/-1650 -1500/-1532/-1643 -1498/-1533/-1641 -1506/-1543/-1649 
f -1504/-1545/-1647 -1505/-1544/-1648 -1501/-1534/-1644 -1502/-1535/-1645 
f -1500/-1533/-1643 -1507/-1543/-1650 -1550/-1542/-1704 -1538/-1532/-1692 
s off
f -1495/-1520/-1638 -1516/-1517/-1638 -1517/-1518/-1638 -1494/-1519/-1638 
f -1509/-1516/-1637 -1493/-1514/-1637 -1492/-1515/-1637 
f -1492/-1473/-1636 -1491/-1472/-1636 -1517/-1479/-1636 -1509/-1480/-1636 
f -1495/-1520/-1635 -1490/-1510/-1635 -1508/-1511/-1635 -1516/-1517/-1635 
f -1496/-1509/-1634 -1497/-1506/-1634 -1489/-1507/-1634 -1488/-1508/-1634 
f -1505/-1505/-1633 -1487/-1503/-1633 -1486/-1504/-1633 
f -1488/-1508/-1632 -1485/-1501/-1632 -1506/-1502/-1632 -1496/-1509/-1632 
f -1486/-1471/-1631 -1484/-1470/-1631 -1497/-1474/-1631 -1505/-1475/-1631 
f -1494/-1519/-1630 -1517/-1518/-1630 -1491/-1498/-1630 
f -1490/-1510/-1629 -1493/-1514/-1628 -1509/-1516/-1629 -1508/-1511/-1629 
f -1489/-1507/-1627 -1497/-1506/-1626 -1484/-1497/-1627 
f -1487/-1503/-1625 -1505/-1505/-1625 -1506/-1502/-1625 -1485/-1501/-1625 
s 2
f -1494/-1469/-1624 -1491/-1472/-1624 -1492/-1473/-1624 -1493/-1468/-1623 
f -1484/-1470/-1622 -1486/-1471/-1622 -1487/-1467/-1622 -1489/-1466/-1621 
f -1490/-1510/-1620 -1488/-1508/-1620 -1489/-1507/-1621 -1493/-1514/-1623 
f -1509/-1544/-1619 -1525/-1545/-1672 -1555/-1542/-1709 -1508/-1543/-1652 
s 4
f -1513/-1484/-1618 -1556/-1491/-1670 -1524/-1492/-1670 -1515/-1486/-1618 
s 6
f -1512/-1483/-1658 -1559/-1489/-1716 -1523/-1490/-1669 -1511/-1482/-1657 
s 2
f -1515/-1533/-1654 -1524/-1532/-1668 -1569/-1542/-1724 -1518/-1543/-1662 
s 11
f -1525/-1545/-1672 -1509/-1544/-1619 -1511/-1534/-1657 -1523/-1535/-1669 
s 6
f -1496/-1543/-1639 -1522/-1542/-1666 -1541/-1545/-1695 -1497/-1544/-1640 
f -1503/-1478/-1646 -1542/-1487/-1696 -1521/-1488/-1665 -1502/-1477/-1645 
f -1500/-1484/-1643 -1538/-1491/-1692 -1520/-1492/-1664 -1499/-1486/-1642 
s 12
f -1522/-1542/-1666 -1496/-1543/-1639 -1499/-1533/-1642 -1520/-1532/-1664 
f -1502/-1534/-1645 -1521/-1535/-1665 -1549/-1545/-1703 -1504/-1544/-1647 
s off
f -1530/-1494/-1617 -1534/-1495/-1617 -1704/-1560/-1617 -1706/-1561/-1617 
f -1532/-1510/-1616 -1531/-1508/-1616 -1705/-1465/-1616 -1703/-1464/-1616 
f -1536/-1519/-1615 -1537/-1520/-1615 -1824/-1463/-1614 -1825/-1462/-1615 
f -1537/-1520/-1613 -1532/-1510/-1613 -1703/-1464/-1613 -1824/-1463/-1613 
f -1534/-1495/-1612 -1536/-1496/-1612 -1825/-1559/-1612 -1704/-1560/-1612 
s 16
f -1796/-1679/-1611 -1797/-1676/-1610 -1705/-1677/-1611 -1706/-1678/-1611 
s off
f -1527/-1501/-1609 -1705/-1465/-1609 -1531/-1508/-1609 
f -1527/-1501/-1608 -1528/-1503/-1608 -1706/-1461/-1608 -1705/-1465/-1608 
f -1528/-1493/-1607 -1530/-1494/-1607 -1706/-1561/-1607 
f -1495/-1520/-1606 -1494/-1519/-1606 -1698/-1462/-1606 -1695/-1463/-1606 
f -1490/-1510/-1605 -1495/-1520/-1605 -1695/-1463/-1605 -1572/-1464/-1605 
f -1485/-1501/-1604 -1488/-1508/-1604 -1700/-1465/-1604 
f -1487/-1503/-1603 -1485/-1501/-1603 -1700/-1465/-1603 -1701/-1461/-1603 
f -1494/-1469/-1602 -1493/-1468/-1602 -1573/-1548/-1602 -1698/-1546/-1602 
f -1489/-1466/-1601 -1487/-1467/-1601 -1701/-1547/-1601 
f -1493/-1468/-1600 -1489/-1466/-1600 -1701/-1547/-1600 -1573/-1548/-1600 
f -1488/-1508/-1599 -1490/-1510/-1599 -1572/-1464/-1599 -1700/-1465/-1599 
s 2
f -1815/-1671/-1968 -1803/-1664/-1955 -1755/-1665/-1871 -1814/-1670/-1967 
s off
f -1792/-1571/-1598 -1723/-1572/-1598 -1746/-1460/-1598 
f -1798/-1647/-1597 -1792/-1571/-1597 -1746/-1460/-1597 -1784/-1585/-1597 
f -1672/-1647/-1597 -1663/-1571/-1597 -1617/-1460/-1597 -1655/-1585/-1597 
f -1663/-1571/-1598 -1590/-1572/-1598 -1617/-1460/-1598 
s 2
f -1685/-1671/-1809 -1676/-1664/-1801 -1626/-1665/-1755 -1670/-1670/-1795 
f -1483/-1459/-1596 -1482/-1458/-1595 -1481/-1457/-1594 
f -1480/-1456/-1593 -1479/-1455/-1592 -1478/-1454/-1591 
f -1480/-1456/-1593 -1478/-1454/-1591 -1477/-1453/-1590 
f -1480/-1456/-1593 -1477/-1453/-1590 -1482/-1458/-1595 
s 5
f -1476/-1452/-1589 -1475/-1451/-1588 -1474/-1450/-1587 
s 2
f -1483/-1459/-1596 -1480/-1456/-1593 -1482/-1458/-1595 
s 1
f -1473/-1449/-1586 -1476/-1452/-1589 -1472/-1448/-2213 -1471/-1447/-1585 
f -1472/-1448/-2213 -1470/-1446/-2213 -1469/-1445/-1584 -1471/-1447/-1585 
s 2
f -1468/-1444/-1583 -1467/-1443/-1582 -1479/-1455/-1592 -1466/-1442/-1581 
s 1
f -1465/-1441/-1580 -1464/-1440/-1579 -1471/-1447/-1585 -1469/-1445/-1584 
s 5
f -1463/-1439/-1578 -1462/-1438/-1577 -1481/-1457/-1576 -1461/-1437/-1575 
s 1
f -1464/-1440/-1579 -1460/-1436/-1574 -1473/-1449/-1586 -1471/-1447/-1585 
f -1460/-1436/-1574 -1459/-1435/-1573 -1475/-1451/-1588 -1473/-1449/-1586 
s 5
f -1459/-1435/-1573 -1463/-1439/-1578 -1461/-1437/-1575 -1475/-1451/-1588 
s 1
f -1465/-1441/-1580 -1458/-1434/-1572 -1457/-1433/-1571 -1464/-1440/-1579 
f -1456/-1432/-1570 -1455/-1431/-1569 -1462/-1438/-1577 -1463/-1439/-1578 
f -1464/-1440/-1579 -1457/-1433/-1571 -1454/-1430/-1568 -1460/-1436/-1574 
f -1460/-1436/-1574 -1454/-1430/-1568 -1453/-1429/-1567 -1459/-1435/-1573 
f -1459/-1435/-1573 -1453/-1429/-1567 -1456/-1432/-1570 -1463/-1439/-1578 
s 4
f -1452/-1428/-1566 -1478/-1454/-1565 -1479/-1455/-1592 -1451/-1427/-1564 
f -1450/-1426/-1563 -1477/-1453/-1562 -1478/-1454/-1565 -1452/-1428/-1566 
f -1477/-1453/-1562 -1450/-1426/-1563 -1474/-1450/-1587 
f -1482/-1458/-1561 -1475/-1451/-1588 -1461/-1437/-1575 
f -1482/-1458/-1561 -1461/-1437/-1575 -1481/-1457/-1576 
s 7
f -1467/-1443/-1582 -1451/-1427/-1564 -1479/-1455/-1592 
s 2
f -1466/-1442/-1581 -1449/-1425/-1560 -1468/-1444/-1583 
s 6
f -1479/-1455/-1592 -1480/-1456/-1593 -1448/-1424/-1559 
s 4
f -1448/-1424/-1559 -1447/-1423/-1558 -1466/-1442/-1558 -1479/-1455/-1592 
f -1474/-1450/-1587 -1482/-1458/-1561 -1477/-1453/-1562 
f -1474/-1450/-1587 -1475/-1451/-1588 -1482/-1458/-1561 
s 1
f -1474/-1450/-1587 -1446/-1422/-1557 -1476/-1452/-1589 
f -1445/-1421/-2213 -1472/-1448/-2213 -1476/-1452/-1589 -1446/-1422/-1557 
f -1472/-1448/-2213 -1445/-1421/-2213 -1470/-1446/-2213 
s 5
f -1474/-1450/-1587 -1450/-1426/-1563 -1446/-1422/-1557 
s 1
f -1476/-1452/-1589 -1473/-1449/-1586 -1475/-1451/-1588 
s 2
f -1444/-1459/-1556 -1443/-1457/-1555 -1442/-1458/-1554 
f -1441/-1456/-1553 -1440/-1454/-1552 -1439/-1455/-1551 
f -1441/-1456/-1553 -1438/-1453/-1550 -1440/-1454/-1552 
f -1441/-1456/-1553 -1442/-1458/-1554 -1438/-1453/-1550 
s 5
f -1437/-1452/-1549 -1436/-1450/-1548 -1435/-1451/-1547 
s 2
f -1444/-1459/-1556 -1442/-1458/-1554 -1441/-1456/-1553 
s 1
f -1434/-1449/-1546 -1433/-1447/-1545 -1432/-1448/-2169 -1437/-1452/-1549 
f -1432/-1448/-2169 -1433/-1447/-1545 -1431/-1445/-1544 -1430/-1446/-2169 
s 2
f -1429/-1444/-1543 -1428/-1442/-1542 -1439/-1455/-1551 -1427/-1443/-1541 
s 1
f -1426/-1441/-1540 -1431/-1445/-1544 -1433/-1447/-1545 -1425/-1440/-1539 
s 5
f -1424/-1439/-1538 -1423/-1437/-1537 -1443/-1457/-1536 -1422/-1438/-1535 
s 1
f -1425/-1440/-1539 -1433/-1447/-1545 -1434/-1449/-1546 -1421/-1436/-1534 
f -1421/-1436/-1534 -1434/-1449/-1546 -1435/-1451/-1547 -1420/-1435/-1533 
s 5
f -1420/-1435/-1533 -1435/-1451/-1547 -1423/-1437/-1537 -1424/-1439/-1538 
s 1
f -1426/-1441/-1540 -1425/-1440/-1539 -1457/-1433/-1571 -1458/-1434/-1572 
f -1456/-1432/-1570 -1424/-1439/-1538 -1422/-1438/-1535 -1455/-1431/-1569 
f -1425/-1440/-1539 -1421/-1436/-1534 -1454/-1430/-1568 -1457/-1433/-1571 
f -1421/-1436/-1534 -1420/-1435/-1533 -1453/-1429/-1567 -1454/-1430/-1568 
f -1420/-1435/-1533 -1424/-1439/-1538 -1456/-1432/-1570 -1453/-1429/-1567 
s 4
f -1419/-1428/-1532 -1418/-1427/-1531 -1439/-1455/-1551 -1440/-1454/-1530 
f -1417/-1426/-1529 -1419/-1428/-1532 -1440/-1454/-1530 -1438/-1453/-1528 
f -1438/-1453/-1528 -1436/-1450/-1548 -1417/-1426/-1529 
f -1442/-1458/-1527 -1423/-1437/-1537 -1435/-1451/-1547 
f -1442/-1458/-1527 -1443/-1457/-1536 -1423/-1437/-1537 
s 7
f -1427/-1443/-1541 -1439/-1455/-1551 -1418/-1427/-1531 
s 2
f -1428/-1442/-1542 -1429/-1444/-1543 -1416/-1425/-1526 
s 6
f -1439/-1455/-1551 -1415/-1424/-1525 -1441/-1456/-1553 
s 4
f -1415/-1424/-1525 -1439/-1455/-1551 -1428/-1442/-1524 -1414/-1423/-1524 
f -1436/-1450/-1548 -1438/-1453/-1528 -1442/-1458/-1527 
f -1436/-1450/-1548 -1442/-1458/-1527 -1435/-1451/-1547 
s 1
f -1436/-1450/-1548 -1437/-1452/-1549 -1413/-1422/-1523 
f -1412/-1421/-2169 -1413/-1422/-1523 -1437/-1452/-1549 -1432/-1448/-2169 
f -1432/-1448/-2169 -1430/-1446/-2169 -1412/-1421/-2169 
s 5
f -1436/-1450/-1548 -1413/-1422/-1523 -1417/-1426/-1529 
s 1
f -1437/-1452/-1549 -1435/-1451/-1547 -1434/-1449/-1546 
s 3
f -1411/-1420/-2213 -1410/-1419/-2213 -1409/-1418/-2213 -1408/-1417/-2213 
s 2
f -1407/-1416/-2213 -1410/-1419/-2213 -1411/-1420/-2213 -1406/-1415/-2213 
f -1405/-1414/-2213 -1404/-1413/-2213 -1408/-1417/-2213 -1409/-1418/-2213 
f -1410/-1419/-2213 -1403/-1412/-2213 -1402/-1411/-2213 -1409/-1418/-2213 
f -1401/-1410/-2213 -1400/-1409/-2213 -1399/-1408/-2213 -1411/-1420/-2213 
s 3
f -1408/-1417/-2213 -1401/-1410/-2213 -1411/-1420/-2213 
s 4
f -1398/-1407/-2002 -1397/-1406/-2002 -1396/-1405/-2001 -1405/-1404/-2001 
s 2
f -1407/-1416/-2213 -1395/-1403/-2213 -1410/-1419/-2213 
f -1411/-1420/-2213 -1399/-1408/-2213 -1394/-1402/-2213 -1406/-1415/-2213 
f -1404/-1413/-2213 -1393/-1401/-2213 -1401/-1410/-2213 -1408/-1417/-2213 
f -1402/-1411/-2213 -1398/-1400/-2213 -1405/-1414/-2213 -1409/-1418/-2213 
f -1392/-1399/-2213 -1403/-1412/-2213 -1410/-1419/-2213 -1395/-1403/-2213 
f -1399/-1408/-2213 -1400/-1409/-2213 -1391/-1398/-2213 -1394/-1402/-2213 
s off
f -1406/-1397/-2000 -1390/-1396/-2000 -1389/-1395/-2000 -1388/-1394/-2000 
f -1394/-1393/-1999 -1387/-1392/-1999 -1390/-1396/-1999 -1406/-1397/-1999 
f -1388/-1394/-1998 -1389/-1395/-1998 -1386/-1391/-1998 -1407/-1390/-1998 
s 2
f -1406/-1415/-2213 -1388/-1389/-2213 -1407/-1416/-2213 
s 4
f -1401/-1388/-1997 -1385/-1387/-1997 -1384/-1386/-1996 -1400/-1385/-1996 
f -1404/-1384/-1995 -1405/-1404/-2001 -1396/-1405/-2001 -1383/-1383/-1995 
s 12
f -1398/-1407/-2002 -1402/-1382/-1994 -1382/-1381/-1994 -1397/-1406/-2002 
s 3
f -1381/-1420/-2169 -1380/-1417/-2169 -1379/-1418/-2169 -1378/-1419/-2169 
s 2
f -1386/-1416/-2169 -1390/-1415/-2169 -1381/-1420/-2169 -1378/-1419/-2169 
f -1396/-1414/-2169 -1379/-1418/-2169 -1380/-1417/-2169 -1383/-1413/-2169 
s 4
f -1401/-1388/-1997 -1393/-1388/-1993 -1377/-1387/-1993 -1385/-1387/-1997 
f -1403/-1380/-1992 -1392/-1379/-1991 -1376/-1378/-1991 -1375/-1377/-1992 
s 2
f -1378/-1419/-2169 -1379/-1418/-2169 -1382/-1411/-2169 -1375/-1412/-2169 
f -1374/-1408/-2169 -1384/-1409/-2169 -1385/-1410/-2169 -1381/-1420/-2169 
s 3
f -1380/-1417/-2169 -1381/-1420/-2169 -1385/-1410/-2169 
s 2
f -1386/-1416/-2169 -1378/-1419/-2169 -1373/-1403/-2169 
f -1381/-1420/-2169 -1390/-1415/-2169 -1387/-1402/-2169 -1374/-1408/-2169 
f -1383/-1413/-2169 -1380/-1417/-2169 -1385/-1410/-2169 -1377/-1401/-2169 
f -1382/-1411/-2169 -1379/-1418/-2169 -1396/-1414/-2169 -1397/-1400/-2169 
f -1376/-1399/-2169 -1373/-1403/-2169 -1378/-1419/-2169 -1375/-1412/-2169 
f -1374/-1408/-2169 -1387/-1402/-2169 -1372/-1398/-2169 -1384/-1409/-2169 
s off
f -1394/-1393/-1990 -1391/-1388/-1990 -1372/-1387/-1990 -1387/-1392/-1990 
f -1395/-1376/-1989 -1407/-1390/-1989 -1386/-1391/-1989 -1373/-1375/-1989 
f -1392/-1379/-1988 -1395/-1376/-1988 -1373/-1375/-1988 -1376/-1378/-1988 
s 2
f -1390/-1415/-2169 -1386/-1416/-2169 -1389/-1389/-2169 
s 4
f -1403/-1380/-1992 -1375/-1377/-1992 -1382/-1381/-1994 -1402/-1382/-1994 
f -1391/-1388/-1987 -1400/-1385/-1996 -1384/-1386/-1996 -1372/-1387/-1987 
s 12
f -1404/-1384/-1995 -1383/-1383/-1995 -1377/-1387/-1993 -1393/-1388/-1993 
s 3
f -1371/-1374/-1522 -1370/-1373/-1521 -1369/-1372/-1520 -1368/-1371/-1519 
s 2
f -1367/-1370/-1518 -1371/-1374/-1522 -1366/-1369/-1517 
f -1366/-1369/-1517 -1371/-1374/-1522 -1368/-1371/-1519 -1365/-1368/-1516 
f -1365/-1368/-1516 -1368/-1371/-1519 -1364/-1367/-1515 
f -1364/-1367/-1515 -1368/-1371/-1519 -1369/-1372/-1520 -1363/-1366/-1514 
f -1363/-1366/-1514 -1369/-1372/-1520 -1370/-1373/-1521 -1362/-1365/-1513 
f -1370/-1373/-1521 -1371/-1374/-1522 -1367/-1370/-1518 -1362/-1365/-1513 
s 4
f -1366/-1364/-1512 -1361/-1364/-1511 -1360/-1363/-1510 -1367/-1363/-1509 
f -1365/-1362/-1508 -1359/-1362/-1507 -1361/-1364/-1511 -1366/-1364/-1512 
f -1364/-1361/-1506 -1358/-1361/-1505 -1359/-1362/-1507 -1365/-1362/-1508 
f -1363/-1360/-1504 -1357/-1360/-1503 -1358/-1361/-1505 -1364/-1361/-1506 
f -1367/-1363/-1509 -1360/-1363/-1510 -1356/-1359/-1502 -1362/-1359/-1501 
f -1362/-1359/-1501 -1356/-1359/-1502 -1357/-1360/-1503 -1363/-1360/-1504 
s 2
f -1360/-1363/-1500 -1361/-1364/-1499 -1359/-1362/-1498 -1358/-1361/-1497 
f -1356/-1359/-1496 -1360/-1363/-1500 -1358/-1361/-1497 -1357/-1360/-1496 
f -1355/-1358/-1495 -1354/-1357/-1494 -1353/-1356/-1493 -1352/-1355/-1495 
f -1354/-1357/-1494 -1351/-1354/-1492 -1350/-1353/-1492 -1353/-1356/-1493 
f -1351/-1352/-1492 -1349/-1351/-1491 -1348/-1350/-1490 -1350/-1349/-1492 
f -1349/-1351/-1491 -1347/-1348/-1489 -1346/-1347/-1489 -1348/-1350/-1490 
f -1347/-1348/-1489 -1345/-1346/-1488 -1344/-1345/-1487 -1346/-1347/-1489 
f -1345/-1346/-1488 -1343/-1344/-1486 -1342/-1343/-1486 -1344/-1345/-1487 
f -1343/-1342/-1486 -1341/-1341/-1485 -1340/-1340/-1484 -1342/-1339/-1486 
f -1341/-1341/-1485 -1355/-1358/-1495 -1352/-1355/-1495 -1340/-1340/-1484 
s 4
f -1341/-1338/-2213 -1343/-1337/-2213 -1345/-1336/-2213 -1354/-1335/-2213 
f -1345/-1336/-2213 -1347/-1334/-2213 -1349/-1333/-2213 -1354/-1335/-2213 
f -1349/-1333/-2213 -1351/-1332/-2213 -1354/-1335/-2213 
f -1341/-1338/-2213 -1354/-1335/-2213 -1355/-1331/-2213 
f -1353/-1330/-2169 -1350/-1329/-2169 -1348/-1328/-2169 -1340/-1327/-2169 
f -1348/-1328/-2169 -1346/-1326/-2169 -1344/-1325/-2169 -1340/-1327/-2169 
f -1344/-1325/-2169 -1342/-1324/-2169 -1340/-1327/-2169 
f -1352/-1323/-2169 -1353/-1330/-2169 -1340/-1327/-2169 
s 3
f -1339/-1322/-1483 -1338/-1321/-1482 -1337/-1320/-1481 -1336/-1319/-1480 
s 2
f -1335/-1318/-1479 -1334/-1317/-1478 -1339/-1322/-1483 
f -1334/-1317/-1478 -1333/-1316/-1477 -1338/-1321/-1482 -1339/-1322/-1483 
f -1333/-1316/-1477 -1332/-1315/-1476 -1338/-1321/-1482 
f -1332/-1315/-1476 -1331/-1314/-1475 -1337/-1320/-1481 -1338/-1321/-1482 
f -1331/-1314/-1475 -1330/-1313/-1474 -1336/-1319/-1480 -1337/-1320/-1481 
f -1336/-1319/-1480 -1330/-1313/-1474 -1335/-1318/-1479 -1339/-1322/-1483 
s 4
f -1334/-1364/-1473 -1335/-1363/-1472 -1329/-1363/-1471 -1328/-1364/-1470 
f -1333/-1362/-1469 -1334/-1364/-1473 -1328/-1364/-1470 -1327/-1362/-1468 
f -1332/-1361/-1467 -1333/-1362/-1469 -1327/-1362/-1468 -1326/-1361/-1466 
f -1331/-1360/-1465 -1332/-1361/-1467 -1326/-1361/-1466 -1325/-1360/-1464 
f -1335/-1363/-1472 -1330/-1359/-1463 -1324/-1359/-1462 -1329/-1363/-1471 
f -1330/-1359/-1463 -1331/-1360/-1465 -1325/-1360/-1464 -1324/-1359/-1462 
s 2
f -1329/-1363/-1461 -1326/-1361/-1460 -1327/-1362/-1459 -1328/-1364/-1459 
f -1324/-1359/-1458 -1325/-1360/-1458 -1326/-1361/-1460 -1329/-1363/-1461 
f -1323/-1312/-1457 -1322/-1311/-1457 -1321/-1310/-1456 -1320/-1309/-1455 
f -1320/-1309/-1455 -1321/-1310/-1456 -1319/-1308/-1454 -1318/-1307/-1454 
f -1318/-1307/-1454 -1319/-1308/-1454 -1317/-1310/-1453 -1316/-1309/-1452 
f -1316/-1309/-1452 -1317/-1310/-1453 -1315/-1311/-1451 -1314/-1312/-1451 
f -1314/-1312/-1451 -1315/-1311/-1451 -1313/-1306/-1450 -1312/-1305/-1449 
f -1312/-1305/-1449 -1313/-1306/-1450 -1311/-1304/-1448 -1310/-1303/-1448 
f -1310/-1303/-1448 -1311/-1304/-1448 -1309/-1306/-1447 -1308/-1305/-1446 
f -1308/-1305/-1446 -1309/-1306/-1447 -1322/-1311/-1457 -1323/-1312/-1457 
s 4
f -1308/-1302/-2169 -1323/-1331/-2169 -1320/-1335/-2169 -1312/-1336/-2169 
f -1320/-1335/-2169 -1318/-1332/-2169 -1316/-1333/-2169 -1312/-1336/-2169 
f -1316/-1333/-2169 -1314/-1334/-2169 -1312/-1336/-2169 
f -1308/-1302/-2169 -1312/-1336/-2169 -1310/-1337/-2169 
f -1309/-1327/-2213 -1311/-1324/-2213 -1313/-1325/-2213 -1317/-1328/-2213 
f -1313/-1325/-2213 -1315/-1326/-2213 -1317/-1328/-2213 
f -1317/-1328/-2213 -1319/-1329/-2213 -1321/-1330/-2213 -1309/-1327/-2213 
f -1322/-1323/-2213 -1309/-1327/-2213 -1321/-1330/-2213 
s 1
f -1307/-1301/-1445 -1306/-1300/-1444 -1305/-1299/-1443 -1304/-1298/-1442 
f -1303/-1297/-1441 -1307/-1296/-1445 -1304/-1295/-1442 -1302/-1294/-1440 
f -1301/-1300/-1439 -1303/-1301/-1441 -1302/-1298/-1440 -1300/-1299/-1438 
f -1299/-1300/-1437 -1301/-1301/-1439 -1300/-1298/-1438 -1298/-1299/-1436 
f -1297/-1296/-1435 -1299/-1297/-1437 -1298/-1294/-1436 -1296/-1295/-1434 
f -1306/-1301/-1444 -1297/-1300/-1435 -1296/-1299/-1434 -1305/-1298/-1443 
f -1295/-1293/-1433 -1294/-1292/-1432 -1306/-1300/-1444 -1307/-1301/-1445 
f -1293/-1291/-1431 -1295/-1290/-1433 -1307/-1296/-1445 -1303/-1297/-1441 
f -1292/-1292/-1430 -1293/-1293/-1431 -1303/-1301/-1441 -1301/-1300/-1439 
f -1291/-1292/-1429 -1292/-1293/-1430 -1301/-1301/-1439 -1299/-1300/-1437 
f -1290/-1290/-1428 -1291/-1291/-1429 -1299/-1297/-1437 -1297/-1296/-1435 
f -1294/-1293/-1432 -1290/-1292/-1428 -1297/-1300/-1435 -1306/-1301/-1444 
f -1289/-1289/-1427 -1288/-1288/-1426 -1294/-1292/-1432 -1295/-1293/-1433 
f -1287/-1291/-1425 -1289/-1290/-1427 -1295/-1290/-1433 -1293/-1291/-1431 
f -1286/-1288/-1424 -1287/-1289/-1425 -1293/-1293/-1431 -1292/-1292/-1430 
f -1285/-1288/-1423 -1286/-1289/-1424 -1292/-1293/-1430 -1291/-1292/-1429 
f -1284/-1290/-1422 -1285/-1291/-1423 -1291/-1291/-1429 -1290/-1290/-1428 
f -1288/-1289/-1426 -1284/-1288/-1422 -1290/-1292/-1428 -1294/-1293/-1432 
f -1288/-1288/-1426 -1289/-1289/-1427 -1283/-1291/-1421 -1282/-1290/-1420 
f -1289/-1290/-1427 -1287/-1291/-1425 -1281/-1289/-1419 -1283/-1288/-1421 
f -1287/-1289/-1425 -1286/-1288/-1424 -1280/-1290/-1418 -1281/-1291/-1419 
f -1286/-1289/-1424 -1285/-1288/-1423 -1279/-1290/-1417 -1280/-1291/-1418 
f -1285/-1291/-1423 -1284/-1290/-1422 -1278/-1288/-1416 -1279/-1289/-1417 
f -1284/-1288/-1422 -1288/-1289/-1426 -1282/-1291/-1420 -1278/-1290/-1416 
s 3
f -1277/-1297/-1415 -1276/-1296/-1414 -1282/-1290/-1420 -1283/-1291/-1421 
f -1275/-1301/-1413 -1277/-1300/-1415 -1283/-1300/-1421 -1281/-1301/-1419 
f -1274/-1296/-1412 -1275/-1297/-1413 -1281/-1291/-1419 -1280/-1290/-1418 
f -1273/-1296/-1411 -1274/-1297/-1412 -1280/-1291/-1418 -1279/-1290/-1417 
f -1272/-1300/-1410 -1273/-1301/-1411 -1279/-1301/-1417 -1278/-1300/-1416 
f -1276/-1297/-1414 -1272/-1296/-1410 -1278/-1290/-1416 -1282/-1291/-1420 
s 2
f -1271/-1294/-1409 -1270/-1295/-1408 -1276/-1296/-1414 -1277/-1297/-1415 
f -1269/-1298/-1407 -1271/-1299/-1409 -1277/-1300/-1415 -1275/-1301/-1413 
f -1268/-1295/-1406 -1269/-1294/-1407 -1275/-1297/-1413 -1274/-1296/-1412 
f -1267/-1295/-1405 -1268/-1294/-1406 -1274/-1297/-1412 -1273/-1296/-1411 
f -1266/-1299/-1404 -1267/-1298/-1405 -1273/-1301/-1411 -1272/-1300/-1410 
f -1270/-1294/-1408 -1266/-1295/-1404 -1272/-1296/-1410 -1276/-1297/-1414 
f -1265/-1287/-1403 -1264/-1286/-1402 -1263/-1285/-1401 -1262/-1284/-1400 
f -1261/-1285/-1399 -1265/-1284/-1403 -1262/-1287/-1400 -1260/-1286/-1399 
f -1259/-1286/-1398 -1261/-1287/-1399 -1260/-1284/-1399 -1258/-1285/-1397 
f -1257/-1283/-1396 -1259/-1282/-1398 -1258/-1281/-1397 -1256/-1280/-1395 
f -1255/-1279/-1394 -1257/-1283/-1396 -1256/-1280/-1395 -1254/-1278/-1393 
f -1264/-1287/-1402 -1255/-1286/-1394 -1254/-1285/-1393 -1263/-1284/-1401 
f -1253/-1277/-1392 -1252/-1276/-1391 -1251/-1275/-1390 -1250/-1274/-1389 
f -1249/-1273/-1388 -1253/-1277/-1392 -1250/-1274/-1389 -1248/-1272/-1387 
f -1247/-1271/-1386 -1249/-1273/-1388 -1248/-1272/-1387 -1246/-1270/-1385 
f -1245/-1269/-1384 -1247/-1271/-1386 -1246/-1270/-1385 -1244/-1268/-1383 
f -1243/-1267/-1382 -1245/-1269/-1384 -1244/-1268/-1383 -1242/-1266/-1381 
f -1252/-1265/-1391 -1243/-1267/-1382 -1242/-1266/-1381 -1251/-1264/-1390 
s 3
f -1241/-1263/-1380 -1252/-1262/-1391 -1253/-1261/-1392 
f -1241/-1263/-1380 -1253/-1261/-1392 -1249/-1260/-1388 
f -1241/-1263/-1380 -1249/-1260/-1388 -1247/-1259/-1386 
f -1241/-1263/-1380 -1247/-1259/-1386 -1245/-1258/-1384 
f -1241/-1263/-1380 -1245/-1258/-1384 -1243/-1257/-1382 
f -1241/-1263/-1380 -1243/-1257/-1382 -1252/-1262/-1391 
s 4
f -1251/-1256/-1379 -1264/-1255/-1379 -1265/-1254/-1378 -1250/-1253/-1378 
f -1250/-1253/-1378 -1265/-1254/-1378 -1261/-1252/-1377 -1248/-1251/-1377 
f -1248/-1251/-1377 -1261/-1252/-1377 -1259/-1250/-1376 -1246/-1249/-1376 
f -1246/-1249/-1376 -1259/-1250/-1376 -1257/-1248/-1375 -1244/-1247/-1374 
f -1244/-1247/-1374 -1257/-1248/-1375 -1255/-1246/-1373 -1242/-1245/-1373 
f -1242/-1245/-1373 -1255/-1246/-1373 -1264/-1255/-1379 -1251/-1256/-1379 
f -1271/-1244/-1372 -1262/-1243/-1372 -1263/-1242/-1371 -1270/-1241/-1371 
f -1270/-1241/-1371 -1263/-1242/-1371 -1254/-1243/-1370 -1266/-1244/-1370 
f -1266/-1240/-1370 -1254/-1242/-1370 -1256/-1243/-1369 -1267/-1239/-1369 
f -1267/-1238/-1369 -1256/-1243/-1369 -1258/-1242/-1368 -1268/-1240/-1368 
f -1268/-1241/-1368 -1258/-1242/-1368 -1260/-1243/-1367 -1269/-1244/-1367 
f -1269/-1241/-1367 -1260/-1242/-1367 -1262/-1243/-1372 -1271/-1239/-1372 
s 1
f -1240/-1237/-1366 -1239/-1236/-1365 -1238/-1235/-1364 -1237/-1234/-1363 
f -1240/-1237/-1366 -1236/-1233/-1362 -1235/-1232/-1361 -1234/-1231/-1360 
s 2
f -1233/-1230/-1359 -1232/-1229/-1358 -1231/-1228/-1357 -1230/-1227/-1356 
s 3
f -1233/-1230/-1359 -1230/-1227/-1356 -1229/-1226/-1355 -1228/-1225/-1354 
s 1
f -1228/-1225/-1354 -1229/-1226/-1355 -1227/-1224/-1353 -1226/-1223/-1352 
f -1226/-1223/-1352 -1227/-1224/-1353 -1237/-1234/-1363 -1238/-1235/-1364 
f -1240/-1237/-1366 -1234/-1231/-1360 -1239/-1236/-1365 
f -1225/-1237/-1351 -1224/-1234/-1350 -1223/-1235/-1349 -1222/-1236/-1348 
f -1225/-1237/-1351 -1221/-1231/-1347 -1220/-1232/-1346 -1219/-1233/-1345 
s 2
f -1218/-1230/-1344 -1217/-1227/-1343 -1216/-1228/-1342 -1215/-1229/-1341 
s 3
f -1218/-1230/-1344 -1214/-1225/-1340 -1213/-1226/-1339 -1217/-1227/-1343 
s 1
f -1214/-1225/-1340 -1212/-1223/-1338 -1211/-1224/-1337 -1213/-1226/-1339 
f -1212/-1223/-1338 -1223/-1235/-1349 -1224/-1234/-1350 -1211/-1224/-1337 
f -1225/-1237/-1351 -1222/-1236/-1348 -1221/-1231/-1347 
s 2
f -1231/-1229/-1357 -1216/-1228/-1342 -1217/-1227/-1343 -1230/-1230/-1356 
s 3
f -1230/-1230/-1356 -1217/-1227/-1343 -1213/-1226/-1339 -1229/-1225/-1355 
s 1
f -1229/-1225/-1355 -1213/-1226/-1339 -1211/-1224/-1337 -1227/-1223/-1353 
f -1227/-1223/-1353 -1211/-1224/-1337 -1224/-1234/-1350 -1237/-1235/-1363 
f -1237/-1235/-1363 -1224/-1234/-1350 -1225/-1237/-1351 -1240/-1222/-1366 
f -1240/-1222/-1366 -1225/-1237/-1351 -1219/-1233/-1345 -1236/-1236/-1362 
f -1235/-1231/-1361 -1220/-1232/-1346 -1221/-1233/-1347 -1234/-1236/-1360 
f -1234/-1236/-1360 -1221/-1233/-1347 -1222/-1237/-1348 -1239/-1222/-1365 
f -1239/-1222/-1365 -1222/-1237/-1348 -1223/-1234/-1349 -1238/-1235/-1364 
f -1238/-1235/-1364 -1223/-1234/-1349 -1212/-1224/-1338 -1226/-1223/-1352 
f -1226/-1223/-1352 -1212/-1224/-1338 -1214/-1226/-1340 -1228/-1225/-1354 
s 3
f -1228/-1225/-1354 -1214/-1226/-1340 -1218/-1227/-1344 -1233/-1230/-1359 
s 2
f -1233/-1230/-1359 -1218/-1227/-1344 -1215/-1228/-1341 -1232/-1229/-1358 
s off
f -1232/-1221/-1336 -1210/-1220/-1335 -1209/-1219/-1335 -1231/-1218/-1335 
f -1216/-1217/-1334 -1208/-1216/-1334 -1207/-1215/-1334 -1215/-1214/-1334 
f -1215/-1214/-1333 -1207/-1215/-1333 -1210/-1220/-1333 -1232/-1221/-1333 
f -1231/-1218/-1332 -1209/-1219/-1332 -1208/-1216/-1332 -1216/-1217/-1332 
f -1206/-1213/-1331 -1205/-1212/-1331 -1204/-1211/-1331 -1203/-1210/-1331 
s 2
f -1206/-1209/-1330 -1203/-1208/-1330 -1207/-1207/-1330 -1208/-1206/-1330 
s 4
f -1204/-1205/-1329 -1210/-1204/-1329 -1207/-1203/-1329 -1203/-1202/-1329 
f -1205/-1201/-1328 -1206/-1200/-1327 -1208/-1199/-1327 -1209/-1198/-1327 
s off
f -1205/-1209/-1326 -1209/-1206/-1326 -1210/-1207/-1326 -1204/-1208/-1325 
s 1
f -1202/-1301/-1324 -1304/-1298/-1442 -1305/-1299/-1443 -1201/-1300/-1323 
f -1200/-1300/-1322 -1302/-1299/-1440 -1304/-1298/-1442 -1202/-1301/-1324 
f -1199/-1300/-1321 -1300/-1299/-1438 -1302/-1298/-1440 -1200/-1301/-1322 
f -1198/-1300/-1320 -1298/-1299/-1436 -1300/-1298/-1438 -1199/-1301/-1321 
f -1197/-1301/-1319 -1296/-1298/-1434 -1298/-1299/-1436 -1198/-1300/-1320 
f -1201/-1301/-1323 -1305/-1298/-1443 -1296/-1299/-1434 -1197/-1300/-1319 
f -1196/-1293/-1318 -1202/-1301/-1324 -1201/-1300/-1323 -1195/-1292/-1317 
f -1194/-1292/-1316 -1200/-1300/-1322 -1202/-1301/-1324 -1196/-1293/-1318 
f -1193/-1292/-1315 -1199/-1300/-1321 -1200/-1301/-1322 -1194/-1293/-1316 
f -1192/-1292/-1314 -1198/-1300/-1320 -1199/-1301/-1321 -1193/-1293/-1315 
f -1191/-1293/-1313 -1197/-1301/-1319 -1198/-1300/-1320 -1192/-1292/-1314 
f -1195/-1293/-1317 -1201/-1301/-1323 -1197/-1300/-1319 -1191/-1292/-1313 
f -1190/-1289/-1312 -1196/-1293/-1318 -1195/-1292/-1317 -1189/-1288/-1311 
f -1188/-1288/-1310 -1194/-1292/-1316 -1196/-1293/-1318 -1190/-1289/-1312 
f -1187/-1288/-1309 -1193/-1292/-1315 -1194/-1293/-1316 -1188/-1289/-1310 
f -1186/-1288/-1308 -1192/-1292/-1314 -1193/-1293/-1315 -1187/-1289/-1309 
f -1185/-1289/-1307 -1191/-1293/-1313 -1192/-1292/-1314 -1186/-1288/-1308 
f -1189/-1289/-1311 -1195/-1293/-1317 -1191/-1292/-1313 -1185/-1288/-1307 
f -1189/-1288/-1311 -1184/-1290/-1306 -1183/-1291/-1305 -1190/-1289/-1312 
f -1190/-1289/-1312 -1183/-1291/-1305 -1182/-1290/-1304 -1188/-1288/-1310 
f -1188/-1289/-1310 -1182/-1291/-1304 -1181/-1290/-1303 -1187/-1288/-1309 
f -1187/-1289/-1309 -1181/-1291/-1303 -1180/-1290/-1302 -1186/-1288/-1308 
f -1186/-1288/-1308 -1180/-1290/-1302 -1179/-1291/-1301 -1185/-1289/-1307 
f -1185/-1288/-1307 -1179/-1290/-1301 -1184/-1291/-1306 -1189/-1289/-1311 
s 3
f -1178/-1297/-1300 -1183/-1291/-1305 -1184/-1290/-1306 -1177/-1296/-1299 
f -1176/-1296/-1298 -1182/-1290/-1304 -1183/-1291/-1305 -1178/-1297/-1300 
f -1175/-1296/-1297 -1181/-1290/-1303 -1182/-1291/-1304 -1176/-1297/-1298 
f -1174/-1296/-1296 -1180/-1290/-1302 -1181/-1291/-1303 -1175/-1297/-1297 
f -1173/-1297/-1295 -1179/-1291/-1301 -1180/-1290/-1302 -1174/-1296/-1296 
f -1177/-1297/-1299 -1184/-1291/-1306 -1179/-1290/-1301 -1173/-1296/-1295 
s 2
f -1172/-1294/-1294 -1178/-1297/-1300 -1177/-1296/-1299 -1171/-1295/-1293 
f -1170/-1295/-1292 -1176/-1296/-1298 -1178/-1297/-1300 -1172/-1294/-1294 
f -1169/-1295/-1291 -1175/-1296/-1297 -1176/-1297/-1298 -1170/-1294/-1292 
f -1168/-1295/-1290 -1174/-1296/-1296 -1175/-1297/-1297 -1169/-1294/-1291 
f -1167/-1294/-1289 -1173/-1297/-1295 -1174/-1296/-1296 -1168/-1295/-1290 
f -1171/-1294/-1293 -1177/-1297/-1299 -1173/-1296/-1295 -1167/-1295/-1289 
f -1166/-1284/-1288 -1165/-1287/-1287 -1164/-1286/-1286 -1163/-1285/-1285 
f -1162/-1286/-1284 -1161/-1285/-1283 -1165/-1284/-1287 -1166/-1287/-1288 
f -1160/-1285/-1282 -1159/-1286/-1281 -1161/-1287/-1283 -1162/-1284/-1284 
f -1158/-1197/-1280 -1157/-1196/-1279 -1159/-1195/-1281 -1160/-1194/-1282 
f -1156/-1195/-1278 -1155/-1193/-1277 -1157/-1197/-1279 -1158/-1196/-1280 
f -1163/-1284/-1285 -1164/-1287/-1286 -1155/-1286/-1277 -1156/-1285/-1278 
f -1154/-1192/-1276 -1153/-1191/-1275 -1152/-1190/-1274 -1151/-1189/-1273 
f -1150/-1188/-1272 -1149/-1187/-1271 -1153/-1191/-1275 -1154/-1192/-1276 
f -1148/-1186/-1270 -1147/-1185/-1269 -1149/-1187/-1271 -1150/-1188/-1272 
f -1146/-1184/-1268 -1145/-1183/-1267 -1147/-1185/-1269 -1148/-1186/-1270 
f -1144/-1182/-1266 -1143/-1181/-1265 -1145/-1183/-1267 -1146/-1184/-1268 
f -1151/-1180/-1273 -1152/-1179/-1274 -1143/-1181/-1265 -1144/-1182/-1266 
s 3
f -1142/-1263/-1264 -1154/-1261/-1276 -1151/-1178/-1273 
f -1142/-1263/-1264 -1150/-1260/-1272 -1154/-1261/-1276 
f -1142/-1263/-1264 -1148/-1177/-1270 -1150/-1260/-1272 
f -1142/-1263/-1264 -1146/-1258/-1268 -1148/-1177/-1270 
f -1142/-1263/-1264 -1144/-1257/-1266 -1146/-1258/-1268 
f -1142/-1263/-1264 -1151/-1178/-1273 -1144/-1257/-1266 
s 4
f -1152/-1256/-1263 -1153/-1176/-1262 -1166/-1254/-1262 -1163/-1255/-1263 
f -1153/-1176/-1262 -1149/-1251/-1261 -1162/-1175/-1261 -1166/-1254/-1262 
f -1149/-1251/-1261 -1147/-1174/-1260 -1160/-1173/-1259 -1162/-1175/-1261 
f -1147/-1174/-1260 -1145/-1247/-1258 -1158/-1172/-1258 -1160/-1173/-1259 
f -1145/-1247/-1258 -1143/-1171/-1257 -1156/-1170/-1257 -1158/-1172/-1258 
f -1143/-1171/-1257 -1152/-1256/-1263 -1163/-1255/-1263 -1156/-1170/-1257 
f -1172/-1238/-1256 -1171/-1240/-1255 -1164/-1242/-1254 -1165/-1243/-1256 
f -1171/-1241/-1255 -1167/-1244/-1253 -1155/-1243/-1253 -1164/-1242/-1254 
f -1167/-1244/-1253 -1168/-1241/-1252 -1157/-1242/-1251 -1155/-1243/-1253 
f -1168/-1244/-1252 -1169/-1241/-1250 -1159/-1242/-1250 -1157/-1243/-1251 
f -1169/-1241/-1250 -1170/-1244/-1249 -1161/-1243/-1249 -1159/-1242/-1250 
f -1170/-1240/-1249 -1172/-1239/-1256 -1165/-1243/-1256 -1161/-1242/-1249 
s 1
f -1141/-1237/-1248 -1140/-1234/-1247 -1139/-1235/-1246 -1138/-1236/-1245 
f -1141/-1237/-1248 -1137/-1231/-1244 -1136/-1232/-1243 -1135/-1233/-1242 
s 2
f -1134/-1230/-1241 -1133/-1227/-1240 -1132/-1228/-1239 -1131/-1229/-1238 
s 3
f -1134/-1230/-1241 -1130/-1225/-1237 -1129/-1226/-1236 -1133/-1227/-1240 
s 1
f -1130/-1225/-1237 -1128/-1223/-1235 -1127/-1224/-1234 -1129/-1226/-1236 
f -1128/-1223/-1235 -1139/-1235/-1246 -1140/-1234/-1247 -1127/-1224/-1234 
f -1141/-1237/-1248 -1138/-1236/-1245 -1137/-1231/-1244 
f -1126/-1237/-1233 -1125/-1236/-1232 -1124/-1235/-1231 -1123/-1234/-1230 
f -1126/-1237/-1233 -1122/-1233/-1229 -1121/-1232/-1228 -1120/-1231/-1227 
s 2
f -1119/-1230/-1226 -1118/-1229/-1225 -1117/-1228/-1224 -1116/-1227/-1223 
s 3
f -1119/-1230/-1226 -1116/-1227/-1223 -1115/-1226/-1222 -1114/-1225/-1221 
s 1
f -1114/-1225/-1221 -1115/-1226/-1222 -1113/-1224/-1220 -1112/-1223/-1219 
f -1112/-1223/-1219 -1113/-1224/-1220 -1123/-1234/-1230 -1124/-1235/-1231 
f -1126/-1237/-1233 -1120/-1231/-1227 -1125/-1236/-1232 
s 2
f -1132/-1229/-1239 -1133/-1230/-1240 -1116/-1227/-1223 -1117/-1228/-1224 
s 3
f -1133/-1230/-1240 -1129/-1225/-1236 -1115/-1226/-1222 -1116/-1227/-1223 
s 1
f -1129/-1225/-1236 -1127/-1223/-1234 -1113/-1224/-1220 -1115/-1226/-1222 
f -1127/-1223/-1234 -1140/-1235/-1247 -1123/-1234/-1230 -1113/-1224/-1220 
f -1140/-1235/-1247 -1141/-1222/-1248 -1126/-1237/-1233 -1123/-1234/-1230 
f -1141/-1222/-1248 -1135/-1236/-1242 -1122/-1233/-1229 -1126/-1237/-1233 
f -1136/-1231/-1243 -1137/-1236/-1244 -1120/-1233/-1227 -1121/-1232/-1228 
f -1137/-1236/-1244 -1138/-1222/-1245 -1125/-1237/-1232 -1120/-1233/-1227 
f -1138/-1222/-1245 -1139/-1235/-1246 -1124/-1234/-1231 -1125/-1237/-1232 
f -1139/-1235/-1246 -1128/-1223/-1235 -1112/-1224/-1219 -1124/-1234/-1231 
f -1128/-1223/-1235 -1130/-1225/-1237 -1114/-1226/-1221 -1112/-1224/-1219 
s 3
f -1130/-1225/-1237 -1134/-1230/-1241 -1119/-1227/-1226 -1114/-1226/-1221 
s 2
f -1134/-1230/-1241 -1131/-1229/-1238 -1118/-1228/-1225 -1119/-1227/-1226 
s off
f -1131/-1221/-1218 -1132/-1218/-1218 -1111/-1219/-1218 -1110/-1220/-1218 
f -1117/-1217/-1217 -1118/-1214/-1216 -1109/-1215/-1216 -1108/-1216/-1216 
f -1118/-1214/-1215 -1131/-1221/-1215 -1110/-1220/-1215 -1109/-1215/-1215 
f -1132/-1218/-1214 -1117/-1217/-1214 -1108/-1216/-1213 -1111/-1219/-1214 
f -1107/-1169/-1212 -1106/-1210/-1212 -1105/-1168/-1212 -1104/-1167/-1212 
s 2
f -1107/-1209/-1211 -1108/-1206/-1211 -1109/-1207/-1211 -1106/-1208/-1210 
s 4
f -1105/-1205/-1209 -1106/-1202/-1209 -1109/-1203/-1209 -1110/-1204/-1209 
f -1104/-1202/-1208 -1111/-1166/-1208 -1108/-1204/-1208 -1107/-1205/-1208 
s off
f -1104/-1209/-1207 -1105/-1208/-1207 -1110/-1207/-1207 -1111/-1206/-1207 
s 2
f -1103/-1165/-1206 -1102/-1165/-1205 -1101/-1164/-1204 -1100/-1164/-1204 
f -1099/-1163/-1203 -1098/-1162/-1203 -1097/-1161/-1203 -1096/-1160/-1203 
s 4
f -1100/-1159/-1202 -1095/-1159/-1202 -1094/-1158/-1202 -1103/-1158/-1202 
s 8
f -1101/-1157/-2169 -1093/-1156/-2169 -1095/-1155/-1201 -1100/-1154/-2169 
s 4
f -1102/-1165/-1200 -1092/-1153/-1199 -1093/-1152/-1199 -1101/-1164/-1200 
s 10
f -1103/-1151/-1206 -1094/-1150/-1198 -1092/-1149/-2213 -1102/-1148/-1205 
s 4
f -1096/-1147/-1197 -1097/-1146/-1197 -1093/-1152/-1199 -1092/-1153/-1199 
s 8
f -1099/-1145/-2213 -1096/-1144/-2213 -1092/-1149/-2213 -1094/-1150/-1198 
s 2
f -1091/-1165/-1196 -1090/-1165/-1195 -1089/-1164/-1194 -1088/-1164/-1194 
f -1087/-1143/-1193 -1086/-1142/-1193 -1085/-1141/-1193 -1084/-1140/-1193 
s 4
f -1088/-1164/-1192 -1083/-1152/-1191 -1082/-1153/-1191 -1091/-1165/-1192 
s 8
f -1089/-1164/-1190 -1081/-1152/-1189 -1083/-1152/-2169 -1088/-1164/-2169 
s 12
f -1090/-1139/-1195 -1080/-1138/-1188 -1081/-1137/-1189 -1089/-1136/-1190 
s 10
f -1091/-1135/-1196 -1082/-1134/-2213 -1080/-1133/-1188 -1090/-1132/-1195 
s 4
f -1086/-1146/-1187 -1087/-1147/-1187 -1082/-1153/-1191 -1083/-1152/-1191 
s 8
f -1087/-1131/-2213 -1084/-1130/-2213 -1080/-1133/-1188 -1082/-1134/-2213 
f -1080/-1138/-1188 -1094/-1158/-1198 -1095/-1159/-1201 -1081/-1137/-1189 
s 4
f -1085/-1141/-1186 -1098/-1162/-1186 -1099/-1163/-1186 -1084/-1140/-1186 
s off
f -1080/-1133/-2213 -1084/-1130/-2213 -1099/-1145/-2213 -1094/-1150/-2213 
f -1097/-1161/-1185 -1098/-1162/-1184 -1079/-1129/-1185 
f -1093/-1128/-1183 -1097/-1127/-1183 -1079/-1126/-1183 -1078/-1125/-1183 
f -1095/-1159/-1182 -1093/-1124/-1182 -1078/-1123/-1181 
f -1085/-1141/-1180 -1086/-1142/-1180 -1077/-1122/-1180 
f -1086/-1127/-1179 -1083/-1128/-1179 -1076/-1125/-1179 -1077/-1126/-1179 
f -1083/-1121/-1178 -1081/-1137/-1178 -1076/-1120/-1178 
f -1081/-1137/-1177 -1095/-1159/-1177 -1078/-1123/-1177 -1076/-1120/-1177 
f -1098/-1162/-1176 -1085/-1141/-1176 -1077/-1122/-1176 -1079/-1129/-1176 
f -1078/-1125/-1175 -1079/-1126/-1175 -1075/-1119/-1175 -1074/-1118/-1175 
f -1077/-1126/-1174 -1076/-1125/-1174 -1073/-1118/-1174 -1072/-1119/-1174 
f -1076/-1120/-1173 -1078/-1123/-1173 -1074/-1117/-1173 -1073/-1116/-1173 
f -1079/-1129/-1172 -1077/-1122/-1172 -1072/-1115/-1172 -1075/-1114/-1172 
s 2
f -1071/-1164/-1171 -1070/-1165/-1204 -1069/-1165/-1204 -1068/-1164/-1170 
f -1067/-1113/-1169 -1066/-1112/-1168 -1065/-1111/-1167 -1064/-1110/-1167 
s 4
f -1070/-1109/-1166 -1071/-1108/-1166 -1063/-1108/-1165 -1062/-1109/-1164 
s 8
f -1069/-1157/-2213 -1070/-1154/-2213 -1062/-1155/-2213 -1061/-1156/-2213 
s 4
f -1068/-1164/-1200 -1069/-1165/-1200 -1061/-1153/-1199 -1060/-1152/-1199 
s 2
f -1071/-1151/-1171 -1068/-1148/-1170 -1060/-1149/-1163 -1063/-1150/-1165 
s 4
f -1066/-1146/-1197 -1060/-1152/-1199 -1061/-1153/-1199 -1065/-1147/-1197 
s 10
f -1067/-1145/-1169 -1063/-1150/-1165 -1060/-1149/-1163 -1066/-1144/-1168 
s 2
f -1059/-1164/-1162 -1058/-1165/-1194 -1057/-1165/-1194 -1056/-1164/-1161 
f -1055/-1107/-1160 -1054/-1106/-1159 -1053/-1105/-1193 -1052/-1104/-1193 
s 4
f -1058/-1165/-1192 -1059/-1164/-1192 -1051/-1152/-1191 -1050/-1153/-1191 
s 8
f -1057/-1165/-2213 -1058/-1165/-2213 -1050/-1153/-2213 -1049/-1153/-2213 
s 4
f -1056/-1103/-1158 -1057/-1102/-1158 -1049/-1101/-1157 -1048/-1100/-1156 
s 2
f -1059/-1135/-1162 -1056/-1132/-1161 -1048/-1133/-1156 -1051/-1134/-2169 
s 4
f -1052/-1147/-1187 -1050/-1153/-1191 -1051/-1152/-1191 -1055/-1146/-1187 
s 10
f -1055/-1131/-1160 -1051/-1134/-2169 -1048/-1133/-1156 -1054/-1130/-1159 
s 6
f -1048/-1100/-1156 -1049/-1101/-1157 -1062/-1109/-1164 -1063/-1108/-1165 
s 4
f -1053/-1105/-1186 -1054/-1106/-1186 -1067/-1113/-1186 -1064/-1110/-1186 
s off
f -1048/-1133/-2169 -1063/-1150/-2169 -1067/-1145/-2169 -1054/-1130/-2169 
f -1065/-1111/-1155 -1047/-1099/-1154 -1064/-1110/-1154 
f -1061/-1098/-1153 -1046/-1097/-1153 -1047/-1096/-1152 -1065/-1095/-1153 
f -1062/-1109/-1151 -1046/-1094/-1151 -1061/-1093/-1151 
f -1053/-1105/-1150 -1045/-1092/-1150 -1052/-1104/-1149 
f -1052/-1095/-1148 -1045/-1096/-1148 -1044/-1097/-1148 -1050/-1098/-1148 
f -1050/-1091/-1147 -1044/-1090/-1147 -1049/-1101/-1147 
f -1049/-1101/-1146 -1044/-1090/-1145 -1046/-1094/-1146 -1062/-1109/-1146 
f -1064/-1110/-1144 -1047/-1099/-1144 -1045/-1092/-1144 -1053/-1105/-1144 
f -1046/-1097/-1175 -1074/-1118/-1175 -1075/-1119/-1175 -1047/-1096/-1175 
f -1045/-1096/-1174 -1072/-1119/-1174 -1073/-1118/-1174 -1044/-1097/-1174 
f -1044/-1090/-1173 -1073/-1116/-1173 -1074/-1117/-1173 -1046/-1094/-1173 
f -1047/-1099/-1172 -1075/-1114/-1172 -1072/-1115/-1172 -1045/-1092/-1172 
s 2
f -1043/-1089/-1143 -1042/-1088/-1142 -1041/-1087/-1141 -1040/-1086/-1140 
f -1039/-1085/-1139 -1038/-1084/-1138 -1042/-1088/-1142 -1043/-1089/-1143 
f -1037/-1083/-1137 -1036/-1082/-1136 -1038/-1084/-1138 -1039/-1085/-1139 
f -1035/-1089/-1135 -1034/-1088/-1134 -1036/-1087/-1136 -1037/-1086/-1137 
f -1033/-1085/-1133 -1032/-1084/-1132 -1034/-1088/-1134 -1035/-1089/-1135 
f -1040/-1083/-1140 -1041/-1082/-1141 -1032/-1084/-1132 -1033/-1085/-1133 
f -1031/-1081/-1131 -1030/-1080/-1130 -1029/-1079/-1129 -1028/-1078/-1128 
f -1027/-1077/-1127 -1026/-1076/-1126 -1030/-1080/-1130 -1031/-1081/-1131 
f -1025/-1075/-1125 -1024/-1074/-1124 -1026/-1076/-1126 -1027/-1077/-1127 
f -1023/-1077/-1123 -1022/-1076/-1122 -1024/-1074/-1124 -1025/-1075/-1125 
f -1021/-1081/-1121 -1020/-1080/-1120 -1022/-1076/-1122 -1023/-1077/-1123 
f -1028/-1078/-1128 -1029/-1079/-1129 -1020/-1080/-1120 -1021/-1081/-1121 
f -1019/-1073/-1119 -1018/-1072/-1118 -1017/-1071/-1117 -1016/-1070/-1116 
f -1015/-1069/-1115 -1014/-1068/-1114 -1018/-1072/-1118 -1019/-1073/-1119 
f -1013/-1067/-1113 -1012/-1066/-1112 -1014/-1068/-1114 -1015/-1069/-1115 
f -1011/-1069/-1111 -1010/-1068/-1110 -1012/-1066/-1112 -1013/-1067/-1113 
f -1009/-1073/-1109 -1008/-1072/-1108 -1010/-1068/-1110 -1011/-1069/-1111 
f -1016/-1070/-1116 -1017/-1071/-1117 -1008/-1072/-1108 -1009/-1073/-1109 
s 3
f -1029/-1065/-1129 -1030/-1064/-1130 -1043/-1089/-1143 -1040/-1086/-1140 
f -1030/-1064/-1130 -1026/-1063/-1126 -1039/-1085/-1139 -1043/-1089/-1143 
f -1026/-1063/-1126 -1024/-1062/-1124 -1037/-1083/-1137 -1039/-1085/-1139 
f -1024/-1065/-1124 -1022/-1064/-1122 -1035/-1089/-1135 -1037/-1086/-1137 
f -1022/-1064/-1122 -1020/-1063/-1120 -1033/-1085/-1133 -1035/-1089/-1135 
f -1020/-1063/-1120 -1029/-1062/-1129 -1040/-1083/-1140 -1033/-1085/-1133 
s 4
f -1036/-1061/-1107 -1034/-1060/-1106 -1032/-1059/-1106 -1041/-1058/-1107 
f -1042/-1057/-1105 -1038/-1056/-1105 -1036/-1061/-1107 -1041/-1058/-1107 
s 2
f -1007/-1055/-1104 -1006/-1054/-1103 -1005/-1053/-1102 -1004/-1052/-1101 
f -1003/-1051/-1100 -1002/-1050/-1099 -1001/-1049/-1098 
s 4
f -1006/-1048/-1097 -1000/-1047/-1096 -999/-1046/-1095 
f -1005/-1045/-1094 -1006/-1048/-1097 -999/-1046/-1095 
s 2
f -998/-1044/-1093 -997/-1043/-1093 -996/-1042/-1092 -995/-1041/-1091 
s 4
f -1004/-1040/-1090 -1002/-1039/-1089 -994/-1038/-1088 -1007/-1037/-1087 
s 2
f -993/-1036/-1086 -992/-1035/-1085 -991/-1034/-1084 
s 10
f -1007/-1055/-1104 -990/-1033/-1083 -989/-1032/-1082 -1006/-1054/-1103 
s 2
f -993/-1031/-1086 -988/-1030/-1081 -1004/-1052/-1101 -1005/-1053/-1102 
s 10
f -987/-1029/-1080 -994/-1028/-1079 -1003/-1051/-1100 -986/-1027/-1078 
f -985/-1026/-1077 -991/-1025/-1084 -1001/-1049/-1098 -1002/-1050/-1099 
s 4
f -1006/-1048/-1097 -989/-1024/-1076 -984/-1023/-1075 
f -984/-1023/-1075 -1000/-1047/-1096 -1006/-1048/-1097 
f -992/-1022/-1074 -993/-1021/-1074 -1005/-1045/-1094 -999/-1046/-1095 
f -988/-1020/-1073 -985/-1019/-1073 -1002/-1039/-1089 -1004/-1040/-1090 
f -987/-1018/-1072 -990/-1017/-1071 -1007/-1037/-1087 -994/-1038/-1088 
s 8
f -990/-1033/-1083 -997/-1016/-1070 -998/-1015/-1069 -989/-1032/-1082 
f -996/-1014/-1092 -987/-1029/-1080 -986/-1027/-1078 
s 4
f -998/-1013/-1068 -995/-1012/-1068 -984/-1023/-1075 -989/-1024/-1076 
f -996/-1042/-1067 -997/-1043/-1067 -990/-1017/-1071 -987/-1018/-1072 
s 3
f -983/-1011/-1066 -982/-1010/-1065 -986/-1027/-1078 -1003/-1051/-1100 
s 10
f -986/-1027/-1078 -982/-1010/-1065 -995/-1009/-1091 -996/-1014/-1092 
s 2
f -999/-1008/-1064 -1000/-1007/-1063 -983/-1011/-1066 
f -983/-1011/-1066 -1000/-1007/-1063 -984/-1006/-1062 -982/-1010/-1065 
f -982/-1010/-1065 -984/-1006/-1062 -995/-1009/-1091 
s 8
f -992/-1005/-1061 -999/-1008/-1061 -1001/-1049/-1098 -991/-1025/-1084 
s 3
f -1001/-1049/-1098 -999/-1008/-1064 -1003/-1051/-1100 
s 18
f -991/-1034/-1084 -985/-1019/-1077 -988/-1020/-1081 -993/-1036/-1086 
s 2
f -1003/-1051/-1100 -994/-1028/-1079 -1002/-1050/-1099 
f -999/-1008/-1064 -983/-1011/-1066 -1003/-1051/-1100 
s off
f -1031/-1081/-1060 -1028/-1078/-1060 -981/-1004/-1060 -980/-1003/-1060 
f -1027/-1077/-1059 -1031/-1081/-1059 -980/-1003/-1059 -979/-1002/-1059 
f -1025/-1075/-1058 -1027/-1077/-1058 -979/-1002/-1057 -978/-1001/-1057 
f -1023/-1077/-1056 -1025/-1075/-1056 -978/-1001/-1056 -977/-1002/-1056 
f -1021/-1081/-2033 -1023/-1077/-2033 -977/-1002/-2033 -976/-1003/-2033 
f -1028/-1078/-1055 -1021/-1081/-1054 -976/-1003/-1055 -981/-1004/-1054 
f -980/-1003/-1053 -981/-1004/-1053 -975/-1000/-1053 -974/-999/-1053 
f -979/-1002/-1052 -980/-1003/-1052 -974/-999/-1052 -973/-998/-1051 
f -978/-1001/-1050 -979/-1002/-1050 -973/-998/-1050 -972/-997/-1050 
f -977/-1002/-1049 -978/-1001/-1049 -972/-997/-1049 -971/-998/-1049 
f -976/-1003/-1048 -977/-1002/-1048 -971/-998/-1048 -970/-999/-1048 
f -981/-1004/-1047 -976/-1003/-1047 -970/-999/-1047 -975/-1000/-1047 
f -974/-999/-1046 -975/-1000/-1046 -969/-996/-1046 -968/-995/-1046 
f -973/-998/-1045 -974/-999/-1045 -968/-995/-1045 -967/-994/-1045 
f -972/-997/-1044 -973/-998/-1044 -967/-994/-1044 -966/-993/-1044 
f -971/-998/-1043 -972/-997/-1043 -966/-993/-1043 -965/-994/-1043 
f -970/-999/-1042 -971/-998/-1042 -965/-994/-1042 -964/-995/-1042 
f -975/-1000/-1041 -970/-999/-1041 -964/-995/-1041 -969/-996/-1041 
s 4
f -966/-1066/-1040 -967/-1068/-1040 -1014/-1069/-1040 -1012/-1067/-1040 
f -964/-1072/-1039 -1008/-1073/-1039 -1017/-1070/-1039 -969/-1071/-1039 
s 8
f -968/-1072/-1038 -1018/-1073/-1038 -1014/-1069/-1038 -967/-1068/-1038 
s 16
f -969/-1071/-1037 -1017/-1070/-1037 -1018/-1073/-1037 -968/-1072/-1037 
s 8
f -965/-1068/-1036 -966/-1066/-1036 -1012/-1067/-1036 -1010/-1069/-1036 
s 16
f -964/-1072/-1035 -965/-1068/-1035 -1010/-1069/-1035 -1008/-1073/-1035 
s 2
f -963/-992/-1034 -962/-991/-1033 -961/-990/-1033 -960/-989/-1034 
f -962/-991/-1033 -959/-992/-2033 -958/-989/-2033 -961/-990/-1033 
f -959/-991/-2033 -957/-992/-1032 -956/-989/-1032 -958/-990/-2033 
f -957/-991/-1032 -955/-992/-2169 -954/-989/-2169 -956/-990/-1032 
f -955/-991/-2169 -953/-992/-1031 -952/-989/-1031 -954/-990/-2169 
f -953/-992/-1031 -951/-991/-2087 -950/-990/-2087 -952/-989/-1031 
f -951/-992/-2087 -949/-991/-1030 -948/-990/-1030 -950/-989/-2087 
f -949/-992/-1030 -963/-991/-1034 -960/-990/-1034 -948/-989/-1030 
s 4
f -951/-988/-2371 -962/-987/-2371 -963/-986/-2371 -949/-985/-2371 
f -961/-1328/-2176 -950/-984/-2176 -948/-983/-2176 -960/-1329/-2176 
f -955/-982/-2371 -957/-981/-2371 -959/-980/-2371 -953/-979/-2371 
f -956/-1325/-2176 -954/-1324/-2176 -952/-978/-2176 -958/-1326/-2176 
f -953/-979/-2371 -959/-980/-2371 -962/-987/-2371 -951/-988/-2371 
f -958/-1326/-2176 -952/-978/-2176 -950/-984/-2176 -961/-1328/-2176 
s 2
f -947/-1085/-1029 -946/-1083/-1028 -945/-1082/-1136 -944/-1084/-1027 
f -943/-1089/-1026 -947/-1085/-1029 -944/-1084/-1027 -942/-1088/-1025 
f -941/-1086/-1024 -943/-1089/-1026 -942/-1088/-1025 -940/-1087/-1023 
f -939/-1085/-1022 -941/-1083/-1024 -940/-1082/-1023 -938/-1084/-1132 
f -937/-1089/-1021 -939/-1085/-1022 -938/-1084/-1132 -936/-1088/-1020 
f -946/-1086/-1028 -937/-1089/-1021 -936/-1088/-1020 -945/-1087/-1136 
f -935/-977/-1019 -934/-976/-1018 -933/-975/-1017 -932/-974/-1016 
f -931/-973/-1015 -935/-977/-1019 -932/-974/-1016 -930/-972/-1014 
f -929/-971/-1013 -931/-973/-1015 -930/-972/-1014 -928/-970/-1012 
f -927/-969/-1011 -929/-968/-1013 -928/-967/-1012 -926/-966/-1010 
f -925/-965/-1009 -927/-969/-1011 -926/-966/-1010 -924/-964/-1008 
f -934/-963/-1018 -925/-965/-1009 -924/-964/-1008 -933/-962/-1017 
f -923/-961/-1007 -922/-960/-1006 -921/-959/-1005 -920/-958/-1004 
f -919/-957/-1003 -923/-961/-1007 -920/-958/-1004 -918/-956/-1002 
f -917/-955/-1001 -919/-957/-1003 -918/-956/-1002 -916/-954/-1000 
f -915/-957/-999 -917/-955/-1001 -916/-954/-1000 -914/-956/-998 
f -913/-961/-997 -915/-957/-999 -914/-956/-998 -912/-958/-996 
f -922/-960/-1006 -913/-961/-997 -912/-958/-996 -921/-959/-1005 
s 3
f -933/-1062/-1017 -946/-1083/-1028 -947/-1085/-1029 -932/-1063/-1016 
f -932/-1063/-1016 -947/-1085/-1029 -943/-1089/-1026 -930/-1064/-1014 
f -930/-1064/-1014 -943/-1089/-1026 -941/-1086/-1024 -928/-1065/-1012 
f -928/-1062/-1012 -941/-1083/-1024 -939/-1085/-1022 -926/-1063/-1010 
f -926/-1063/-1010 -939/-1085/-1022 -937/-1089/-1021 -924/-1064/-1008 
f -924/-1064/-1008 -937/-1089/-1021 -946/-1086/-1028 -933/-1065/-1017 
s 4
f -940/-1058/-1107 -945/-1061/-1107 -936/-1060/-1106 -938/-1059/-1106 
f -944/-1056/-1105 -945/-1061/-1107 -940/-1058/-1107 -942/-1057/-1105 
s 2
f -911/-953/-995 -910/-952/-994 -909/-951/-993 -908/-950/-992 
s 9
f -907/-949/-991 -906/-948/-990 -905/-947/-989 
s 4
f -904/-946/-988 -903/-945/-987 -908/-944/-986 
f -909/-943/-985 -904/-946/-988 -908/-944/-986 
s 2
f -902/-942/-984 -901/-941/-983 -900/-940/-982 -899/-939/-981 
s 4
f -910/-938/-980 -911/-937/-979 -898/-936/-978 -905/-935/-989 
s 2
f -897/-934/-977 -896/-933/-976 -895/-932/-975 
f -911/-953/-995 -908/-950/-992 -894/-931/-974 -893/-930/-973 
f -897/-929/-977 -909/-951/-993 -910/-952/-994 -892/-928/-972 
s 10
f -891/-927/-971 -890/-926/-970 -907/-949/-991 -898/-925/-969 
s 4
f -889/-924/-968 -905/-947/-989 -906/-948/-990 -896/-923/-967 
f -903/-945/-987 -888/-922/-966 -908/-944/-986 
f -908/-944/-986 -888/-922/-966 -894/-921/-965 
f -895/-920/-964 -904/-946/-988 -909/-943/-985 -897/-919/-963 
s 12
f -892/-918/-962 -910/-938/-980 -905/-935/-989 -889/-917/-968 
s 4
f -891/-916/-961 -898/-936/-978 -911/-937/-979 -893/-915/-960 
s 10
f -893/-930/-973 -894/-931/-974 -902/-914/-984 -899/-913/-981 
s 8
f -900/-912/-982 -890/-926/-970 -891/-927/-971 
s 4
f -902/-911/-959 -894/-921/-965 -888/-922/-966 -901/-910/-959 
f -900/-940/-958 -891/-916/-961 -893/-915/-960 -899/-939/-958 
s 3
f -887/-909/-957 -907/-949/-991 -890/-926/-970 -886/-908/-956 
s 10
f -890/-926/-970 -900/-912/-982 -901/-907/-983 -886/-908/-956 
s 2
f -904/-906/-988 -887/-909/-957 -903/-905/-955 
f -887/-909/-957 -886/-908/-956 -888/-904/-954 -903/-905/-955 
f -886/-908/-956 -901/-907/-983 -888/-904/-954 
s 12
f -895/-903/-964 -896/-923/-967 -906/-948/-990 -904/-906/-988 
s 10
f -906/-948/-990 -907/-949/-991 -904/-906/-988 
s 2
f -896/-933/-976 -897/-934/-977 -892/-918/-972 -889/-917/-953 
f -907/-949/-991 -905/-947/-952 -898/-925/-969 
f -904/-906/-988 -907/-949/-991 -887/-909/-957 
s off
f -935/-977/-951 -885/-902/-951 -884/-901/-951 -934/-976/-951 
f -931/-973/-950 -883/-900/-950 -885/-902/-950 -935/-977/-950 
f -929/-971/-949 -882/-899/-949 -883/-900/-949 -931/-973/-949 
f -927/-969/-948 -881/-898/-948 -882/-897/-948 -929/-968/-948 
f -925/-965/-2033 -880/-896/-2033 -881/-898/-2033 -927/-969/-2033 
f -934/-963/-947 -884/-895/-947 -880/-896/-947 -925/-965/-947 
f -885/-902/-946 -879/-894/-946 -878/-893/-946 -884/-901/-946 
f -883/-900/-945 -877/-892/-945 -879/-894/-945 -885/-902/-945 
f -882/-899/-944 -876/-891/-944 -877/-892/-944 -883/-900/-944 
f -881/-898/-943 -875/-890/-943 -876/-889/-943 -882/-897/-943 
f -880/-896/-942 -874/-888/-942 -875/-890/-942 -881/-898/-942 
f -884/-895/-941 -878/-887/-941 -874/-888/-941 -880/-896/-941 
f -879/-894/-940 -873/-886/-940 -872/-885/-940 -878/-893/-940 
f -877/-892/-939 -871/-884/-939 -873/-886/-939 -879/-894/-939 
f -876/-891/-938 -870/-883/-937 -871/-884/-937 -877/-892/-937 
f -875/-890/-936 -869/-882/-936 -870/-881/-936 -876/-889/-936 
f -874/-888/-935 -868/-880/-935 -869/-882/-935 -875/-890/-935 
f -878/-887/-934 -872/-879/-934 -868/-880/-934 -874/-888/-934 
s 4
f -870/-954/-933 -916/-955/-933 -918/-957/-933 -871/-956/-933 
f -868/-958/-932 -872/-959/-932 -921/-960/-932 -912/-961/-932 
s 8
f -873/-958/-931 -871/-956/-931 -918/-957/-931 -920/-961/-931 
s 16
f -872/-959/-930 -873/-958/-930 -920/-961/-930 -921/-960/-930 
s 8
f -869/-956/-929 -914/-957/-929 -916/-955/-928 -870/-954/-929 
s 16
f -868/-958/-927 -912/-961/-927 -914/-957/-927 -869/-956/-927 
s 2
f -867/-878/-926 -866/-877/-925 -865/-876/-924 -864/-875/-923 
s 4
f -866/-874/-922 -863/-873/-921 -862/-872/-920 -865/-871/-922 
s 6
f -861/-870/-919 -860/-869/-918 -859/-868/-917 -858/-867/-916 
s 4
f -857/-866/-915 -856/-865/-914 -858/-864/-916 -859/-863/-917 
s 2
f -855/-862/-913 -854/-861/-912 -867/-860/-926 -861/-859/-919 
s 6
f -867/-878/-926 -864/-875/-923 -860/-869/-918 -861/-870/-919 
s off
f -853/-858/-911 -852/-857/-910 -851/-856/-910 -864/-875/-910 
f -864/-875/-909 -865/-876/-909 -850/-855/-909 -853/-858/-909 
f -851/-856/-908 -860/-869/-908 -864/-875/-908 
f -859/-868/-907 -860/-869/-907 -851/-856/-907 
f -851/-856/-906 -852/-857/-906 -849/-854/-906 -848/-853/-906 
f -859/-868/-905 -851/-856/-905 -848/-853/-905 -847/-852/-905 
f -859/-868/-904 -847/-852/-903 -846/-851/-903 -845/-850/-903 
s 2
f -846/-851/-2213 -847/-852/-2213 -848/-853/-2213 -849/-854/-2213 
s off
f -845/-850/-902 -846/-851/-902 -844/-849/-902 -843/-848/-902 
f -849/-854/-2213 -842/-847/-2213 -841/-846/-2213 
f -844/-849/-2213 -846/-851/-2213 -849/-854/-2213 -841/-846/-2213 
f -841/-846/-901 -842/-847/-901 -840/-845/-901 -839/-844/-901 
f -844/-849/-900 -841/-846/-900 -839/-844/-900 -843/-848/-900 
f -839/-844/-2213 -840/-845/-2213 -838/-843/-2213 -837/-842/-2213 
f -843/-848/-2213 -839/-844/-2213 -837/-842/-2213 
f -836/-841/-899 -837/-842/-899 -835/-840/-899 
f -838/-843/-898 -835/-840/-898 -837/-842/-898 
f -859/-863/-897 -845/-839/-897 -834/-838/-896 -857/-866/-897 
f -843/-837/-895 -833/-836/-895 -834/-838/-895 -845/-839/-895 
f -836/-835/-894 -832/-834/-894 -833/-833/-894 -843/-832/-894 
f -831/-831/-893 -830/-830/-893 -829/-829/-893 -828/-828/-893 
f -829/-827/-892 -827/-826/-892 -826/-825/-892 -828/-824/-891 
f -825/-823/-890 -824/-822/-889 -823/-821/-889 -830/-820/-889 
f -825/-823/-888 -830/-820/-888 -831/-819/-888 -835/-818/-888 
f -843/-832/-894 -837/-817/-894 -836/-835/-894 
f -830/-830/-887 -823/-816/-887 -822/-815/-887 -829/-829/-887 
f -828/-828/-886 -836/-841/-886 -835/-840/-886 -831/-831/-886 
f -822/-814/-885 -821/-813/-885 -827/-826/-885 -829/-827/-885 
s 2
f -823/-816/-884 -824/-812/-883 -821/-811/-883 -822/-815/-884 
s off
f -862/-872/-882 -820/-810/-882 -819/-809/-882 -865/-871/-882 
f -852/-857/-881 -853/-858/-881 -818/-808/-881 -817/-807/-881 
f -853/-858/-880 -850/-855/-880 -816/-806/-880 -818/-808/-880 
f -850/-855/-879 -865/-876/-879 -819/-805/-879 -815/-804/-879 
f -816/-806/-878 -850/-855/-877 -814/-803/-877 
f -850/-855/-876 -815/-804/-875 -813/-802/-875 -812/-801/-875 
f -850/-855/-874 -812/-801/-874 -814/-803/-874 
s 10
f -863/-873/-921 -866/-874/-925 -867/-860/-926 -854/-861/-912 
f -856/-865/-914 -855/-862/-913 -861/-859/-919 -858/-864/-916 
s off
f -836/-800/-873 -828/-824/-873 -826/-825/-873 -832/-799/-873 
s 2
f -811/-798/-872 -810/-797/-871 -809/-796/-870 -808/-795/-870 
s 4
f -808/-794/-869 -809/-793/-868 -862/-872/-920 -863/-873/-921 
s 2
f -807/-792/-867 -806/-791/-866 -805/-790/-865 -804/-789/-864 
s 4
f -857/-866/-915 -805/-788/-863 -806/-787/-866 -856/-865/-914 
s 6
f -855/-862/-913 -807/-786/-867 -811/-785/-872 -854/-861/-912 
s 2
f -811/-798/-872 -807/-792/-867 -804/-789/-864 -810/-797/-871 
s off
f -803/-784/-862 -810/-797/-861 -802/-783/-861 -801/-782/-861 
f -810/-797/-860 -803/-784/-860 -800/-781/-860 -809/-796/-860 
f -802/-783/-859 -810/-797/-859 -804/-789/-859 
f -805/-790/-858 -802/-783/-858 -804/-789/-858 
f -802/-783/-906 -799/-780/-906 -798/-779/-906 -801/-782/-906 
f -805/-790/-905 -797/-778/-905 -799/-780/-905 -802/-783/-905 
f -805/-790/-904 -796/-777/-903 -795/-776/-903 -797/-778/-903 
s 2
f -795/-776/-2169 -798/-779/-2169 -799/-780/-2169 -797/-778/-2169 
s off
f -796/-777/-902 -794/-775/-902 -793/-774/-902 -795/-776/-902 
f -798/-779/-2169 -792/-773/-2169 -791/-772/-2169 
f -793/-774/-2169 -792/-773/-2169 -798/-779/-2169 -795/-776/-2169 
f -792/-773/-901 -790/-771/-901 -789/-770/-901 -791/-772/-901 
f -793/-774/-900 -794/-775/-900 -790/-771/-900 -792/-773/-900 
f -790/-771/-857 -788/-769/-857 -787/-768/-857 -789/-770/-857 
f -794/-775/-856 -788/-769/-856 -790/-771/-856 
f -788/-769/-899 -786/-767/-899 -785/-766/-899 
f -787/-768/-855 -788/-769/-855 -785/-766/-855 
f -805/-788/-854 -857/-866/-854 -834/-838/-853 -796/-765/-853 
f -794/-764/-895 -796/-765/-895 -834/-838/-895 -833/-836/-895 
f -786/-763/-894 -794/-762/-894 -833/-833/-894 -832/-834/-894 
f -784/-761/-852 -783/-760/-852 -782/-759/-852 -781/-758/-852 
f -782/-757/-891 -783/-756/-891 -826/-825/-892 -827/-826/-892 
f -780/-755/-851 -824/-822/-851 -825/-823/-851 -781/-754/-851 
f -784/-753/-850 -781/-754/-850 -825/-823/-850 -785/-752/-850 
f -794/-762/-894 -786/-763/-894 -788/-751/-894 
f -781/-758/-849 -782/-759/-849 -779/-750/-849 -780/-749/-849 
f -783/-760/-848 -784/-761/-848 -785/-766/-848 -786/-767/-848 
f -779/-748/-847 -782/-757/-847 -827/-826/-847 -821/-813/-847 
s 2
f -780/-749/-846 -779/-750/-846 -821/-747/-883 -824/-746/-883 
s off
f -862/-872/-845 -809/-793/-845 -778/-745/-845 -820/-810/-845 
f -801/-782/-844 -777/-744/-844 -776/-743/-844 -803/-784/-844 
f -803/-784/-843 -776/-743/-843 -775/-742/-843 -800/-781/-843 
f -800/-781/-842 -774/-741/-842 -778/-740/-842 -809/-796/-842 
f -775/-742/-841 -773/-739/-840 -800/-781/-839 
f -800/-781/-838 -772/-738/-838 -771/-737/-838 -774/-741/-838 
f -800/-781/-837 -773/-739/-837 -772/-738/-837 
s 12
f -863/-873/-921 -854/-861/-912 -811/-785/-872 -808/-794/-869 
s 14
f -856/-865/-914 -806/-787/-866 -807/-786/-867 -855/-862/-913 
s off
f -786/-736/-873 -832/-799/-873 -826/-825/-873 -783/-756/-873 
s 3
f -770/-735/-836 -769/-734/-835 -768/-733/-834 -767/-732/-833 
s 2
f -766/-731/-832 -770/-735/-836 -765/-730/-831 
f -765/-730/-831 -770/-735/-836 -767/-732/-833 -764/-729/-830 
f -764/-729/-830 -767/-732/-833 -763/-728/-829 
f -763/-728/-829 -767/-732/-833 -768/-733/-834 -762/-727/-828 
f -762/-727/-828 -768/-733/-834 -769/-734/-835 -761/-726/-827 
f -769/-734/-835 -770/-735/-836 -766/-731/-832 -761/-726/-827 
s 4
f -765/-1364/-826 -760/-1364/-825 -759/-725/-824 -766/-725/-823 
f -764/-724/-822 -758/-724/-821 -760/-1364/-825 -765/-1364/-826 
f -763/-1361/-820 -757/-1361/-819 -758/-724/-821 -764/-724/-822 
f -762/-723/-818 -756/-723/-817 -757/-1361/-819 -763/-1361/-820 
f -766/-725/-823 -759/-725/-824 -755/-722/-816 -761/-722/-815 
f -761/-722/-815 -755/-722/-816 -756/-723/-817 -762/-723/-818 
s 2
f -759/-725/-814 -760/-1364/-813 -758/-724/-813 -757/-1361/-812 
f -755/-722/-811 -759/-725/-814 -757/-1361/-812 -756/-723/-811 
f -754/-721/-810 -753/-720/-809 -752/-719/-808 -751/-718/-807 
f -753/-720/-809 -750/-717/-806 -749/-716/-806 -752/-719/-808 
f -750/-717/-806 -748/-720/-805 -747/-719/-804 -749/-716/-806 
f -748/-720/-805 -746/-721/-803 -745/-718/-802 -747/-719/-804 
f -746/-721/-803 -744/-715/-801 -743/-714/-800 -745/-718/-802 
f -744/-715/-801 -742/-713/-799 -741/-712/-799 -743/-714/-800 
f -742/-713/-799 -740/-715/-798 -739/-714/-797 -741/-712/-799 
f -740/-715/-798 -754/-721/-810 -751/-718/-807 -739/-714/-797 
s 4
f -740/-1338/-2213 -742/-1337/-2213 -744/-1336/-2213 -753/-1335/-2213 
f -744/-1336/-2213 -746/-1334/-2213 -748/-1333/-2213 -753/-1335/-2213 
f -748/-1333/-2213 -750/-1332/-2213 -753/-1335/-2213 
f -740/-1338/-2213 -753/-1335/-2213 -754/-1331/-2213 
f -752/-711/-2169 -749/-710/-2169 -747/-709/-2169 -739/-708/-2169 
f -747/-709/-2169 -745/-707/-2169 -743/-706/-2169 -739/-708/-2169 
f -743/-706/-2169 -741/-705/-2169 -739/-708/-2169 
f -751/-704/-2169 -752/-711/-2169 -739/-708/-2169 
s 3
f -738/-703/-796 -737/-702/-795 -736/-701/-794 
f -735/-700/-793 -734/-699/-792 -733/-698/-791 
s 1
f -735/-700/-793 -733/-698/-791 -732/-697/-790 -731/-696/-789 
f -731/-696/-789 -732/-697/-790 -737/-702/-795 -738/-703/-796 
s 2
f -730/-695/-788 -729/-694/-787 -728/-693/-786 -727/-692/-785 
s 3
f -726/-691/-784 -727/-692/-785 -728/-693/-786 -725/-690/-783 
s 2
f -726/-691/-784 -725/-690/-783 -736/-701/-794 -724/-689/-782 
s off
f -723/-688/-781 -722/-687/-781 -721/-686/-781 -720/-685/-781 
f -719/-684/-780 -718/-683/-780 -717/-682/-780 
s 2
f -737/-702/-795 -716/-681/-779 -724/-689/-782 -736/-701/-794 
f -715/-680/-778 -714/-679/-777 -733/-698/-791 -734/-699/-792 
s 3
f -733/-698/-791 -714/-679/-777 -713/-678/-776 -732/-697/-790 
f -713/-678/-776 -716/-681/-779 -737/-702/-795 -732/-697/-790 
f -729/-694/-787 -712/-677/-775 -728/-693/-786 
s 1
f -712/-677/-775 -711/-676/-774 -725/-690/-783 -728/-693/-786 
s 3
f -725/-690/-783 -711/-676/-774 -738/-703/-796 -736/-701/-794 
s off
f -730/-675/-773 -720/-685/-773 -721/-686/-773 
f -710/-674/-772 -715/-673/-772 -709/-672/-772 
f -723/-688/-771 -708/-671/-771 -722/-687/-771 
f -719/-684/-770 -710/-674/-770 -709/-672/-770 -718/-683/-770 
f -718/-683/-769 -709/-672/-769 -707/-670/-769 -706/-669/-769 
f -721/-686/-768 -722/-687/-768 -705/-668/-768 -704/-667/-768 
s 2
f -706/-666/-767 -705/-665/-767 -722/-664/-767 -718/-663/-766 
s 4
f -718/-663/-765 -722/-664/-765 -708/-662/-765 -717/-661/-765 
f -705/-665/-764 -706/-666/-764 -707/-660/-764 -704/-659/-764 
s off
f -717/-661/-763 -708/-662/-763 -723/-658/-763 -719/-657/-763 
f -727/-656/-762 -703/-656/-762 -730/-655/-762 
f -727/-656/-761 -726/-654/-761 -702/-653/-761 -703/-656/-761 
f -726/-654/-760 -724/-652/-760 -701/-652/-760 -702/-653/-760 
f -724/-652/-759 -716/-651/-759 -700/-650/-759 -701/-652/-759 
f -716/-651/-758 -713/-649/-757 -699/-649/-758 -700/-650/-758 
f -713/-649/-756 -714/-648/-756 -698/-648/-756 -699/-649/-756 
f -714/-648/-755 -715/-647/-755 -698/-648/-755 
f -720/-685/-754 -730/-675/-754 -697/-646/-754 -696/-645/-754 
f -715/-673/-753 -710/-674/-753 -695/-644/-753 -694/-643/-753 
f -710/-674/-2213 -719/-684/-2213 -693/-642/-2213 -695/-644/-2213 
f -719/-657/-752 -723/-658/-752 -692/-641/-752 -693/-640/-752 
f -723/-688/-2169 -720/-685/-2169 -696/-645/-2169 -692/-639/-2169 
f -730/-655/-751 -703/-656/-751 -691/-638/-751 -697/-637/-751 
f -703/-656/-750 -702/-653/-750 -690/-636/-750 -691/-638/-750 
f -702/-653/-749 -701/-652/-749 -689/-635/-749 -690/-636/-749 
f -701/-652/-748 -700/-650/-748 -688/-634/-748 -689/-635/-748 
f -700/-650/-747 -699/-649/-747 -687/-633/-747 -688/-634/-747 
f -699/-649/-746 -698/-648/-746 -686/-632/-746 -687/-633/-746 
f -698/-648/-745 -715/-647/-745 -694/-631/-745 -686/-632/-745 
s 2
f -693/-630/-744 -692/-629/-744 -696/-628/-743 -695/-627/-742 
f -696/-628/-743 -685/-626/-741 -684/-625/-740 -695/-627/-742 
s off
f -691/-624/-739 -690/-623/-739 -685/-626/-739 -697/-622/-739 
f -690/-623/-738 -689/-621/-738 -684/-625/-737 -685/-626/-738 
f -689/-621/-736 -688/-620/-736 -684/-625/-736 
f -688/-620/-735 -687/-619/-735 -684/-625/-735 
f -687/-619/-734 -686/-618/-734 -694/-617/-734 -684/-625/-734 
s 2
f -696/-628/-743 -697/-622/-733 -685/-626/-741 
f -684/-625/-740 -694/-617/-732 -695/-627/-742 
s 1
f -683/-616/-731 -682/-615/-730 -681/-614/-729 -680/-613/-728 
f -679/-612/-727 -678/-611/-726 -682/-615/-730 -683/-616/-731 
f -677/-610/-725 -676/-609/-724 -678/-611/-726 -679/-612/-727 
f -675/-612/-723 -674/-611/-722 -676/-609/-724 -677/-610/-725 
f -673/-616/-721 -672/-615/-720 -674/-611/-722 -675/-612/-723 
f -680/-613/-728 -681/-614/-729 -672/-615/-720 -673/-616/-721 
f -671/-608/-719 -683/-616/-731 -680/-613/-728 -670/-607/-718 
f -669/-606/-717 -679/-612/-727 -683/-616/-731 -671/-608/-719 
f -668/-605/-716 -677/-610/-725 -679/-612/-727 -669/-606/-717 
f -667/-606/-715 -675/-612/-723 -677/-610/-725 -668/-605/-716 
f -666/-608/-714 -673/-616/-721 -675/-612/-723 -667/-606/-715 
f -670/-607/-718 -680/-613/-728 -673/-616/-721 -666/-608/-714 
f -665/-604/-713 -671/-608/-719 -670/-607/-718 -664/-603/-712 
f -663/-602/-711 -669/-606/-717 -671/-608/-719 -665/-604/-713 
f -662/-601/-710 -668/-605/-716 -669/-606/-717 -663/-602/-711 
f -661/-602/-709 -667/-606/-715 -668/-605/-716 -662/-601/-710 
f -660/-604/-708 -666/-608/-714 -667/-606/-715 -661/-602/-709 
f -664/-603/-712 -670/-607/-718 -666/-608/-714 -660/-604/-708 
f -659/-600/-707 -665/-604/-713 -664/-603/-712 -658/-599/-706 
f -657/-598/-705 -663/-602/-711 -665/-604/-713 -659/-600/-707 
f -656/-597/-704 -662/-601/-710 -663/-602/-711 -657/-598/-705 
f -655/-598/-703 -661/-602/-709 -662/-601/-710 -656/-597/-704 
f -654/-600/-702 -660/-604/-708 -661/-602/-709 -655/-598/-703 
f -658/-599/-706 -664/-603/-712 -660/-604/-708 -654/-600/-702 
f -653/-596/-701 -659/-600/-707 -658/-599/-706 -652/-595/-700 
f -651/-594/-699 -657/-598/-705 -659/-600/-707 -653/-596/-701 
f -650/-593/-698 -656/-597/-704 -657/-598/-705 -651/-594/-699 
f -649/-592/-697 -655/-598/-703 -656/-597/-704 -650/-593/-698 
f -648/-591/-696 -654/-600/-702 -655/-598/-703 -649/-592/-697 
f -652/-595/-700 -658/-599/-706 -654/-600/-702 -648/-591/-696 
f -647/-590/-695 -653/-596/-701 -652/-595/-700 -646/-589/-694 
f -645/-588/-693 -651/-594/-699 -653/-596/-701 -647/-590/-695 
f -644/-587/-692 -650/-593/-698 -651/-594/-699 -645/-588/-693 
f -643/-586/-691 -649/-592/-697 -650/-593/-698 -644/-587/-692 
f -642/-585/-690 -648/-591/-696 -649/-592/-697 -643/-586/-691 
f -646/-589/-694 -652/-595/-700 -648/-591/-696 -642/-585/-690 
f -641/-584/-689 -647/-590/-695 -646/-589/-694 -640/-583/-688 
f -639/-582/-687 -645/-588/-693 -647/-590/-695 -641/-584/-689 
f -638/-581/-686 -644/-587/-692 -645/-588/-693 -639/-582/-687 
f -637/-580/-685 -643/-586/-691 -644/-587/-692 -638/-581/-686 
f -636/-579/-684 -642/-585/-690 -643/-586/-691 -637/-580/-685 
f -640/-583/-688 -646/-589/-694 -642/-585/-690 -636/-579/-684 
f -635/-578/-683 -634/-577/-682 -633/-576/-681 -632/-575/-680 
f -631/-574/-679 -630/-573/-678 -634/-577/-682 -635/-578/-683 
f -629/-572/-677 -628/-571/-676 -630/-573/-678 -631/-574/-679 
f -627/-574/-675 -626/-573/-674 -628/-571/-676 -629/-572/-677 
f -625/-578/-673 -624/-577/-672 -626/-573/-674 -627/-574/-675 
f -632/-575/-680 -633/-576/-681 -624/-577/-672 -625/-578/-673 
f -623/-570/-671 -635/-578/-683 -632/-575/-680 -622/-569/-670 
f -621/-568/-669 -631/-574/-679 -635/-578/-683 -623/-570/-671 
f -620/-567/-668 -629/-572/-677 -631/-574/-679 -621/-568/-669 
f -619/-568/-667 -627/-574/-675 -629/-572/-677 -620/-567/-668 
f -618/-570/-666 -625/-578/-673 -627/-574/-675 -619/-568/-667 
f -622/-569/-670 -632/-575/-680 -625/-578/-673 -618/-570/-666 
f -617/-566/-665 -623/-570/-671 -622/-569/-670 -616/-565/-664 
f -615/-564/-663 -621/-568/-669 -623/-570/-671 -617/-566/-665 
f -614/-563/-662 -620/-567/-668 -621/-568/-669 -615/-564/-663 
f -613/-564/-661 -619/-568/-667 -620/-567/-668 -614/-563/-662 
f -612/-566/-660 -618/-570/-666 -619/-568/-667 -613/-564/-661 
f -616/-565/-664 -622/-569/-670 -618/-570/-666 -612/-566/-660 
f -611/-562/-659 -617/-566/-665 -616/-565/-664 -610/-599/-658 
f -609/-561/-657 -615/-564/-663 -617/-566/-665 -611/-562/-659 
f -608/-560/-656 -614/-563/-662 -615/-564/-663 -609/-561/-657 
f -607/-561/-655 -613/-564/-661 -614/-563/-662 -608/-560/-656 
f -606/-562/-654 -612/-566/-660 -613/-564/-661 -607/-561/-655 
f -610/-599/-658 -616/-565/-664 -612/-566/-660 -606/-562/-654 
f -605/-596/-653 -611/-562/-659 -610/-599/-658 -604/-559/-652 
f -603/-558/-651 -609/-561/-657 -611/-562/-659 -605/-596/-653 
f -602/-557/-650 -608/-560/-656 -609/-561/-657 -603/-558/-651 
f -601/-556/-649 -607/-561/-655 -608/-560/-656 -602/-557/-650 
f -600/-591/-648 -606/-562/-654 -607/-561/-655 -601/-556/-649 
f -604/-559/-652 -610/-599/-658 -606/-562/-654 -600/-591/-648 
f -599/-555/-647 -605/-596/-653 -604/-559/-652 -598/-554/-646 
f -597/-553/-645 -603/-558/-651 -605/-596/-653 -599/-555/-647 
f -596/-552/-644 -602/-557/-650 -603/-558/-651 -597/-553/-645 
f -595/-586/-643 -601/-556/-649 -602/-557/-650 -596/-552/-644 
f -594/-551/-642 -600/-591/-648 -601/-556/-649 -595/-586/-643 
f -598/-554/-646 -604/-559/-652 -600/-591/-648 -594/-551/-642 
f -593/-550/-641 -599/-555/-647 -598/-554/-646 -592/-549/-640 
f -591/-548/-639 -597/-553/-645 -599/-555/-647 -593/-550/-641 
f -590/-547/-638 -596/-552/-644 -597/-553/-645 -591/-548/-639 
f -589/-546/-637 -595/-586/-643 -596/-552/-644 -590/-547/-638 
f -588/-545/-636 -594/-551/-642 -595/-586/-643 -589/-546/-637 
f -592/-549/-640 -598/-554/-646 -594/-551/-642 -588/-545/-636 
s 2
f -587/-544/-635 -586/-543/-634 -585/-542/-633 -584/-541/-633 
s off
f -584/-541/-632 -583/-540/-632 -582/-539/-632 -587/-544/-632 
f -581/-538/-631 -580/-537/-631 -586/-543/-631 -579/-536/-631 
s 2
f -578/-535/-630 -579/-536/-629 -586/-543/-634 -587/-544/-635 
s off
f -577/-534/-628 -578/-535/-628 -587/-544/-628 -582/-539/-628 
f -580/-537/-627 -576/-533/-627 -585/-542/-627 -586/-543/-627 
s 2
f -582/-539/-626 -583/-540/-625 -575/-532/-624 -574/-531/-623 
f -580/-537/-622 -581/-538/-621 -573/-530/-620 -572/-529/-619 
f -571/-528/-618 -577/-534/-617 -582/-539/-626 -574/-531/-623 
s 6
f -576/-533/-616 -580/-537/-622 -572/-529/-619 -570/-527/-615 
s 2
f -569/-526/-614 -568/-525/-613 -567/-524/-613 -566/-523/-612 
s off
f -568/-525/-611 -569/-526/-611 -565/-522/-611 -564/-521/-611 
f -563/-520/-610 -562/-519/-610 -566/-523/-610 -561/-518/-610 
s 2
f -560/-517/-609 -569/-526/-614 -566/-523/-612 -562/-519/-609 
s off
f -559/-516/-608 -565/-522/-607 -569/-526/-608 -560/-517/-608 
f -561/-518/-606 -566/-523/-606 -567/-524/-606 -558/-515/-606 
f -561/-518/-605 -558/-515/-605 -557/-514/-605 
s 2
f -565/-522/-604 -574/-513/-623 -575/-512/-624 -564/-521/-603 
f -561/-518/-602 -572/-511/-619 -573/-510/-620 -563/-520/-601 
f -571/-509/-618 -574/-513/-623 -565/-522/-604 -559/-516/-600 
f -557/-514/-599 -570/-508/-615 -572/-511/-619 -561/-518/-602 
s 4
f -570/-507/-615 -575/-506/-2087 -583/-505/-2087 -576/-504/-616 
s 8
f -557/-503/-2087 -564/-502/-2087 -575/-506/-2087 -570/-507/-2087 
s off
f -576/-504/-2087 -583/-505/-2087 -584/-501/-2087 -585/-500/-2087 
f -568/-499/-2087 -564/-502/-2087 -557/-503/-2087 -558/-498/-2087 
f -568/-499/-2087 -558/-498/-2087 -567/-497/-2087 
s 6
f -559/-496/-600 -563/-495/-601 -573/-494/-620 -571/-493/-618 
f -571/-493/-618 -573/-494/-620 -581/-492/-621 -577/-491/-617 
s off
f -559/-496/-2033 -560/-490/-2033 -562/-489/-2033 -563/-495/-2033 
f -577/-491/-2033 -581/-492/-2033 -579/-488/-2033 -578/-487/-2033 
s 1
f -556/-486/-598 -555/-615/-597 -554/-485/-596 -553/-484/-595 
f -552/-612/-594 -551/-483/-593 -555/-615/-597 -556/-486/-598 
f -550/-482/-592 -549/-481/-591 -551/-483/-593 -552/-612/-594 
f -548/-612/-590 -547/-483/-589 -549/-481/-591 -550/-482/-592 
f -546/-486/-588 -545/-615/-587 -547/-483/-589 -548/-612/-590 
f -553/-484/-595 -554/-485/-596 -545/-615/-587 -546/-486/-588 
f -544/-480/-586 -556/-486/-598 -553/-484/-595 -543/-479/-585 
f -542/-478/-584 -552/-612/-594 -556/-486/-598 -544/-480/-586 
f -541/-477/-583 -550/-482/-592 -552/-612/-594 -542/-478/-584 
f -540/-478/-582 -548/-612/-590 -550/-482/-592 -541/-477/-583 
f -539/-480/-581 -546/-486/-588 -548/-612/-590 -540/-478/-582 
f -543/-479/-585 -553/-484/-595 -546/-486/-588 -539/-480/-581 
f -538/-476/-580 -544/-480/-586 -543/-479/-585 -537/-475/-579 
f -536/-474/-578 -542/-478/-584 -544/-480/-586 -538/-476/-580 
f -535/-473/-577 -541/-477/-583 -542/-478/-584 -536/-474/-578 
f -534/-474/-576 -540/-478/-582 -541/-477/-583 -535/-473/-577 
f -533/-476/-575 -539/-480/-581 -540/-478/-582 -534/-474/-576 
f -537/-475/-579 -543/-479/-585 -539/-480/-581 -533/-476/-575 
f -532/-472/-574 -538/-476/-580 -537/-475/-579 -531/-471/-573 
f -530/-470/-572 -536/-474/-578 -538/-476/-580 -532/-472/-574 
f -529/-469/-571 -535/-473/-577 -536/-474/-578 -530/-470/-572 
f -528/-470/-570 -534/-474/-576 -535/-473/-577 -529/-469/-571 
f -527/-472/-569 -533/-476/-575 -534/-474/-576 -528/-470/-570 
f -531/-471/-573 -537/-475/-579 -533/-476/-575 -527/-472/-569 
f -526/-468/-568 -532/-472/-574 -531/-471/-573 -525/-599/-567 
f -524/-561/-566 -530/-470/-572 -532/-472/-574 -526/-468/-568 
f -523/-467/-565 -529/-469/-571 -530/-470/-572 -524/-561/-566 
f -522/-561/-564 -528/-470/-570 -529/-469/-571 -523/-467/-565 
f -521/-468/-563 -527/-472/-569 -528/-470/-570 -522/-561/-564 
f -525/-599/-567 -531/-471/-573 -527/-472/-569 -521/-468/-563 
f -520/-596/-562 -526/-468/-568 -525/-599/-567 -519/-466/-561 
f -518/-465/-560 -524/-561/-566 -526/-468/-568 -520/-596/-562 
f -517/-464/-559 -523/-467/-565 -524/-561/-566 -518/-465/-560 
f -516/-463/-558 -522/-561/-564 -523/-467/-565 -517/-464/-559 
f -515/-462/-557 -521/-468/-563 -522/-561/-564 -516/-463/-558 
f -519/-466/-561 -525/-599/-567 -521/-468/-563 -515/-462/-557 
f -514/-589/-556 -513/-461/-555 -520/-596/-562 -519/-466/-561 
f -513/-461/-555 -512/-460/-554 -518/-465/-560 -520/-596/-562 
f -512/-460/-554 -511/-459/-553 -517/-464/-559 -518/-465/-560 
f -511/-459/-553 -510/-458/-552 -516/-463/-558 -517/-464/-559 
f -516/-463/-558 -510/-458/-552 -509/-457/-551 -515/-462/-557 
f -515/-462/-557 -509/-457/-551 -514/-589/-556 -519/-466/-561 
f -514/-589/-556 -508/-456/-550 -507/-455/-549 -513/-461/-555 
f -507/-455/-549 -506/-454/-548 -512/-460/-554 -513/-461/-555 
f -506/-454/-548 -505/-453/-547 -511/-459/-553 -512/-460/-554 
f -505/-453/-547 -504/-452/-546 -510/-458/-552 -511/-459/-553 
f -510/-458/-552 -504/-452/-546 -503/-451/-545 -509/-457/-551 
f -509/-457/-551 -503/-451/-545 -508/-456/-550 -514/-589/-556 
s 2
f -502/-450/-544 -501/-449/-543 -500/-448/-542 -499/-447/-541 
f -501/-449/-543 -498/-446/-540 -497/-445/-539 -500/-448/-542 
f -502/-450/-544 -499/-447/-541 -496/-444/-538 -495/-443/-537 
s 4
f -495/-442/-536 -501/-441/-535 -502/-440/-534 
s 2
f -494/-439/-533 -493/-438/-532 -492/-437/-531 
s 6
f -493/-436/-532 -494/-435/-533 -499/-447/-541 -500/-448/-542 
s 2
f -496/-444/-538 -492/-434/-531 -491/-433/-530 -490/-432/-529 
s 6
f -499/-447/-541 -494/-435/-533 -492/-434/-531 -496/-444/-538 
s 2
f -495/-443/-537 -496/-444/-538 -490/-432/-529 -489/-431/-528 
s 6
f -488/-430/-527 -493/-436/-532 -500/-448/-542 -497/-445/-539 
s 2
f -487/-429/-526 -486/-428/-525 -485/-427/-524 -484/-426/-523 
f -484/-426/-523 -485/-427/-524 -497/-425/-539 -498/-424/-540 
f -487/-429/-526 -483/-423/-522 -482/-422/-521 -486/-428/-525 
s 4
f -483/-421/-520 -484/-420/-519 -498/-419/-518 -489/-418/-518 
s 2
f -481/-417/-517 -480/-416/-516 -479/-415/-515 
s 6
f -479/-414/-515 -485/-427/-524 -486/-428/-525 -481/-413/-517 
s 2
f -482/-422/-521 -490/-412/-529 -491/-411/-530 -480/-410/-516 
s 6
f -486/-428/-525 -482/-422/-521 -480/-410/-516 -481/-413/-517 
s 2
f -483/-423/-522 -489/-409/-528 -490/-412/-529 -482/-422/-521 
s 6
f -488/-408/-527 -497/-425/-539 -485/-427/-524 -479/-414/-515 
s 10
f -488/-407/-527 -491/-406/-530 -492/-437/-531 -493/-438/-532 
f -480/-416/-516 -491/-406/-530 -488/-407/-527 -479/-415/-515 
s 4
f -495/-442/-536 -489/-418/-518 -498/-419/-518 -501/-441/-535 
f -483/-421/-520 -487/-405/-514 -484/-420/-519 
s 2
f -478/-404/-513 -477/-403/-512 -476/-402/-511 -475/-401/-510 
s 3
f -474/-400/-509 -473/-399/-508 -477/-403/-512 -478/-404/-513 
s 2
f -472/-398/-507 -471/-397/-506 -473/-399/-508 -474/-400/-509 
f -470/-396/-505 -469/-399/-504 -468/-400/-503 -467/-395/-502 
f -469/-399/-504 -466/-403/-501 -465/-404/-500 -468/-400/-503 
f -466/-403/-501 -464/-394/-499 -463/-393/-498 -465/-404/-500 
s 6
f -476/-402/-511 -462/-392/-497 -461/-391/-496 -475/-401/-510 
f -462/-390/-497 -460/-397/-495 -459/-398/-494 -461/-389/-496 
s 4
f -460/-397/-495 -470/-396/-493 -467/-395/-492 -459/-398/-494 
s 2
f -458/-388/-491 -457/-387/-490 -456/-386/-489 -455/-385/-488 
f -457/-387/-490 -454/-384/-487 -453/-383/-486 -456/-386/-489 
f -454/-384/-487 -452/-382/-485 -451/-381/-484 -453/-383/-486 
f -455/-385/-488 -456/-386/-489 -450/-380/-483 -449/-379/-482 
s 3
f -456/-386/-489 -453/-383/-486 -448/-378/-481 -450/-380/-483 
s 2
f -453/-383/-486 -451/-381/-484 -447/-377/-480 -448/-378/-481 
f -449/-379/-482 -450/-380/-483 -446/-376/-479 -445/-375/-478 
s 3
f -450/-380/-483 -448/-378/-481 -444/-374/-477 -446/-376/-479 
s 2
f -448/-378/-481 -447/-377/-480 -443/-373/-476 -444/-374/-477 
s 4
f -442/-372/-475 -441/-371/-474 -451/-370/-473 -452/-369/-472 
f -441/-368/-474 -440/-367/-471 -447/-366/-470 -451/-365/-473 
f -440/-367/-471 -439/-364/-469 -443/-363/-468 -447/-366/-470 
s 2
f -472/-362/-507 -474/-361/-509 -438/-360/-467 -437/-359/-466 
s 7
f -474/-361/-509 -478/-358/-513 -436/-357/-465 -438/-360/-467 
s 6
f -478/-358/-513 -475/-356/-510 -461/-355/-496 -436/-357/-465 
s 2
f -437/-359/-466 -438/-360/-467 -435/-354/-464 -434/-353/-463 
s 7
f -438/-360/-467 -436/-357/-465 -433/-352/-462 -435/-354/-464 
s 4
f -436/-357/-465 -461/-355/-496 -459/-351/-494 -433/-352/-462 
s 6
f -434/-353/-463 -435/-354/-464 -465/-350/-500 -463/-349/-498 
s 12
f -435/-354/-464 -433/-352/-462 -468/-348/-461 -465/-350/-500 
s 8
f -433/-352/-462 -459/-351/-460 -467/-347/-460 -468/-348/-461 
s 2
f -432/-346/-459 -431/-345/-458 -476/-402/-511 -477/-403/-512 
s 3
f -430/-344/-457 -432/-346/-459 -477/-403/-512 -473/-399/-508 
s 2
f -429/-343/-456 -430/-344/-457 -473/-399/-508 -471/-397/-506 
f -428/-342/-455 -427/-344/-454 -469/-399/-504 -470/-396/-505 
s 3
f -427/-344/-454 -426/-346/-453 -466/-403/-501 -469/-399/-504 
s 2
f -426/-346/-453 -425/-341/-452 -464/-394/-499 -466/-403/-501 
s 4
f -431/-345/-451 -424/-340/-450 -462/-392/-497 -476/-402/-511 
s 7
f -424/-339/-450 -423/-343/-449 -460/-397/-495 -462/-390/-497 
s 4
f -423/-343/-449 -428/-342/-448 -470/-396/-493 -460/-397/-495 
f -472/-398/-447 -437/-389/-446 -422/-390/-445 -471/-397/-444 
f -437/-391/-446 -434/-401/-463 -421/-402/-443 -422/-392/-445 
s 12
f -434/-401/-463 -463/-393/-498 -464/-394/-442 -421/-402/-443 
s 4
f -471/-397/-444 -422/-390/-445 -420/-339/-441 -429/-343/-456 
s 5
f -422/-392/-445 -421/-402/-443 -419/-345/-440 -420/-340/-441 
s 4
f -421/-402/-443 -464/-394/-442 -425/-341/-452 -419/-345/-440 
s 2
f -432/-346/-459 -418/-338/-439 -417/-337/-438 -431/-345/-458 
s 3
f -416/-336/-437 -418/-338/-439 -432/-346/-459 -430/-344/-457 
s 6
f -415/-335/-436 -416/-336/-437 -430/-344/-457 -429/-343/-456 
s 2
f -428/-342/-455 -414/-334/-435 -413/-336/-434 -427/-344/-454 
s 3
f -413/-336/-434 -412/-338/-433 -426/-346/-453 -427/-344/-454 
s 2
f -412/-338/-433 -411/-333/-432 -425/-341/-452 -426/-346/-453 
s 4
f -431/-345/-451 -417/-337/-431 -410/-332/-430 -424/-340/-450 
s 5
f -424/-339/-450 -410/-331/-430 -409/-335/-429 -423/-343/-449 
f -423/-343/-449 -409/-335/-429 -414/-334/-428 -428/-342/-448 
s 6
f -415/-335/-436 -408/-331/-427 -407/-330/-426 -406/-329/-425 
s 3
f -408/-332/-427 -405/-337/-424 -404/-328/-423 -407/-327/-426 
s 6
f -405/-337/-424 -411/-333/-432 -403/-326/-422 -404/-328/-423 
s 2
f -402/-325/-421 -401/-367/-420 -400/-328/-419 -399/-324/-418 
s 7
f -398/-323/-417 -402/-325/-421 -399/-324/-418 -397/-322/-416 
s 10
f -442/-372/-475 -398/-323/-417 -397/-322/-416 -406/-329/-425 
s 2
f -396/-321/-415 -395/-323/-414 -394/-322/-413 -393/-320/-412 
s 3
f -395/-323/-414 -392/-325/-411 -391/-324/-410 -394/-322/-413 
s 6
f -392/-325/-411 -439/-364/-469 -403/-326/-422 -391/-324/-410 
s 12
f -401/-367/-420 -390/-368/-409 -389/-327/-408 -400/-328/-407 
s 5
f -390/-371/-409 -388/-372/-406 -387/-329/-405 -389/-330/-408 
s 4
f -388/-372/-406 -396/-321/-404 -393/-320/-403 -387/-329/-405 
s 6
f -406/-329/-425 -407/-330/-426 -441/-371/-474 -442/-372/-475 
s 7
f -407/-327/-426 -404/-328/-423 -440/-367/-471 -441/-368/-474 
s 4
f -404/-328/-423 -403/-326/-422 -439/-364/-469 -440/-367/-471 
s 6
f -457/-319/-490 -458/-366/-491 -401/-367/-420 -402/-325/-421 
s 4
f -454/-318/-402 -457/-319/-490 -402/-325/-421 -398/-323/-417 
s 8
f -452/-369/-401 -454/-318/-401 -398/-323/-417 -442/-372/-475 
s 2
f -445/-317/-478 -446/-318/-479 -395/-323/-414 -396/-321/-415 
s 3
f -446/-318/-479 -444/-319/-477 -392/-325/-411 -395/-323/-414 
s 2
f -444/-319/-477 -443/-363/-476 -439/-364/-469 -392/-325/-411 
s 8
f -458/-366/-400 -455/-365/-400 -390/-368/-409 -401/-367/-420 
s 4
f -455/-370/-399 -449/-369/-398 -388/-372/-406 -390/-371/-409 
f -449/-369/-398 -445/-317/-397 -396/-321/-404 -388/-372/-406 
s 2
f -418/-338/-439 -399/-324/-418 -400/-328/-419 -417/-337/-438 
s 3
f -397/-322/-416 -399/-324/-418 -418/-338/-439 -416/-336/-437 
s 6
f -406/-329/-425 -397/-322/-416 -416/-336/-437 -415/-335/-436 
s 2
f -393/-320/-412 -394/-322/-413 -413/-336/-434 -414/-334/-435 
s 3
f -394/-322/-413 -391/-324/-410 -412/-338/-433 -413/-336/-434 
s 6
f -391/-324/-410 -403/-326/-422 -411/-333/-432 -412/-338/-433 
s 4
f -417/-337/-431 -400/-328/-407 -389/-327/-408 -410/-332/-430 
s 5
f -410/-331/-430 -389/-330/-408 -387/-329/-405 -409/-335/-429 
s 4
f -387/-329/-405 -393/-320/-403 -414/-334/-428 -409/-335/-429 
f -429/-343/-456 -420/-339/-441 -408/-331/-427 -415/-335/-436 
s 7
f -420/-340/-441 -419/-345/-440 -405/-337/-424 -408/-332/-427 
s 6
f -419/-345/-440 -425/-341/-452 -411/-333/-432 -405/-337/-424 
s 2
f -386/-316/-2169 -385/-315/-2169 -384/-314/-2169 -383/-313/-2169 
f -382/-316/-2213 -381/-313/-2213 -380/-314/-2213 -379/-315/-2213 
s 4
f -386/-312/-396 -383/-311/-396 -381/-310/-396 -382/-309/-396 
f -384/-308/-395 -385/-307/-395 -379/-306/-395 -380/-305/-395 
s off
f -383/-313/-2169 -384/-314/-2169 -378/-304/-2169 -377/-303/-2169 
f -380/-314/-2213 -381/-313/-2213 -376/-303/-2213 -375/-304/-2213 
f -381/-310/-394 -383/-311/-394 -377/-302/-394 -376/-301/-394 
f -384/-308/-393 -380/-305/-393 -375/-300/-393 -378/-299/-393 
f -377/-303/-2169 -378/-304/-2169 -374/-298/-2169 -373/-297/-2169 
f -375/-304/-2213 -376/-303/-2213 -372/-297/-2213 -371/-298/-2213 
f -376/-301/-392 -377/-302/-392 -373/-296/-392 -372/-295/-392 
f -378/-299/-391 -375/-300/-391 -371/-294/-391 -374/-293/-391 
f -373/-297/-2169 -374/-298/-2169 -370/-292/-2169 -369/-291/-2169 
f -371/-298/-2213 -372/-297/-2213 -368/-291/-2213 -367/-292/-2213 
f -372/-295/-390 -373/-296/-390 -369/-290/-390 -368/-289/-390 
f -374/-293/-389 -371/-294/-389 -367/-288/-389 -370/-287/-389 
f -367/-288/-388 -368/-289/-388 -369/-290/-388 -370/-287/-388 
f -366/-286/-2169 -365/-285/-2169 -364/-284/-2169 -363/-283/-2169 
f -362/-282/-387 -366/-281/-387 -363/-307/-387 -361/-306/-387 
f -365/-280/-386 -360/-279/-386 -359/-278/-386 -364/-277/-386 
f -358/-279/-385 -357/-276/-385 -356/-275/-385 -355/-280/-385 
f -355/-274/-2169 -356/-273/-2169 -365/-285/-2169 -366/-286/-2169 
f -385/-315/-2169 -386/-316/-2169 -363/-283/-2169 -364/-284/-2169 
f -358/-279/-384 -355/-280/-384 -366/-281/-384 -362/-282/-384 
f -386/-312/-383 -382/-309/-383 -361/-306/-383 -363/-307/-383 
f -356/-275/-382 -357/-276/-382 -360/-279/-382 -365/-280/-382 
f -379/-306/-381 -385/-307/-381 -364/-277/-381 -359/-278/-381 
f -382/-309/-380 -379/-306/-380 -354/-272/-380 -353/-271/-380 
f -361/-306/-383 -382/-309/-383 -353/-271/-383 -352/-272/-383 
f -379/-306/-381 -359/-278/-381 -351/-270/-381 -354/-272/-381 
f -357/-276/-385 -358/-279/-385 -350/-269/-385 -349/-268/-385 
f -362/-282/-387 -361/-306/-387 -352/-272/-387 -348/-267/-387 
f -358/-279/-384 -362/-282/-384 -348/-267/-384 -350/-269/-384 
f -359/-278/-386 -360/-279/-386 -347/-269/-386 -351/-270/-386 
f -360/-279/-382 -357/-276/-382 -349/-268/-382 -347/-269/-382 
s 2
f -351/-284/-2213 -347/-285/-2213 -348/-286/-2213 -352/-283/-2213 
s off
f -351/-284/-2213 -352/-283/-2213 -353/-316/-2213 -354/-315/-2213 
f -350/-274/-2213 -348/-286/-2213 -347/-285/-2213 -349/-273/-2213 
s 2
f -346/-266/-379 -345/-265/-378 -344/-264/-377 
s off
f -346/-266/-376 -343/-263/-376 -345/-265/-376 
s 2
f -342/-262/-375 -341/-261/-374 -345/-265/-378 -340/-260/-375 
f -344/-264/-377 -345/-265/-378 -341/-261/-374 
s off
f -340/-260/-373 -339/-259/-373 -342/-262/-373 
f -338/-258/-372 -337/-257/-372 -336/-256/-372 -335/-255/-372 
f -334/-254/-371 -335/-255/-371 -336/-256/-371 -333/-253/-371 
f -332/-252/-370 -339/-259/-370 -340/-260/-370 -331/-251/-370 
f -330/-250/-369 -331/-251/-369 -340/-260/-369 -329/-249/-369 
f -337/-257/-368 -328/-248/-368 -327/-247/-368 -336/-256/-368 
f -339/-259/-367 -326/-246/-367 -325/-245/-367 -342/-262/-367 
f -332/-252/-366 -324/-244/-366 -326/-246/-366 -339/-259/-365 
f -326/-246/-364 -323/-243/-364 -322/-242/-364 -325/-245/-364 
f -324/-244/-363 -321/-241/-363 -323/-243/-363 -326/-246/-363 
f -323/-243/-362 -320/-240/-362 -319/-239/-362 -322/-242/-362 
f -321/-241/-361 -318/-238/-361 -320/-240/-361 -323/-243/-361 
f -320/-240/-360 -317/-237/-360 -316/-236/-360 -319/-239/-360 
f -318/-238/-359 -315/-235/-359 -317/-237/-359 -320/-240/-359 
f -317/-237/-358 -314/-234/-358 -313/-233/-358 -316/-236/-358 
f -315/-235/-357 -312/-232/-357 -314/-234/-357 -317/-237/-357 
f -311/-231/-356 -345/-265/-356 -343/-263/-356 -310/-230/-356 
f -344/-229/-355 -309/-229/-355 -308/-229/-355 -346/-229/-355 
f -343/-228/-354 -307/-228/-354 -306/-228/-354 -310/-228/-354 
f -310/-228/-353 -306/-228/-352 -305/-228/-353 -311/-228/-352 
f -342/-227/-351 -304/-227/-351 -303/-226/-351 -341/-226/-351 
f -341/-226/-350 -303/-226/-350 -309/-229/-350 -344/-229/-350 
f -338/-225/-349 -302/-225/-349 -301/-224/-349 -337/-224/-349 
f -332/-223/-348 -333/-225/-348 -300/-225/-348 -299/-223/-348 
f -336/-225/-347 -298/-225/-347 -300/-225/-347 -333/-225/-347 
f -329/-223/-346 -297/-223/-345 -302/-225/-346 -338/-225/-346 
f -340/-222/-344 -296/-222/-344 -297/-223/-344 -329/-223/-344 
f -327/-225/-343 -295/-225/-343 -298/-225/-343 -336/-225/-343 
f -337/-224/-342 -301/-224/-342 -294/-224/-342 -328/-224/-342 
f -325/-227/-341 -293/-227/-341 -304/-227/-341 -342/-227/-341 
f -332/-223/-340 -299/-223/-340 -292/-222/-339 -324/-222/-339 
f -322/-221/-338 -291/-221/-338 -293/-227/-338 -325/-227/-338 
f -324/-222/-2371 -292/-222/-2371 -290/-227/-2371 -321/-227/-2371 
f -319/-221/-337 -289/-221/-336 -291/-221/-336 -322/-221/-337 
f -321/-227/-335 -290/-227/-335 -288/-221/-335 -318/-221/-335 
f -316/-226/-2176 -287/-226/-2176 -289/-221/-2176 -319/-221/-2176 
f -318/-221/-2371 -288/-221/-2371 -286/-221/-2371 -315/-221/-2371 
f -313/-226/-334 -285/-226/-334 -287/-226/-334 -316/-226/-334 
f -315/-221/-333 -286/-221/-333 -284/-226/-333 -312/-226/-333 
f -314/-226/-332 -283/-226/-332 -285/-226/-332 -313/-226/-332 
f -312/-226/-331 -284/-226/-331 -283/-226/-331 -314/-226/-331 
f -311/-228/-330 -305/-228/-330 -282/-228/-330 -345/-228/-330 
f -346/-229/-329 -308/-229/-329 -307/-228/-328 -343/-228/-329 
s 2
f -281/-266/-327 -280/-264/-326 -279/-265/-325 
s off
f -281/-266/-324 -279/-265/-324 -278/-263/-324 
s 2
f -277/-262/-323 -276/-260/-323 -279/-265/-325 -275/-261/-322 
f -280/-264/-326 -275/-261/-322 -279/-265/-325 
s off
f -276/-260/-321 -277/-262/-320 -274/-259/-321 
f -273/-253/-319 -272/-258/-319 -271/-249/-319 -270/-252/-319 
f -269/-256/-318 -268/-257/-318 -272/-258/-318 -273/-253/-318 
f -276/-260/-317 -274/-259/-317 -270/-252/-317 -271/-249/-317 
f -268/-257/-316 -269/-256/-316 -267/-247/-316 -266/-248/-316 
f -274/-259/-315 -277/-262/-315 -265/-245/-315 -264/-246/-315 
f -270/-252/-314 -274/-259/-314 -264/-246/-314 -263/-244/-314 
f -264/-246/-313 -265/-245/-313 -262/-242/-313 -261/-243/-313 
f -263/-244/-312 -264/-246/-312 -261/-243/-312 -260/-241/-312 
f -261/-243/-311 -262/-242/-311 -259/-239/-311 -258/-240/-311 
f -260/-241/-310 -261/-243/-310 -258/-240/-310 -257/-238/-310 
f -258/-240/-309 -259/-239/-309 -256/-236/-309 -255/-237/-309 
f -257/-238/-308 -258/-240/-308 -255/-237/-308 -254/-235/-308 
f -255/-237/-307 -256/-236/-307 -253/-233/-307 -252/-234/-307 
f -254/-235/-306 -255/-237/-306 -252/-234/-306 -251/-232/-306 
f -250/-231/-305 -249/-230/-305 -278/-263/-305 -279/-265/-305 
f -280/-220/-304 -281/-220/-304 -308/-229/-304 -309/-229/-304 
f -278/-219/-303 -249/-219/-303 -306/-228/-303 -307/-228/-303 
f -249/-219/-302 -250/-219/-302 -305/-228/-302 -306/-228/-302 
f -277/-218/-301 -275/-217/-301 -303/-226/-301 -304/-227/-301 
f -275/-217/-300 -280/-220/-300 -309/-229/-300 -303/-226/-300 
f -272/-216/-299 -268/-215/-299 -301/-224/-299 -302/-225/-299 
f -273/-216/-298 -270/-214/-298 -299/-223/-298 -300/-225/-298 
f -269/-216/-297 -273/-216/-296 -300/-225/-297 -298/-225/-296 
f -276/-213/-295 -271/-214/-295 -297/-223/-295 -296/-222/-295 
f -267/-216/-343 -269/-216/-343 -298/-225/-343 -295/-225/-343 
f -268/-215/-294 -266/-215/-294 -294/-224/-294 -301/-224/-294 
f -265/-218/-293 -277/-218/-293 -304/-227/-293 -293/-227/-293 
f -270/-214/-292 -263/-213/-292 -292/-222/-292 -299/-223/-292 
f -262/-212/-291 -265/-218/-291 -293/-227/-338 -291/-221/-338 
f -263/-213/-2371 -260/-218/-2371 -290/-227/-2371 -292/-222/-2371 
f -259/-212/-290 -262/-212/-289 -291/-221/-289 -289/-221/-289 
f -260/-218/-335 -257/-212/-335 -288/-221/-335 -290/-227/-335 
f -256/-217/-2176 -259/-212/-2176 -289/-221/-2176 -287/-226/-2176 
f -257/-212/-2371 -254/-212/-2371 -286/-221/-2371 -288/-221/-2371 
f -253/-217/-288 -256/-217/-288 -287/-226/-288 -285/-226/-288 
f -254/-212/-287 -251/-217/-287 -284/-226/-287 -286/-221/-287 
f -252/-217/-286 -253/-217/-286 -285/-226/-286 -283/-226/-286 
f -251/-217/-331 -252/-217/-331 -283/-226/-331 -284/-226/-331 
f -250/-219/-330 -279/-219/-330 -282/-228/-330 -305/-228/-330 
f -281/-220/-285 -278/-219/-285 -307/-228/-285 -308/-229/-285 
f -279/-219/-284 -248/-220/-284 -247/-229/-284 -282/-228/-284 
f -246/-213/-283 -276/-213/-283 -296/-222/-283 -245/-222/-283 
f -248/-220/-282 -244/-218/-282 -243/-227/-282 -247/-229/-282 
f -244/-218/-281 -242/-214/-281 -241/-223/-281 -243/-227/-281 
f -240/-216/-280 -239/-214/-280 -238/-223/-280 -237/-225/-280 
f -242/-214/-279 -240/-216/-279 -237/-225/-279 -241/-223/-279 
s 2
f -244/-211/-278 -239/-210/-277 -240/-209/-278 -242/-208/-278 
f -237/-209/-276 -238/-210/-275 -243/-211/-274 -241/-208/-276 
s 4
f -245/-207/-273 -247/-206/-273 -243/-211/-273 -238/-210/-273 
f -246/-207/-272 -239/-210/-272 -244/-211/-272 -248/-206/-272 
s 8
f -248/-206/-271 -279/-265/-271 -276/-260/-271 -246/-207/-271 
s 4
f -296/-222/-270 -340/-222/-270 -345/-228/-270 -282/-228/-270 
s 2
f -296/-260/-269 -282/-265/-269 -247/-206/-269 -245/-207/-268 
s off
f -334/-205/-267 -236/-204/-267 -235/-204/-267 -335/-205/-267 
f -234/-203/-266 -233/-202/-266 -236/-204/-266 -334/-205/-266 
f -335/-205/-265 -235/-204/-265 -232/-201/-265 -231/-200/-265 
f -230/-199/-264 -229/-198/-264 -233/-202/-264 -234/-203/-264 
f -331/-197/-263 -228/-196/-263 -229/-198/-263 -230/-199/-263 
f -231/-200/-262 -232/-201/-262 -227/-195/-262 -226/-194/-262 
f -226/-194/-261 -227/-195/-260 -225/-193/-261 -330/-192/-261 
s 2
f -232/-191/-259 -233/-190/-259 -229/-189/-259 -227/-188/-259 
s off
f -232/-191/-258 -235/-255/-258 -236/-254/-258 -233/-190/-258 
f -228/-251/-257 -225/-250/-257 -227/-188/-257 -229/-189/-257 
s 2
f -330/-192/-256 -225/-193/-256 -228/-196/-256 -331/-197/-256 
f -231/-191/-255 -226/-188/-255 -329/-249/-255 -338/-258/-255 
s off
f -335/-255/-254 -231/-191/-254 -338/-258/-254 
f -330/-250/-253 -329/-249/-253 -226/-188/-253 
s 2
f -230/-189/-252 -234/-190/-252 -333/-253/-252 -332/-252/-252 
s off
f -331/-251/-251 -230/-189/-251 -332/-252/-250 
f -334/-254/-249 -333/-253/-249 -234/-190/-249 
f -272/-258/-248 -224/-187/-248 -223/-186/-248 -271/-249/-248 
f -302/-225/-247 -222/-224/-247 -224/-215/-247 -272/-216/-247 
f -297/-249/-246 -221/-186/-246 -222/-187/-245 -302/-258/-245 
f -271/-214/-244 -223/-216/-244 -221/-225/-244 -297/-223/-244 
f -224/-187/-243 -220/-185/-243 -219/-184/-243 -223/-186/-243 
f -222/-224/-242 -218/-183/-242 -220/-182/-242 -224/-215/-242 
f -221/-186/-241 -217/-184/-241 -218/-185/-241 -222/-187/-241 
f -223/-216/-240 -219/-216/-240 -217/-225/-240 -221/-225/-239 
f -220/-185/-238 -216/-181/-238 -215/-180/-238 -219/-184/-238 
f -218/-183/-237 -214/-183/-237 -216/-182/-237 -220/-182/-237 
f -217/-184/-236 -213/-180/-236 -214/-181/-236 -218/-185/-236 
f -219/-216/-235 -215/-216/-235 -213/-225/-235 -217/-225/-235 
f -216/-181/-234 -212/-179/-234 -211/-178/-234 -215/-180/-234 
f -214/-183/-233 -210/-224/-233 -212/-215/-233 -216/-182/-233 
f -213/-180/-232 -209/-178/-232 -210/-179/-232 -214/-181/-232 
f -215/-216/-231 -211/-216/-231 -209/-225/-231 -213/-225/-231 
f -212/-179/-230 -208/-177/-230 -207/-176/-230 -211/-178/-230 
f -210/-224/-229 -206/-224/-229 -208/-215/-229 -212/-215/-229 
f -209/-178/-228 -205/-176/-228 -206/-177/-228 -210/-179/-228 
f -205/-225/-227 -207/-216/-227 -208/-215/-227 -206/-224/-227 
s 2
f -209/-178/-226 -245/-207/-268 -238/-210/-275 -205/-176/-226 
f -211/-178/-225 -207/-176/-225 -239/-210/-277 -246/-207/-225 
s off
f -205/-225/-224 -238/-223/-224 -239/-214/-224 -207/-216/-224 
f -211/-216/-223 -246/-213/-223 -245/-222/-223 -209/-225/-223 
s 2
f -328/-224/-222 -294/-224/-222 -295/-225/-222 -327/-225/-222 
s off
f -294/-224/-221 -266/-215/-221 -267/-216/-221 -295/-225/-221 
s 10
f -204/-175/-220 -203/-174/-220 -202/-173/-219 -201/-172/-218 
f -200/-171/-217 -199/-170/-217 -198/-169/-216 -197/-168/-216 
s 4
f -203/-171/-215 -200/-171/-214 -197/-168/-213 -202/-168/-213 
s 2
f -196/-167/-212 -195/-166/-212 -194/-166/-212 -193/-167/-212 
s 4
f -201/-169/-211 -198/-169/-210 -199/-170/-209 -204/-170/-208 
s 2
f -192/-165/-207 -191/-164/-206 -190/-164/-205 -189/-165/-204 
s 8
f -195/-163/-203 -196/-162/-203 -203/-174/-220 -204/-175/-220 
s 2
f -191/-161/-206 -192/-160/-207 -201/-172/-218 -202/-173/-219 
s 8
f -193/-167/-202 -194/-166/-202 -199/-170/-217 -200/-171/-217 
s 10
f -189/-165/-204 -190/-164/-205 -197/-168/-216 -198/-169/-216 
s 4
f -196/-167/-201 -193/-167/-201 -200/-171/-214 -203/-171/-215 
f -190/-164/-200 -191/-164/-199 -202/-168/-213 -197/-168/-213 
f -192/-165/-198 -189/-165/-198 -198/-169/-210 -201/-169/-211 
f -194/-166/-197 -195/-166/-197 -204/-170/-208 -199/-170/-209 
s 2
f -188/-159/-196 -187/-158/-195 -186/-157/-194 
f -187/-158/-195 -185/-156/-193 -184/-155/-192 -183/-154/-191 
f -182/-153/-190 -181/-152/-189 -180/-151/-188 
f -181/-152/-189 -179/-150/-187 -178/-149/-186 -177/-148/-185 
f -185/-156/-193 -176/-147/-184 -184/-155/-192 
f -179/-150/-187 -175/-146/-183 -174/-145/-182 -178/-149/-186 
s off
f -179/-150/-2169 -184/-155/-2169 -175/-146/-2169 
s 3
f -175/-146/-183 -173/-144/-181 -172/-143/-180 
s 2
f -175/-146/-183 -184/-155/-192 -176/-147/-184 -173/-144/-181 
s 3
f -176/-142/-184 -171/-141/-179 -170/-140/-178 -173/-139/-181 
f -169/-138/-177 -170/-140/-178 -171/-141/-179 -168/-137/-176 
f -168/-137/-176 -167/-136/-175 -166/-135/-174 -169/-138/-177 
f -167/-136/-175 -165/-134/-173 -164/-133/-172 -166/-135/-174 
s 2
f -183/-132/-191 -163/-132/-171 -162/-131/-170 -161/-131/-169 
f -161/-131/-169 -162/-131/-170 -160/-130/-168 -159/-130/-167 
s 6
f -159/-130/-167 -160/-130/-168 -158/-129/-166 -186/-129/-194 
f -186/-129/-194 -158/-129/-166 -157/-128/-165 -188/-128/-196 
f -188/-128/-196 -157/-128/-165 -156/-127/-164 -187/-127/-195 
s 7
f -187/-127/-195 -156/-127/-164 -155/-126/-163 -185/-126/-193 
s 2
f -184/-125/-192 -154/-125/-162 -163/-132/-171 -183/-132/-191 
f -177/-124/-185 -153/-124/-161 -152/-123/-160 -151/-123/-159 
f -151/-123/-159 -152/-123/-160 -150/-122/-158 -149/-122/-157 
s 6
f -149/-122/-157 -150/-122/-158 -148/-121/-156 -180/-121/-188 
f -180/-121/-188 -148/-121/-156 -147/-120/-155 -182/-120/-190 
f -182/-120/-190 -147/-120/-155 -146/-119/-154 -181/-119/-189 
s 7
f -181/-119/-189 -146/-119/-154 -145/-118/-153 -179/-118/-187 
s 2
f -178/-117/-186 -144/-117/-152 -153/-124/-161 -177/-124/-185 
s 6
f -173/-116/-181 -143/-116/-151 -142/-115/-150 -172/-115/-180 
s 2
f -174/-114/-182 -141/-114/-149 -144/-117/-152 -178/-117/-186 
f -172/-143/-180 -142/-113/-150 -140/-112/-148 -175/-146/-183 
f -175/-146/-183 -140/-112/-148 -141/-111/-149 -174/-145/-182 
f -179/-118/-187 -145/-118/-153 -154/-125/-162 -184/-125/-192 
s 7
f -185/-126/-193 -155/-126/-163 -139/-110/-147 -176/-110/-184 
s 2
f -173/-139/-181 -170/-140/-178 -138/-140/-146 -143/-139/-151 
f -171/-141/-179 -176/-142/-184 -139/-142/-147 -137/-141/-145 
f -170/-140/-178 -169/-138/-177 -136/-138/-144 -138/-140/-146 
f -168/-137/-176 -171/-141/-179 -137/-141/-145 -135/-137/-143 
f -169/-138/-177 -166/-135/-174 -134/-135/-142 -136/-138/-144 
f -167/-136/-175 -168/-137/-176 -135/-137/-143 -133/-136/-141 
f -166/-135/-174 -164/-133/-172 -132/-133/-140 -134/-135/-142 
f -165/-134/-173 -167/-136/-175 -133/-136/-141 -131/-134/-139 
f -164/-133/-172 -165/-134/-173 -131/-134/-139 -132/-133/-140 
s 4
f -159/-109/-167 -183/-154/-191 -161/-108/-2169 
s 6
f -159/-109/-167 -186/-157/-194 -187/-158/-195 -183/-154/-191 
s 10
f -149/-107/-157 -180/-151/-188 -181/-152/-189 -177/-148/-185 
s 8
f -149/-107/-157 -177/-148/-185 -151/-106/-2169 
f -163/-132/-138 -154/-125/-138 -155/-126/-138 -156/-127/-138 
f -144/-117/-2213 -145/-118/-2213 -146/-119/-2213 -153/-124/-2213 
s 16
f -163/-132/-2213 -156/-127/-2213 -158/-129/-2213 -160/-130/-2213 
s 2
f -162/-131/-170 -163/-132/-171 -160/-130/-168 
f -157/-128/-165 -158/-129/-166 -156/-127/-164 
s 16
f -153/-124/-2213 -146/-119/-2213 -148/-121/-2213 -150/-122/-2213 
s 2
f -147/-120/-155 -148/-121/-156 -146/-119/-154 
f -152/-123/-160 -153/-124/-161 -150/-122/-158 
s 4
f -145/-118/-153 -144/-117/-2213 -141/-114/-2213 -140/-105/-2213 
f -155/-126/-163 -154/-125/-2213 -140/-105/-2213 -142/-115/-150 
s 2
f -154/-125/-162 -145/-118/-153 -140/-105/-148 
f -139/-110/-147 -130/-110/-137 -129/-116/-137 -143/-116/-151 
s 4
f -133/-136/-2213 -134/-135/-2213 -132/-133/-2213 -131/-134/-2213 
f -133/-136/-2213 -135/-137/-2213 -136/-138/-2213 -134/-135/-2213 
s 8
f -136/-138/-2213 -135/-137/-2213 -137/-141/-2213 -138/-140/-2213 
s 4
f -139/-142/-147 -143/-139/-151 -138/-140/-2213 -137/-141/-2213 
f -139/-110/-147 -155/-126/-163 -130/-110/-136 
f -142/-115/-150 -143/-116/-151 -129/-116/-135 
s 2
f -128/-104/-134 -127/-103/-133 -126/-102/-133 -125/-101/-134 
f -124/-100/-132 -123/-99/-131 -122/-98/-131 -121/-97/-130 
s 4
f -125/-100/-129 -126/-99/-128 -123/-99/-127 -124/-100/-132 
s 2
f -120/-96/-126 -119/-96/-125 -118/-95/-124 -117/-95/-123 
s 4
f -127/-98/-122 -128/-97/-121 -121/-97/-130 -122/-98/-120 
s 2
f -116/-94/-119 -115/-94/-118 -114/-93/-118 -113/-93/-117 
s 10
f -117/-92/-123 -128/-104/-134 -125/-101/-134 -120/-91/-126 
s 2
f -113/-90/-117 -126/-102/-133 -127/-103/-133 -116/-89/-119 
s 6
f -119/-96/-125 -124/-100/-132 -121/-97/-130 -118/-95/-124 
s 4
f -115/-94/-116 -122/-98/-120 -123/-99/-127 -114/-93/-115 
s 20
f -120/-96/-114 -125/-100/-129 -124/-100/-132 -119/-96/-125 
s 8
f -114/-93/-200 -123/-99/-199 -126/-99/-199 -113/-93/-199 
s 12
f -116/-94/-113 -127/-98/-122 -122/-98/-120 -115/-94/-116 
s 16
f -118/-95/-197 -121/-97/-197 -128/-97/-197 -117/-95/-197 
s 2
f -112/-88/-165 -111/-87/-112 -110/-158/-111 
f -110/-158/-111 -109/-86/-110 -108/-85/-109 -107/-84/-108 
f -106/-83/-107 -105/-82/-106 -104/-81/-105 
f -104/-81/-105 -103/-148/-104 -102/-149/-103 -101/-80/-102 
f -107/-84/-108 -108/-85/-109 -100/-79/-101 
f -101/-80/-102 -102/-149/-103 -99/-145/-100 -98/-146/-99 
s off
f -101/-80/-2213 -98/-146/-2213 -108/-85/-2213 
s 3
f -98/-146/-99 -97/-78/-98 -96/-77/-97 
s 2
f -98/-146/-99 -96/-77/-97 -100/-79/-101 -108/-85/-109 
s 3
f -100/-76/-101 -96/-75/-97 -95/-74/-96 -94/-73/-95 
f -93/-72/-94 -92/-71/-93 -94/-73/-95 -95/-74/-96 
f -92/-71/-93 -93/-72/-94 -91/-70/-92 -90/-69/-91 
f -90/-69/-91 -91/-70/-92 -89/-68/-90 -88/-67/-89 
s 2
f -109/-66/-110 -87/-65/-169 -86/-65/-88 -85/-66/-87 
f -87/-65/-169 -84/-64/-86 -83/-64/-85 -86/-65/-88 
s 6
f -84/-64/-86 -111/-63/-112 -82/-63/-84 -83/-64/-85 
f -111/-63/-112 -112/-62/-165 -81/-62/-196 -82/-63/-84 
f -112/-62/-165 -110/-61/-111 -80/-61/-83 -81/-62/-196 
s 7
f -110/-61/-111 -107/-126/-108 -79/-126/-82 -80/-61/-83 
s 2
f -108/-60/-109 -109/-66/-110 -85/-66/-87 -78/-60/-81 
f -103/-59/-104 -77/-58/-159 -76/-58/-80 -75/-59/-79 
f -77/-58/-159 -74/-57/-78 -73/-57/-77 -76/-58/-80 
s 6
f -74/-57/-78 -105/-56/-106 -72/-56/-76 -73/-57/-77 
f -105/-56/-106 -106/-55/-107 -71/-55/-75 -72/-56/-76 
f -106/-55/-107 -104/-54/-105 -70/-54/-74 -71/-55/-75 
s 7
f -104/-54/-105 -101/-118/-102 -69/-118/-73 -70/-54/-74 
s 2
f -102/-53/-103 -103/-59/-104 -75/-59/-79 -68/-53/-152 
s 6
f -96/-116/-97 -97/-115/-98 -67/-115/-72 -66/-116/-71 
s 2
f -99/-52/-100 -102/-53/-103 -68/-53/-152 -65/-52/-149 
f -97/-78/-98 -98/-146/-99 -64/-51/-70 -67/-113/-72 
f -98/-146/-99 -99/-145/-100 -65/-50/-149 -64/-51/-70 
f -101/-118/-102 -108/-60/-109 -78/-60/-81 -69/-118/-73 
s 7
f -107/-126/-108 -100/-49/-101 -63/-49/-69 -79/-126/-82 
s 2
f -96/-75/-97 -66/-75/-71 -62/-74/-146 -95/-74/-96 
f -94/-73/-95 -61/-73/-145 -63/-76/-69 -100/-76/-101 
f -95/-74/-96 -62/-74/-146 -60/-72/-144 -93/-72/-94 
f -92/-71/-93 -59/-71/-143 -61/-73/-145 -94/-73/-95 
f -93/-72/-94 -60/-72/-144 -58/-70/-142 -91/-70/-92 
f -90/-69/-91 -57/-69/-141 -59/-71/-143 -92/-71/-93 
f -91/-70/-92 -58/-70/-142 -56/-68/-140 -89/-68/-90 
f -88/-67/-89 -55/-67/-139 -57/-69/-141 -90/-69/-91 
f -89/-68/-90 -56/-68/-140 -55/-67/-139 -88/-67/-89 
s 4
f -84/-109/-86 -87/-48/-2213 -109/-86/-110 
s 6
f -84/-109/-86 -109/-86/-110 -110/-158/-111 -111/-87/-112 
s 10
f -74/-107/-78 -103/-148/-104 -104/-81/-105 -105/-82/-106 
s 8
f -74/-107/-78 -77/-47/-2213 -103/-148/-104 
f -85/-66/-68 -80/-61/-68 -79/-126/-68 -78/-60/-68 
f -68/-53/-2169 -75/-59/-2169 -70/-54/-2169 -69/-118/-2169 
s 16
f -85/-66/-2169 -83/-64/-2169 -82/-63/-2169 -80/-61/-2169 
s 2
f -86/-65/-88 -83/-64/-85 -85/-66/-87 
f -81/-62/-196 -80/-61/-83 -82/-63/-84 
s 16
f -75/-59/-2169 -73/-57/-2169 -72/-56/-2169 -70/-54/-2169 
s 2
f -71/-55/-75 -70/-54/-74 -72/-56/-76 
f -76/-58/-80 -73/-57/-77 -75/-59/-79 
s 4
f -69/-118/-73 -64/-46/-2169 -65/-52/-2169 -68/-53/-2169 
f -79/-126/-82 -67/-115/-72 -64/-46/-2169 -78/-60/-2169 
s 2
f -78/-60/-81 -64/-46/-70 -69/-118/-73 
f -63/-49/-69 -66/-116/-71 -54/-116/-137 -53/-49/-137 
s 4
f -57/-69/-2169 -55/-67/-2169 -56/-68/-2169 -58/-70/-2169 
f -57/-69/-2169 -58/-70/-2169 -60/-72/-2169 -59/-71/-2169 
s 8
f -60/-72/-2169 -62/-74/-2169 -61/-73/-2169 -59/-71/-2169 
s 4
f -63/-76/-69 -61/-73/-2169 -62/-74/-2169 -66/-75/-71 
f -63/-49/-69 -53/-49/-136 -79/-126/-82 
f -67/-115/-72 -54/-116/-135 -66/-116/-71 
s 3
f -52/-45/-67 -51/-44/-66 -50/-43/-65 -49/-42/-64 
s 2
f -48/-41/-63 -47/-40/-62 -52/-45/-67 
f -47/-40/-62 -46/-39/-61 -51/-44/-66 -52/-45/-67 
f -46/-39/-61 -45/-38/-60 -51/-44/-66 
f -45/-38/-60 -44/-37/-59 -50/-43/-65 -51/-44/-66 
f -44/-37/-59 -43/-36/-58 -49/-42/-64 -50/-43/-65 
f -49/-42/-64 -43/-36/-58 -48/-41/-63 -52/-45/-67 
s 4
f -47/-1364/-57 -48/-1363/-56 -42/-1363/-55 -41/-1364/-54 
f -46/-35/-53 -47/-1364/-57 -41/-1364/-54 -40/-35/-52 
f -45/-1361/-51 -46/-35/-53 -40/-35/-52 -39/-1361/-50 
f -44/-1360/-49 -45/-1361/-51 -39/-1361/-50 -38/-1360/-48 
f -48/-1363/-56 -43/-1359/-47 -37/-1359/-46 -42/-1363/-55 
f -43/-1359/-47 -44/-1360/-49 -38/-1360/-48 -37/-1359/-46 
s 2
f -42/-1363/-45 -39/-1361/-44 -40/-35/-43 -41/-1364/-42 
f -37/-1359/-41 -38/-1360/-41 -39/-1361/-44 -42/-1363/-45 
f -36/-34/-40 -35/-33/-39 -34/-32/-38 -33/-31/-37 
f -33/-31/-37 -34/-32/-38 -32/-30/-36 -31/-29/-36 
f -31/-29/-36 -32/-30/-36 -30/-32/-35 -29/-31/-34 
f -29/-31/-34 -30/-32/-35 -28/-33/-33 -27/-34/-32 
f -27/-34/-32 -28/-33/-33 -26/-28/-31 -25/-27/-30 
f -25/-27/-30 -26/-28/-31 -24/-26/-29 -23/-25/-29 
f -23/-25/-29 -24/-26/-29 -22/-28/-28 -21/-27/-27 
f -21/-27/-27 -22/-28/-28 -35/-33/-39 -36/-34/-40 
s 4
f -21/-1302/-2169 -36/-1331/-2169 -33/-1335/-2169 -25/-24/-2169 
f -33/-1335/-2169 -31/-1332/-2169 -29/-1333/-2169 -25/-24/-2169 
f -29/-1333/-2169 -27/-1334/-2169 -25/-24/-2169 
f -21/-1302/-2169 -25/-24/-2169 -23/-1337/-2169 
f -22/-708/-2213 -24/-705/-2213 -26/-706/-2213 -30/-709/-2213 
f -26/-706/-2213 -28/-23/-2213 -30/-709/-2213 
f -30/-709/-2213 -32/-710/-2213 -34/-711/-2213 -22/-708/-2213 
f -35/-704/-2213 -22/-708/-2213 -34/-711/-2213 
s 2
f -20/-22/-26 -19/-21/-25 -18/-20/-25 -17/-19/-24 
f -16/-20/-23 -15/-21/-23 -14/-22/-22 -13/-19/-21 
s 4
f -20/-18/-20 -14/-17/-19 -15/-16/-19 -19/-15/-19 
f -18/-15/-18 -16/-16/-17 -13/-17/-21 -17/-18/-24 
s off
f -19/-21/-16 -12/-14/-16 -11/-13/-16 -18/-20/-16 
f -16/-20/-15 -10/-13/-15 -9/-14/-15 -15/-21/-15 
f -15/-16/-14 -9/-12/-14 -12/-11/-14 -19/-15/-14 
f -18/-15/-13 -11/-11/-13 -10/-12/-13 -16/-16/-13 
f -8/-10/-12 -7/-10/-12 -6/-9/-12 -5/-9/-12 
f -10/-12/-11 -11/-11/-11 -12/-11/-11 -9/-12/-11 
s 6
f -7/-10/-10 -4/-8/-9 -17/-18/-24 -13/-17/-21 
s 8
f -6/-9/-8 -7/-10/-8 -13/-17/-8 -3/-7/-8 
s off
f -3/-6/-7 -2/-5/-7 -5/-4/-7 -6/-3/-7 
f -7/-10/-6 -8/-10/-6 -1/-8/-6 -4/-8/-6 
f -13/-17/-5 -14/-17/-4 -2/-7/-5 -3/-7/-4 
s 4
f -1/-2/-3 -20/-22/-20 -17/-19/-24 -4/-1/-9 
s 2
f -14/-17/-22 -20/-18/-26 -1/-8/-2 -8/-10/-2 
s off
f -5/-9/-1 -2/-7/-1 -14/-17/-1 -8/-10/-1 
# 2436 polygons - 579 triangles

#
# object Biker
#

v  -137.793991 1186.494629 -155.740768
v  -73.105774 1236.217651 -167.050400
v  -59.234577 1182.214478 -219.081024
v  -153.990814 1095.416138 -189.494003
v  -77.269211 1031.231689 -8.853230
v  -70.202522 997.373169 -57.144524
v  -49.612267 1344.966431 -62.642361
v  -150.524338 1273.521606 -99.171822
v  -167.313278 1294.126465 -45.485817
v  -57.417271 1144.228760 68.557655
v  -78.264992 1075.274658 24.959808
v  -57.533215 963.689209 -106.942520
v  -124.458389 1001.908691 -124.414185
v  -126.798561 960.907104 -216.267639
v  -75.501442 899.046753 -193.290085
v  -145.435699 1050.620117 -184.763397
v  -128.986710 1095.028442 -233.315231
v  -124.985229 1050.938843 -346.023773
v  -144.775650 1010.353333 -277.514252
v  -150.947556 1092.149658 -137.590302
v  -158.382309 1126.470215 -114.456970
v  -139.092041 1034.959106 -74.709404
v  -175.107086 1159.889282 16.551788
v  -206.881104 1228.018066 35.063759
v  -241.937622 1192.593750 30.281170
v  -184.248260 1158.261963 22.258545
v  -252.259933 1254.466187 -29.543791
v  -281.537903 1195.427979 -36.200371
v  -232.192902 1248.031982 -94.524139
v  -258.723907 1197.644775 -98.138069
v  -200.160873 1219.787354 -111.686996
v  -202.627533 1184.808472 -106.711739
v  -160.323776 1164.475708 -105.174904
v  -166.297333 1119.686279 -81.623123
v  -162.398697 1139.120972 -75.736481
v  -157.777344 1116.372925 -45.851021
v  -166.170700 1180.291992 -92.021790
v  -177.484192 1190.620728 -101.759186
v  -285.791718 1057.193359 36.260952
v  -292.829620 1019.616760 30.906004
v  -251.696289 1017.555725 39.145641
v  -222.427719 1066.859497 52.056110
v  -298.276459 1054.291016 -28.001444
v  -306.036102 1010.271729 -13.008892
v  -279.382141 1052.623413 -77.306458
v  -286.415649 1003.895935 -69.431137
v  -223.376633 1074.778687 -81.106674
v  -245.530670 1000.098938 -70.355492
v  -179.878006 1100.399902 -62.515339
v  -215.161713 1002.582642 -37.878670
v  -170.193146 1095.728027 -21.789072
v  -206.832443 994.169983 7.428993
v  -183.513184 1092.598877 15.665691
v  -222.068359 1008.269104 33.632782
v  -292.248840 1012.240417 55.487644
v  -295.020203 1010.340149 105.739418
v  -263.147980 1000.271179 107.204422
v  -260.445435 1006.212402 61.234100
v  -321.369263 989.018250 47.297028
v  -327.647949 986.562073 98.018311
v  -317.076233 931.569702 -17.261747
v  -327.478210 944.876770 81.644333
v  -290.127350 913.903809 -25.023764
v  -301.884583 920.342468 74.395035
v  -246.686172 920.935242 2.479679
v  -257.580017 921.572510 87.116371
v  -229.313644 949.331909 36.165188
v  -242.162155 948.659302 104.181984
v  -237.341034 985.578613 60.603268
v  -244.391998 980.978210 107.833557
v  -292.825287 1009.995972 168.103394
v  -269.607910 996.090271 171.873825
v  -321.171600 998.103943 162.114075
v  -331.703979 970.224915 153.470551
v  -318.357269 943.916748 157.017670
v  -290.504211 933.130615 168.885284
v  -278.597229 951.256653 174.695740
v  -268.287231 975.075256 174.565292
v  -161.212006 1294.496948 8.699429
v  -111.456749 1297.185913 33.633240
v  -66.036873 1331.262207 3.895191
v  -140.514709 1222.254272 49.997932
v  -93.796394 1252.664795 59.342319
v  -46.653175 1218.093994 86.189812
v  -60.228466 1135.277588 -267.447876
v  -141.614197 1124.381104 23.281141
v  -152.728668 1071.729858 -40.094887
v  -279.051849 1024.258423 244.154984
v  -306.769318 1024.520630 232.332184
v  -310.063141 1023.469360 263.257538
v  -284.765228 1025.085815 278.650574
v  -331.151520 1013.247009 221.520966
v  -329.868530 1013.562683 245.672836
v  -335.606750 987.378418 224.481323
v  -338.507294 991.466431 241.239304
v  -325.942596 973.819458 226.058746
v  -334.266266 976.172852 242.034225
v  -308.772095 964.117554 236.998413
v  -319.636688 964.207520 261.016754
v  -257.880829 1004.437317 256.503174
v  -245.348969 991.118774 293.677399
v  -250.587524 969.008484 279.548279
v  -278.323364 971.001038 244.202148
v  -325.069977 1030.148438 328.996368
v  -294.927246 1035.678345 342.217743
v  -290.360168 1032.238403 314.171112
v  -319.231476 1028.336304 299.565369
v  -363.652954 1005.172913 298.711761
v  -352.359711 1013.326599 316.710114
v  -343.123077 1019.716431 279.125000
v  -355.297241 997.765503 271.570618
v  -349.380066 979.738525 273.413696
v  -361.555176 982.470886 307.597046
v  -334.306366 971.435242 291.587952
v  -345.966705 991.289734 323.804535
v  -308.981049 981.973938 299.922302
v  -322.817047 1007.494385 336.493835
v  -311.963409 999.428101 430.000183
v  -327.216675 999.215942 424.419006
v  -326.219757 997.278259 405.138184
v  -313.145142 990.789368 418.847961
v  -263.343323 1016.528564 296.428833
v  -258.071960 995.337341 313.843689
v  -274.153595 967.497681 301.817963
v  -298.240814 961.606079 279.096436
v  -336.262054 980.283936 393.070557
v  -342.200287 985.670532 403.668060
v  -352.687653 978.716553 396.972870
v  -352.210571 976.235779 384.809601
v  -268.657379 1028.873901 344.871368
v  -264.946716 1020.329346 320.813507
v  -277.892517 1024.162842 437.078125
v  -293.944641 1024.596802 432.824249
v  -295.283447 1013.926147 429.377808
v  -280.038208 1011.886658 432.054016
v  -366.997284 968.358704 361.165985
v  -365.412445 963.715210 347.047821
v  -352.642181 971.879944 356.249939
v  -355.436646 976.371094 364.381378
v  -324.461700 1032.834106 366.513733
v  -302.647430 1036.042969 376.651276
v  -324.398163 1021.770203 355.495941
v  -294.435455 1010.991089 349.124084
v  -300.489899 1016.882874 375.440460
v  -328.000336 1007.408081 352.902924
v  -354.009399 1000.817383 345.491058
v  -338.803802 1025.978149 362.456299
v  -358.357513 1017.686401 352.917084
v  -289.693359 1039.690552 374.988190
v  -267.690857 1036.265625 383.036041
v  -290.268921 1027.808960 367.998596
v  -268.650299 1008.742432 346.236145
v  -273.914581 1019.858582 379.907471
v  -369.437225 982.991455 325.838440
v  -376.031128 1000.925659 328.071808
v  -351.658752 990.367004 334.712433
v  -361.058044 1008.232727 334.926208
v  -324.530670 1032.202026 370.648621
v  -328.454102 1021.443604 401.034210
v  -309.025635 1021.862549 409.550751
v  -303.605347 1035.072998 380.474396
v  -324.473785 1021.853882 359.682007
v  -324.732147 1012.071289 386.743805
v  -301.554749 1016.475952 379.241486
v  -306.427765 1002.921387 402.322235
v  -354.657379 1001.686523 349.690765
v  -329.736786 1006.674011 356.715942
v  -334.654297 998.973572 376.129822
v  -354.744995 1003.633057 356.670898
v  -340.032379 1024.322021 365.968231
v  -343.385620 1007.467773 394.479340
v  -358.505737 1016.834961 356.969086
v  -360.723907 1002.622314 381.142517
v  -294.482544 1036.027466 409.826355
v  -272.289642 1032.727905 414.626099
v  -268.090759 1036.338867 387.214233
v  -289.605133 1039.614990 379.255981
v  -293.120148 1026.771729 400.247192
v  -294.735535 1034.839722 413.660583
v  -277.743134 1017.183838 410.496094
v  -277.287781 1017.898804 406.498413
v  -274.589844 1020.414368 383.959808
v  -376.612976 999.551575 331.741791
v  -369.828247 982.067749 329.498291
v  -368.336365 974.763245 336.193359
v  -377.091217 990.102234 345.021820
v  -353.269958 989.249573 337.960907
v  -352.950623 982.682007 345.344360
v  -361.870453 1005.866150 338.281311
v  -361.932434 996.327454 353.113373
v  -328.608612 1019.273865 404.414063
v  -309.508087 1019.459106 412.728577
v  -324.932220 1010.009155 390.211761
v  -307.374023 1000.769836 405.542267
v  -356.616699 994.767517 367.955048
v  -335.133331 996.590332 379.429169
v  -343.417786 1004.591675 397.145660
v  -358.433807 1006.152466 376.450562
v  -376.302887 987.310730 347.882172
v  -367.573303 971.765015 338.919067
v  -352.824554 979.865540 348.208435
v  -361.280884 993.349731 355.803589
v  -266.001221 999.287048 199.859924
v  -286.999451 1019.849182 196.895569
v  -315.329498 1015.480896 190.998428
v  -333.787720 992.323303 183.810043
v  -329.579895 963.512207 189.765640
v  -308.148987 950.639404 194.438293
v  -287.634766 953.137146 202.628937
v  -271.025757 975.102539 200.218430
v  -260.064270 975.000732 332.864990
v  -265.837341 957.530212 319.185699
v  -243.955765 946.382263 322.169556
v  -240.617569 966.773376 331.638611
v  -259.826111 971.753296 335.805054
v  -264.558105 955.505432 322.521606
v  -257.645660 940.964844 347.063965
v  -254.970001 955.346802 352.657440
v  -243.840134 944.730347 325.757721
v  -243.715088 935.793091 346.987518
v  -240.673065 964.413025 334.928314
v  -243.239517 951.742981 352.824677
v  -258.850189 998.681274 323.892517
v  -282.869507 986.660461 315.875641
v  -291.025055 1007.412964 22.761892
v  -255.803696 1005.685791 28.310181
v  -315.408447 984.782776 7.373177
v  -298.203369 957.810486 -59.153854
v  -266.217529 946.423889 -66.552315
v  -237.730301 940.309998 -34.468853
v  -218.732300 964.741455 19.475853
v  -230.072540 993.761658 26.131418
v  -326.533264 959.208374 184.121857
v  -331.016968 986.758118 179.349869
v  -307.012177 945.447998 195.526321
v  -67.697838 1068.429077 -360.791534
v  -63.841270 1010.646362 -424.254456
v  -126.672943 934.629272 -244.837753
v  -81.116096 865.419678 -226.403198
v  -142.982635 984.499329 -314.435913
v  -127.466637 992.171509 -396.177307
v  -19.942329 796.919006 -289.637787
v  -76.357803 807.214233 -260.531616
v  -25.141468 790.822388 -287.333008
v  -1.677614 872.562683 -383.601929
v  -52.877773 916.966492 -434.770996
v  -68.078293 980.184143 -283.104340
v  -145.986618 959.998352 -302.394196
v  -161.830734 904.629395 -394.615417
v  -153.830566 803.826050 -320.637054
v  4.364865 828.097046 -318.144409
v  -84.779617 846.789429 -388.329254
v  -42.062717 1323.898438 39.006912
v  -224.613113 851.200134 62.581474
v  -275.712891 847.364868 35.050510
v  -288.582642 773.439148 14.496742
v  -239.491501 752.304016 47.928684
v  -297.516571 818.665405 -11.879310
v  -292.817139 786.990784 -24.070011
v  -264.542603 812.222839 -65.008316
v  -258.038635 805.247620 -69.799110
v  -203.476852 767.801941 -118.082863
v  -215.336197 763.469238 -120.649193
v  -189.599609 829.156494 57.347313
v  -196.645355 748.618286 29.785912
v  -160.174301 808.811523 -64.514542
v  -143.505432 793.158020 -19.645290
v  -145.707825 780.551147 -27.654844
v  -155.074661 805.093567 -63.724442
v  -244.878357 444.839020 -264.301758
v  -255.243164 401.426025 -293.083160
v  -282.389099 380.421692 -261.563873
v  -257.239838 434.470215 -231.916061
v  -218.880524 468.676697 -302.161835
v  -224.862518 428.772308 -338.454803
v  -159.814178 429.081390 -232.334076
v  -160.302383 396.397278 -274.171722
v  -144.449417 426.607391 -311.170166
v  -158.427689 467.643860 -283.039551
v  -183.104141 432.404083 -335.559723
v  -172.141403 416.030823 -182.008377
v  -174.812439 379.166138 -202.007446
v  -266.183228 522.385498 -128.247498
v  -249.407486 479.915710 -162.761261
v  -213.944870 472.497742 -142.976868
v  -236.808838 512.944458 -102.346153
v  -267.395844 542.083923 -187.145050
v  -255.645432 490.900360 -205.525833
v  -235.176910 572.323242 -240.155518
v  -236.963318 498.822479 -249.078918
v  -200.755844 524.148193 -277.711151
v  -187.571655 600.812500 -252.061462
v  -185.620056 476.324158 -149.572372
v  -198.339386 520.196716 -99.271271
v  -156.390503 541.276245 -155.534561
v  -158.378174 490.413239 -192.735992
v  -154.188507 519.464783 -248.831009
v  -143.034882 587.412109 -218.487457
v  -247.002945 426.100861 -185.942810
v  -266.251892 389.463959 -194.190659
v  -209.568848 391.896271 -168.930786
v  -201.859283 417.647614 -169.709747
v  -287.671417 843.552795 -30.160919
v  -248.156509 898.807678 -17.732071
v  -277.342773 782.530457 -54.246323
v  -236.597244 746.986694 -58.971813
v  -176.315872 746.772522 -37.674034
v  -278.910431 743.714355 31.923286
v  -261.058746 733.188477 -125.951538
v  -292.153534 695.344971 -79.863556
v  -282.102478 735.997681 -97.880493
v  -207.302063 755.926025 -146.202240
v  -246.016632 684.985962 9.830441
v  -193.099060 687.200867 -8.456322
v  -138.592621 704.721680 -60.676712
v  -135.184357 738.737427 -108.926743
v  -289.395630 329.954163 -275.588593
v  -320.425140 297.162598 -222.349747
v  -321.832581 321.037476 -195.679123
v  -306.924927 353.957642 -226.439301
v  -206.328415 297.609009 -125.443245
v  -206.013443 254.137085 -165.056335
v  -189.687714 284.877075 -210.404205
v  -191.732483 328.620117 -156.453720
v  -220.814423 348.537537 -156.869019
v  -249.758530 309.913086 -124.633713
v  -149.548050 386.920380 -328.085938
v  -213.103210 395.524841 -352.102173
v  -245.685257 365.206543 -338.116547
v  -259.397308 350.801636 -315.833984
v  -182.994873 335.967834 -285.771179
v  -168.949005 350.937622 -312.178741
v  -198.005646 901.925476 6.838600
v  -144.036713 940.307617 -94.032692
v  -200.639435 940.962280 -117.961082
v  -78.175323 955.214294 -190.910172
v  -139.185989 967.728577 -214.808350
v  -250.494171 887.653564 -136.086807
v  -204.241684 941.332153 -251.208923
v  -264.719208 810.629089 -115.095634
v  -235.715912 853.191833 -255.319412
v  -227.408981 756.435669 -114.245804
v  -211.536316 785.741089 -252.332855
v  -163.463257 851.328125 8.693943
v  -111.840752 892.900818 -80.790558
v  -42.640366 918.920288 -175.664978
v  -146.702255 780.996155 -14.186338
v  -159.904541 755.070923 -90.772438
v  -117.415009 803.234985 -69.927597
v  -139.657898 779.311035 -235.126740
v  -61.292946 828.487732 -183.869415
v  -273.502014 344.615112 -286.340729
v  -189.169281 337.004517 -245.708298
v  -272.585663 357.060608 -182.472076
v  -284.346313 319.035278 -144.421295
v  -285.903259 268.208496 -186.339020
v  -243.934845 261.626831 -179.057678
v  -279.937439 673.398621 -36.802406
v  -272.023346 620.598816 -77.929855
v  -241.251556 612.609131 -44.322250
v  -243.942154 661.594543 -180.989166
v  -277.512329 639.563538 -129.838776
v  -197.050613 676.584351 -202.305298
v  -191.210052 625.356934 -52.967564
v  -143.766510 651.923401 -92.112312
v  -139.535339 676.282593 -158.579391
v  -262.857635 1134.786499 22.429947
v  -189.751114 1149.714355 20.339516
v  -288.211731 1132.347168 -35.111225
v  -267.688934 1132.657104 -92.572113
v  -209.655136 1150.602783 -98.603065
v  -169.276062 1113.237549 -76.276749
v  -165.927917 1113.717896 -39.601437
v  -175.009552 1129.115967 -1.644302
v  -273.082733 1031.731201 418.447540
v  -292.875244 1027.447998 396.250458
v  -290.132507 1028.642944 372.097229
v  -319.423340 267.206482 -157.969177
v  -319.660156 294.049377 -136.035492
v  -245.378510 275.191772 -96.130768
v  -241.467560 245.661377 -121.973740
v  -271.150970 279.083008 -96.748154
v  -299.522583 284.377502 -109.969040
v  -272.748322 244.743835 -118.103935
v  -297.759277 252.327087 -130.284119
v  -0.003571 1279.112549 142.839340
v  -36.062080 1291.058838 127.727859
v  -40.425365 1267.262451 106.532997
v  -59.024860 1298.349609 79.959564
v  -52.419849 1310.978882 92.859894
v  -33.647060 1344.663574 39.509766
v  -275.040588 607.673889 -75.253021
v  -242.265274 601.451965 -45.109932
v  -283.984192 629.625854 -137.634583
v  -246.087830 655.951233 -201.038727
v  -193.023911 667.949158 -216.919037
v  -189.977539 614.886475 -54.784691
v  -142.015472 639.714600 -98.069481
v  -129.197571 670.414429 -173.159988
v  -283.955322 784.510437 -60.857548
v  -280.136292 764.927612 -81.909760
v  -276.277618 688.230530 1.616169
v  -276.184906 714.002563 21.566624
v  -288.522736 762.225952 -80.353592
v  -291.067322 780.959534 -60.021278
v  -298.697601 785.290283 -25.229263
v  -293.413696 773.257446 8.685077
v  -284.237701 715.994751 14.951541
v  -283.635712 692.559143 -3.476765
v  -284.755249 677.155029 -40.085194
v  -294.839355 696.617493 -78.433670
v  -287.013000 734.894592 -95.637917
v  -299.320801 751.073669 1.098487
v  -304.267761 765.056335 -31.036079
v  -286.884308 737.809937 18.324055
v  -301.765442 719.859741 -60.379456
v  -293.619171 702.482178 -25.313217
v  -304.354034 742.546875 -45.473488
v  -297.817352 726.173706 -12.006334
v  -267.610870 999.323792 197.072205
v  -286.720551 1016.081726 194.343781
v  -313.522552 1009.301453 188.287842
v  -287.670532 955.712341 197.130798
v  -272.493774 977.378418 196.544891
v  -46.199104 1264.882446 173.063400
v  -74.471733 1284.837891 142.453598
v  -21.988682 1244.816528 183.315414
v  -64.787323 1373.625732 11.599792
v  -32.681210 1378.304688 1.785141
v  -83.023125 1344.252197 49.385727
v  -73.796303 1456.436035 226.360855
v  -30.890202 1466.371582 247.498978
v  -35.272671 1509.266235 217.117020
v  -79.046082 1486.843750 198.728500
v  -72.496506 1514.695068 92.508904
v  -79.046219 1514.783691 130.229538
v  -40.661613 1542.333252 132.094803
v  -38.661976 1539.079834 86.118202
v  -48.469086 1270.378662 185.759628
v  -21.872074 1246.001831 195.742386
v  -30.137909 1263.782959 205.777176
v  -57.628677 1277.661011 192.329697
v  -71.473778 1419.627686 231.945999
v  -36.173893 1408.473267 257.611755
v  -70.429054 1404.299805 12.725281
v  -32.365868 1413.753052 0.998718
v  -35.852531 1520.094727 43.590317
v  -73.904930 1502.475098 56.602432
v  -92.569611 1373.221924 63.052368
v  -77.451134 1395.295288 28.981934
v  -77.078110 1290.624390 175.940933
v  -93.279266 1428.968994 210.610214
v  -94.253700 1485.987061 80.023590
v  -107.785767 1471.614014 113.019089
v  -73.172997 1434.885986 20.743195
v  -73.950562 1469.697266 34.535187
v  -34.780590 1482.842651 17.201630
v  -33.815498 1446.520508 5.254913
v  -119.578384 1421.335815 126.128128
v  -112.281395 1436.581787 90.393257
v  -104.772072 1401.990723 75.996681
v  -118.242409 1397.252686 120.083633
v  0.000427 1382.059692 -3.090149
v  0.000935 1511.386353 220.687485
v  -40.541546 1532.562012 178.248306
v  0.000840 1536.133545 179.700485
v  0.000438 1451.511475 1.869720
v  0.000630 1543.669434 84.738899
v  0.000523 1524.374146 41.121384
v  -76.381393 1401.345947 228.813660
v  -36.411285 1395.750244 256.060303
v  -96.595985 1452.871094 60.199966
v  -89.654320 1421.593628 42.471741
v  -103.781143 1443.101318 178.310684
v  -109.322418 1434.147583 175.069870
v  -97.619308 1415.521362 206.562149
v  -110.716751 1354.116455 147.742355
v  -98.779114 1320.352417 137.369278
v  -93.119324 1324.611816 182.339218
v  -118.649864 1439.934937 139.123856
v  -117.042747 1457.219727 146.004440
v  -35.983391 1292.700195 227.167130
v  -71.869911 1308.009644 204.793533
v  -105.391296 1348.759766 98.947670
v  0.001007 1286.987671 234.943527
v  -92.335022 1313.340332 95.294098
v  -83.752457 1505.050781 166.871109
v  0.000889 1239.840332 187.155350
v  -116.489166 1447.619751 153.225510
v  -99.703140 1415.725464 187.467270
v  -108.885017 1428.793457 168.812271
v  -113.179054 1409.257813 140.008133
v  -103.398361 1381.451416 165.684341
v  -111.981468 1438.315430 155.172684
v  -116.013412 1419.863037 129.755295
v  -70.234871 1395.515137 173.924637
v  -67.722633 1415.725342 187.467209
v  -64.393761 1397.175049 215.265335
v  -115.384712 1399.102051 125.254715
v  -105.813087 1359.082520 151.790848
v  -64.858711 1354.107422 151.742264
v  -67.740982 1372.474854 158.217621
v  -13.846176 1367.402222 215.080460
v  -12.683596 1373.929810 217.946091
v  -16.845791 1376.186646 209.767502
v  -17.046972 1372.880859 208.085617
v  -22.886381 1380.756592 214.378174
v  -20.111586 1380.759766 225.617966
v  -33.058147 1384.862427 225.786011
v  -33.340630 1383.385010 214.938950
v  -50.248154 1386.771973 213.279831
v  -46.599247 1383.463623 210.081833
v  -50.412407 1376.825928 201.491516
v  -54.931019 1378.574707 198.273849
v  -49.510120 1367.507324 201.589035
v  -46.293068 1369.661377 203.832474
v  -38.109238 1362.363525 207.022476
v  -36.718884 1366.026733 206.745712
v  -28.871246 1392.569092 239.362656
v  -59.735172 1362.248291 180.616287
v  -41.030491 1346.564209 199.510086
v  -20.018431 1351.858887 214.259995
v  -7.716787 1363.061279 222.331589
v  -6.267317 1370.375488 223.937134
v  -14.942148 1385.027588 234.195084
v  -13.575472 1356.810913 218.145203
v  -39.332161 1323.213623 186.682236
v  -30.823301 1336.437500 200.371231
v  -54.308151 1336.326660 170.096146
v  -8.157564 1338.262817 226.394669
v  -18.039419 1340.481812 212.610565
v  -12.531212 1340.116577 219.858200
v  -5.157950 1329.585449 232.735886
v  -5.180165 1324.050903 230.186844
v  -9.518307 1331.765259 227.364838
v  -9.414814 1326.556885 226.614243
v  -14.551746 1333.938843 218.922714
v  -14.322460 1328.047729 218.574554
v  -18.419533 1334.762939 208.727768
v  -16.237869 1327.033447 207.576431
v  -24.732597 1315.515503 195.457764
v  -5.082510 1324.237305 225.547623
v  -4.575192 1324.005249 220.368027
v  -8.058481 1325.650635 211.789902
v  -8.375017 1325.308105 224.870132
v  -12.152596 1326.541016 217.931335
v  -12.374537 1326.156372 212.398560
v  -6.094343 1330.668457 219.377304
v  -8.044371 1330.893921 217.508636
v  -20.563044 1374.807373 210.408493
v  -32.589649 1379.952637 211.839600
v  -42.634880 1379.911255 210.330368
v  -46.428581 1375.825439 206.007202
v  -43.834118 1372.445801 207.238541
v  -35.809242 1370.673584 207.741272
v  -29.915216 1371.072632 208.771317
v  -20.780535 1373.850708 210.003647
v  137.826187 1186.578491 -155.658218
v  73.106079 1236.217896 -167.050751
v  59.193245 1182.212524 -219.103439
v  130.698441 1132.242310 -197.265854
v  0.000754 1030.998413 -7.529248
v  77.270714 1031.231812 -8.853640
v  70.203957 997.373352 -57.144867
v  0.000682 1001.854553 -52.443192
v  -1.122145 1348.005981 -67.665054
v  46.684986 1343.559570 -64.172592
v  61.514137 1332.916626 -1.403663
v  0.064879 1324.772705 -5.557495
v  150.209961 1273.965942 -98.497543
v  154.325806 1299.512085 -59.173618
v  0.445986 1117.289917 59.357094
v  58.143845 1144.958862 68.829597
v  78.266586 1075.274902 24.959461
v  0.000773 1065.027466 19.478203
v  57.534412 963.689331 -106.942787
v  124.459358 1001.908936 -124.414795
v  126.718063 960.434998 -215.912964
v  75.294724 898.219177 -193.335571
v  145.436340 1050.620483 -184.764191
v  128.985825 1094.973267 -233.380096
v  125.113663 1051.040283 -345.386414
v  144.779465 1010.209351 -277.024353
v  150.944717 1092.084595 -137.552048
v  158.383102 1126.470581 -114.457779
v  139.093307 1034.959473 -74.710129
v  175.417084 1157.379761 14.262302
v  203.873047 1225.581299 35.535263
v  237.364014 1195.038330 33.006054
v  180.149475 1154.933350 11.974243
v  247.870621 1258.667603 -23.752466
v  282.938721 1206.947998 -28.248730
v  211.287201 1261.394287 -87.926682
v  260.412689 1196.738159 -90.786766
v  187.646637 1222.959106 -111.522697
v  200.938080 1188.365723 -107.724792
v  160.642288 1165.577271 -106.890549
v  155.699814 1158.068481 -89.972679
v  163.859756 1139.539917 -78.676079
v  144.038895 1151.970093 -55.409767
v  166.171310 1180.291626 -92.021912
v  177.484833 1190.620361 -101.759308
v  300.410797 1070.094116 41.831245
v  313.370514 1033.491821 36.560219
v  272.390900 1024.455811 38.980461
v  234.975342 1068.482910 49.108303
v  320.432220 1071.642700 -20.328627
v  333.518402 1028.885132 -5.333941
v  299.933655 1070.294556 -70.689545
v  316.371368 1020.820801 -50.166386
v  250.740372 1081.514038 -82.632271
v  277.514008 1024.415894 -59.523727
v  201.474640 1098.872314 -69.223907
v  249.291718 1007.543640 -42.703270
v  187.703918 1091.016846 -30.238642
v  236.702637 995.583801 0.781498
v  196.522736 1088.517456 8.474480
v  245.758942 1010.681091 29.209074
v  315.246063 1016.748657 64.199318
v  313.198151 1006.273132 114.300964
v  283.391815 991.456604 110.876945
v  284.517242 1005.114990 65.463310
v  348.362213 999.972229 55.442196
v  349.780273 989.316528 106.441811
v  353.666199 950.362915 -0.299835
v  357.743011 951.610413 83.696716
v  330.779999 930.324097 -13.377918
v  337.198853 925.230408 69.859123
v  284.641632 926.112915 9.308334
v  292.445190 917.550171 77.917633
v  261.686218 946.058105 29.981636
v  271.482880 938.594666 97.551994
v  264.058319 981.512512 60.182358
v  268.070618 969.759583 106.527542
v  306.203735 994.866394 172.139343
v  285.442902 977.131531 173.416183
v  336.564819 989.074341 168.891357
v  352.237823 964.878418 158.421509
v  343.114838 936.631042 156.952484
v  316.502136 920.130859 164.836456
v  301.276550 934.871460 173.515488
v  287.351440 956.163757 175.077560
v  160.867050 1293.134033 9.675636
v  109.928726 1301.045898 29.512251
v  140.073090 1220.793823 49.842018
v  94.889267 1257.376343 56.932301
v  48.547897 1220.522095 86.254555
v  0.000127 1244.960571 -174.769073
v  0.000074 1193.020752 -220.173843
v  -0.013992 1306.768677 -113.826897
v  60.228497 1135.277710 -267.448181
v  141.615479 1124.380737 23.279745
v  152.729904 1071.730469 -40.095154
v  -0.183715 1194.100708 97.662277
v  286.537415 1008.941956 242.570267
v  314.129730 1012.889954 231.212112
v  316.516937 1015.617004 261.916718
v  290.897491 1014.355591 276.804535
v  340.374481 1005.262329 222.098755
v  338.252136 1007.708496 245.798691
v  349.231598 981.170471 227.761856
v  350.790863 987.344177 243.977219
v  342.081207 966.286804 230.603317
v  349.318451 971.740051 246.434845
v  326.460358 954.718933 242.329697
v  336.359528 959.309021 266.578613
v  268.641663 987.139771 256.682587
v  257.009796 976.565491 295.045502
v  266.683136 953.621704 283.326080
v  294.908508 956.704712 248.274643
v  328.299561 1031.648438 327.132385
v  297.249603 1033.192749 339.387512
v  294.180908 1026.085938 311.585083
v  323.638947 1025.841309 297.719055
v  371.372833 1010.869080 300.130035
v  358.400909 1018.602722 317.083344
v  349.181885 1019.656616 278.412140
v  365.237640 999.739624 273.567230
v  362.551117 981.291626 277.473816
v  372.951782 989.080200 311.595612
v  348.564880 972.228882 296.458527
v  355.635193 996.631897 326.458923
v  321.490326 978.660034 303.356171
v  329.700165 1009.830078 336.973969
v  317.288635 1008.872437 430.585266
v  332.531799 1010.773865 425.304291
v  332.520325 1006.883606 406.294891
v  320.294464 999.555298 420.360321
v  270.745728 1004.132385 295.367767
v  268.570007 984.375305 315.167633
v  289.547089 958.583252 306.374542
v  315.077850 954.767273 284.649963
v  345.705811 990.819092 396.128632
v  350.284393 998.125610 406.239899
v  362.019501 992.488464 400.436768
v  362.376190 988.826904 388.571167
v  272.452606 1022.241150 342.286621
v  270.957275 1010.731934 319.330872
v  279.285858 1027.903687 434.627319
v  295.161682 1030.701660 430.616608
v  298.412476 1020.146118 428.261627
v  283.657227 1015.764648 430.874237
v  379.065613 981.429565 366.066559
v  378.764771 975.272156 352.450958
v  364.491119 981.938782 360.590912
v  366.208099 987.591797 368.285095
v  326.013702 1037.798340 364.329041
v  303.647217 1038.130859 373.739868
v  328.201813 1025.901001 354.456299
v  300.741791 1009.554688 348.685333
v  304.826904 1018.858459 374.388672
v  334.282227 1012.197815 353.351776
v  361.265381 1009.532166 347.055817
v  341.440338 1033.172119 361.204529
v  362.426941 1027.521606 352.852783
v  290.323547 1039.312134 371.511871
v  268.971405 1032.911255 379.494568
v  293.146667 1027.103638 365.738312
v  275.839996 1002.658875 345.736389
v  277.999664 1017.605713 378.102051
v  380.126312 992.820740 329.596588
v  383.505737 1011.765015 330.083801
v  361.072144 997.830505 337.417633
v  367.292755 1017.011902 335.905762
v  326.052002 1037.580200 368.507019
v  330.739990 1030.575562 399.865570
v  311.252258 1028.432129 407.977936
v  304.628937 1037.706055 377.655365
v  328.123016 1026.391113 358.614410
v  329.145691 1019.395752 386.509521
v  305.818756 1019.002502 378.228546
v  312.160767 1008.731018 402.610382
v  358.895660 1016.095276 342.822601
v  335.990753 1012.137573 357.246704
v  341.500946 1007.267883 377.403717
v  361.138855 1013.472900 357.913910
v  342.816071 1032.091675 364.882355
v  348.043396 1018.834900 394.967499
v  362.583435 1027.094360 356.970856
v  363.665741 1021.036804 374.135071
v  294.507538 1039.833008 406.615631
v  273.054230 1033.216187 411.350922
v  269.213989 1033.446289 383.651215
v  290.107880 1039.625366 375.764252
v  295.060638 1029.619751 397.974762
v  294.831757 1039.073975 410.551941
v  281.210266 1018.528992 408.864197
v  280.772736 1018.774292 404.808502
v  278.435425 1018.649536 382.090271
v  384.195557 1010.886414 333.871185
v  380.555481 992.345520 333.322205
v  380.121460 985.585388 340.630280
v  385.837921 1002.969604 348.025848
v  362.752502 997.341553 340.718079
v  363.314636 991.552185 348.688629
v  368.386108 1015.157166 339.506317
v  369.579407 1007.217346 355.213165
v  331.149628 1028.793579 403.444977
v  312.031372 1026.458740 411.384674
v  329.578918 1017.735657 390.166840
v  313.352295 1007.088745 406.041992
v  364.117859 1006.168152 370.046509
v  342.269073 1005.325195 380.929321
v  348.476501 1016.272156 397.904541
v  363.685883 1018.445496 377.406891
v  385.442200 1000.366333 351.134064
v  379.791260 982.771118 343.604736
v  363.577209 989.041077 351.807678
v  369.356018 1004.438843 358.172485
v  279.681976 978.838562 201.031342
v  297.178192 1002.371460 198.013260
v  325.779236 1002.714722 194.028107
v  348.368378 982.988220 188.922791
v  348.698822 953.891113 194.368546
v  329.572845 937.716919 197.794876
v  308.718475 936.921570 206.159027
v  288.520996 955.698120 202.143555
v  273.237976 967.071655 336.665192
v  282.702637 949.154724 324.665833
v  262.742706 934.956787 328.143616
v  255.528625 955.479553 335.707611
v  273.440247 964.170471 339.987732
v  281.275604 947.499817 328.505310
v  276.366913 934.600647 353.937531
v  271.209808 948.588928 357.282623
v  262.977905 933.638550 331.572784
v  263.491760 927.202271 354.444550
v  256.037842 953.405945 338.944550
v  260.247345 943.084473 357.736145
v  268.520294 988.846436 324.824493
v  294.477997 980.379822 318.508820
v  316.146820 1018.260498 31.140955
v  281.475983 1009.874329 33.138924
v  345.220276 1002.141418 15.337503
v  335.178497 979.835876 -30.561356
v  306.791351 957.004028 -43.873146
v  275.953339 949.023865 -38.268208
v  252.561371 965.886108 13.786487
v  258.367279 994.656982 26.251266
v  346.506989 949.044373 187.978973
v  346.868103 977.191650 184.562668
v  328.411652 937.544128 190.457855
v  67.871857 1068.547852 -360.058502
v  -0.019814 1061.729858 -360.181091
v  -0.100385 1021.444336 -409.515228
v  64.072678 1011.165771 -423.787903
v  126.505775 934.159668 -244.423645
v  80.808594 864.478943 -226.625641
v  142.897217 984.482361 -313.851013
v  127.552521 992.603943 -395.723267
v  19.445335 796.299683 -291.284760
v  76.357704 807.214050 -260.531677
v  24.637718 790.146362 -289.028687
v  1.677537 872.562683 -383.601929
v  43.717243 918.262329 -434.737183
v  -0.091894 948.809509 -430.247498
v  -0.029822 889.601257 -376.239960
v  -0.000073 803.635498 -288.582825
v  141.942337 975.186218 -277.327271
v  141.624771 959.422791 -301.616730
v  149.863434 910.201416 -388.389435
v  131.312317 810.302612 -308.807251
v  -0.167659 827.948242 -312.573547
v  63.010876 853.072998 -388.329834
v  0.026414 1324.363525 22.103424
v  0.000007 1137.568726 -271.788635
v  0.054272 883.710571 -196.114655
v  0.000595 965.063721 -104.561806
v  224.912979 850.583496 63.029133
v  275.844635 847.078613 35.233856
v  288.043671 772.688477 12.462606
v  239.359528 751.648987 47.200123
v  297.516357 818.670654 -11.881077
v  292.738037 787.158142 -24.236614
v  264.315521 813.350525 -65.145370
v  258.040070 805.247131 -69.799530
v  203.478333 767.801575 -118.083313
v  215.337708 763.468933 -120.649712
v  189.715469 828.953247 57.538807
v  196.646454 748.618469 29.785711
v  160.175690 808.811523 -64.514931
v  143.506714 793.158264 -19.645725
v  145.709106 780.551331 -27.655205
v  155.076035 805.093689 -63.724861
v  244.871246 444.833496 -264.306732
v  254.754761 398.813843 -295.632996
v  282.389771 380.421234 -261.563904
v  257.235931 434.463013 -231.933578
v  218.890396 468.678558 -302.161774
v  224.863220 428.772095 -338.454895
v  159.731064 429.194885 -231.365082
v  160.303040 396.396790 -274.171753
v  144.450150 426.606964 -311.170135
v  157.769562 467.492554 -282.340057
v  183.104584 432.403748 -335.559692
v  172.198349 416.093170 -181.935425
v  174.813095 379.165588 -202.007462
v  266.184174 522.385254 -128.247604
v  249.411194 479.916199 -162.763046
v  213.960175 472.499969 -142.976074
v  236.809616 512.944397 -102.346161
v  267.396851 542.083496 -187.145279
v  255.646317 490.900085 -205.525986
v  235.177994 572.322693 -240.155930
v  236.964157 498.822205 -249.079071
v  200.757706 524.147766 -277.711548
v  187.572784 600.812134 -252.061890
v  185.631882 476.325012 -149.567490
v  198.340210 520.196838 -99.271278
v  156.391418 541.276367 -155.534683
v  158.378998 490.413300 -192.736099
v  154.189255 519.464844 -248.830902
v  143.036011 587.412109 -218.487854
v  246.896988 426.036438 -185.880112
v  266.252563 389.463379 -194.190613
v  209.569427 391.896149 -168.930923
v  201.859970 417.647308 -169.709778
v  287.682922 843.582886 -30.117310
v  248.157257 898.808105 -17.732464
v  277.343658 782.531189 -54.247200
v  236.598267 746.987366 -58.972588
v  176.316956 746.772888 -37.674530
v  278.894653 743.656799 31.843790
v  261.060028 733.187927 -125.952095
v  292.154785 695.344482 -79.863930
v  282.103790 735.997070 -97.880989
v  207.303497 755.925659 -146.202850
v  246.017654 684.986084 9.830360
v  193.100143 687.201050 -8.456526
v  138.593842 704.721924 -60.676933
v  135.185730 738.737610 -108.927124
v  289.396057 329.954102 -275.588776
v  320.425537 297.162598 -222.350052
v  321.832977 321.037354 -195.679382
v  306.925415 353.957520 -226.439529
v  206.329025 297.608521 -125.443138
v  206.013916 254.136597 -165.056244
v  189.688309 284.876587 -210.404175
v  191.733154 328.619629 -156.453674
v  220.815063 348.537109 -156.869034
v  249.759033 309.912598 -124.633743
v  149.548721 386.919983 -328.085999
v  213.103821 395.524689 -352.102264
v  245.685913 365.206360 -338.116699
v  259.398041 350.801086 -315.833954
v  182.995270 335.968140 -285.771515
v  168.949631 350.937256 -312.178772
v  198.006485 901.925598 6.838486
v  144.037231 940.307678 -94.032448
v  200.639862 940.962646 -117.961220
v  99.479797 966.248596 -214.929962
v  139.186127 967.728760 -214.808090
v  250.494583 887.654053 -136.087418
v  204.241638 941.332581 -251.209305
v  264.719849 810.629761 -115.096642
v  235.716049 853.192444 -255.320236
v  227.409775 756.436157 -114.246742
v  211.536621 785.741638 -252.333862
v  163.464203 851.328186 8.693933
v  111.841393 892.900818 -80.790375
v  42.640823 918.920166 -175.664490
v  146.703415 780.996338 -14.186573
v  159.905472 755.071167 -90.772934
v  117.415924 803.235107 -69.927780
v  139.658325 779.311340 -235.127258
v  61.310989 828.489075 -183.869965
v  273.502441 344.615356 -286.341034
v  189.169861 337.004150 -245.708313
v  272.586212 357.060425 -182.472244
v  284.346832 319.034973 -144.421432
v  285.903778 268.208252 -186.339218
v  243.935318 261.626343 -179.057709
v  279.938507 673.398315 -36.802620
v  272.024353 620.598511 -77.930023
v  241.252487 612.609131 -44.322330
v  243.943420 661.594055 -180.989624
v  277.513519 639.563049 -129.839142
v  197.051865 676.583984 -202.305786
v  191.211090 625.357117 -52.967701
v  143.767609 651.923706 -92.112518
v  139.536591 676.282471 -158.579849
v  266.608612 1142.410767 26.435013
v  187.121918 1143.602051 14.694702
v  298.871338 1146.523804 -27.376862
v  271.943451 1147.161377 -85.996689
v  219.724869 1140.681152 -101.615852
v  159.672440 1151.074219 -84.769112
v  152.343826 1149.403809 -48.656380
v  168.054825 1139.980225 -11.173069
v  0.000313 837.972046 -242.955475
v  273.878235 1032.736206 415.264557
v  294.836914 1029.863647 393.927246
v  292.734131 1028.284180 369.731934
v  319.423767 267.206299 -157.969467
v  319.660645 294.049072 -136.035706
v  245.379181 275.191162 -96.130669
v  241.468124 245.660889 -121.973671
v  271.151459 279.082581 -96.748192
v  299.523132 284.377197 -109.969215
v  272.748810 244.743469 -118.104034
v  297.759705 252.326782 -130.284286
v  41.085079 1269.867554 105.225609
v  -0.052273 1245.913818 123.521881
v  36.371056 1292.512207 126.437515
v  58.919399 1299.183838 76.615135
v  52.436008 1312.349121 90.232628
v  33.445873 1344.566040 38.189880
v  41.381798 1324.348755 36.500565
v  0.011729 1341.846680 15.352844
v  275.041565 607.673584 -75.253189
v  242.266220 601.451904 -45.110012
v  283.985291 629.625366 -137.634903
v  246.089081 655.950745 -201.039185
v  193.025162 667.948792 -216.919617
v  189.978516 614.886658 -54.784817
v  142.016510 639.714722 -98.069664
v  129.198822 670.414429 -173.160461
v  283.956665 784.510071 -60.857887
v  280.137665 764.927063 -81.910210
v  276.278625 688.230469 1.616096
v  276.185822 714.000671 21.565228
v  288.524109 762.225220 -80.354141
v  291.068634 780.958862 -60.021690
v  298.694794 785.297607 -25.238361
v  293.061005 772.917175 7.427400
v  284.238739 715.993896 14.950889
v  283.636780 692.559021 -3.476934
v  285.428864 736.808960 22.116770
v  284.756287 677.154602 -40.085445
v  294.840576 696.616943 -78.433990
v  287.014343 734.893982 -95.638329
v  299.321686 751.073181 1.097336
v  304.269012 765.055786 -31.036343
v  301.766663 719.859253 -60.379795
v  293.620300 702.481873 -25.313477
v  304.355347 742.546387 -45.473789
v  297.818512 726.173401 -12.006664
v  281.404633 979.096497 198.351929
v  297.680267 998.622314 196.017624
v  325.263794 996.470581 192.129837
v  308.410370 939.243286 199.355011
v  289.770782 958.113770 198.136108
v  46.200752 1264.882324 173.063248
v  74.596504 1285.155029 142.123306
v  21.990387 1244.816650 183.315216
v  64.788132 1373.625977 11.599121
v  32.682030 1378.305298 1.785065
v  82.875885 1344.303833 48.840271
v  73.798164 1456.435547 226.360275
v  30.892200 1466.371582 247.498795
v  35.274532 1509.266357 217.116837
v  79.047829 1486.843994 198.728378
v  72.497787 1514.694580 92.508217
v  79.047661 1514.784180 130.229416
v  40.663078 1542.333008 132.094681
v  38.663242 1539.079834 86.118095
v  48.470795 1270.378662 185.759415
v  21.873831 1246.001953 195.742233
v  30.139725 1263.782959 205.777054
v  57.630428 1277.661255 192.329666
v  71.475685 1419.626953 231.945358
v  36.175922 1408.473145 257.611572
v  70.429955 1404.297363 12.723602
v  32.366741 1413.753052 0.998566
v  35.853607 1520.094482 43.590225
v  73.906090 1502.473389 56.601151
v  92.570770 1373.221436 63.051781
v  77.452133 1395.295410 28.981567
v  77.079765 1290.625244 175.940842
v  93.281082 1428.968994 210.609848
v  94.254921 1485.987061 80.023117
v  107.787132 1471.613647 113.018448
v  73.173958 1435.028931 20.818054
v  73.951599 1469.697266 34.534912
v  34.781536 1482.842651 17.201508
v  33.816395 1446.528198 5.258972
v  119.579819 1421.335938 126.127823
v  112.282684 1436.581421 90.392403
v  104.773270 1401.990723 75.996262
v  118.243774 1397.252441 120.082993
v  0.001000 1468.590942 253.214279
v  40.543224 1532.562012 178.248154
v  0.000742 1545.881836 131.494980
v  0.000919 1238.627441 200.454163
v  0.000952 1256.822266 212.771378
v  0.001036 1405.516602 264.521851
v  0.000428 1416.280518 -2.544708
v  76.383316 1401.345215 228.812897
v  36.413319 1395.750122 256.060120
v  0.000466 1487.870605 13.124268
v  96.597137 1452.871094 60.199539
v  89.655396 1421.593506 42.471390
v  103.782829 1443.101318 178.310165
v  109.324051 1434.147705 175.069290
v  97.621124 1415.521484 206.561661
v  110.718307 1354.116455 147.741852
v  98.780594 1320.352173 137.368790
v  93.121017 1324.612061 182.338730
v  0.001030 1394.177612 263.851074
v  118.651337 1439.934814 139.123276
v  117.044266 1457.219727 146.003799
v  35.985294 1292.696777 227.165131
v  71.871651 1308.007935 204.792343
v  105.392586 1348.760498 98.945946
v  92.303406 1313.833618 94.248779
v  83.754066 1505.050903 166.870804
v  116.490707 1447.619629 153.225082
v  99.704834 1415.726318 187.467270
v  108.886635 1428.793457 168.811813
v  113.180550 1409.257813 140.007645
v  103.399971 1381.450928 165.683517
v  111.983025 1438.315430 155.172195
v  116.014862 1419.863159 129.754776
v  70.236519 1395.515137 173.924332
v  67.724327 1415.726074 187.467392
v  64.395630 1397.175049 215.265030
v  115.386154 1399.102173 125.254257
v  105.814629 1359.082642 151.790329
v  64.860245 1354.107422 151.741989
v  67.742554 1372.474854 158.217255
v  13.848030 1367.402344 215.080338
v  12.685467 1373.929932 217.945999
v  16.847588 1376.186523 209.767487
v  17.048761 1372.880859 208.085556
v  22.888237 1380.756592 214.378098
v  20.113489 1380.759766 225.617844
v  33.060001 1384.862427 225.785934
v  33.342476 1383.385010 214.938782
v  50.250019 1386.773560 213.280502
v  46.601063 1383.463501 210.081665
v  50.414150 1376.825928 201.491287
v  54.932781 1378.574707 198.273636
v  49.511898 1367.507324 201.588882
v  46.294868 1369.661377 203.832245
v  38.111053 1362.364746 207.022995
v  36.720688 1366.026611 206.745514
v  28.873201 1392.569092 239.362534
v  59.736847 1362.248291 180.616043
v  41.032249 1346.564209 199.509903
v  20.020269 1351.857178 214.259033
v  7.718669 1363.061157 222.331589
v  6.269163 1370.374512 223.936508
v  14.944044 1385.027710 234.194962
v  13.577333 1356.810913 218.145172
v  0.000983 1393.096436 238.874252
v  0.000950 1360.823975 227.441345
v  0.000951 1368.924316 226.450089
v  39.333874 1323.209229 186.679886
v  30.825026 1336.437622 200.371094
v  54.309776 1336.414795 170.142166
v  8.159441 1338.262817 226.394638
v  0.000951 1336.155029 232.828201
v  18.041243 1340.481812 212.610519
v  12.533068 1340.116577 219.858170
v  0.000950 1328.957031 233.843491
v  5.159846 1329.585449 232.735901
v  5.182046 1324.050903 230.186844
v  0.000944 1323.170288 231.940506
v  9.520241 1331.765137 227.364777
v  9.416685 1326.556885 226.614212
v  14.553595 1333.938721 218.922653
v  14.324354 1328.047607 218.574509
v  18.421345 1334.763184 208.727646
v  16.239716 1327.033447 207.576370
v  24.734379 1315.515503 195.457657
v  0.000936 1321.339722 228.010635
v  5.084375 1324.237305 225.547592
v  4.577095 1324.005249 220.367996
v  0.000923 1320.924805 221.239731
v  0.000913 1320.323120 215.630692
v  8.060295 1325.650635 211.789871
v  8.376881 1325.308105 224.870102
v  12.154432 1326.541016 217.931305
v  12.376354 1326.156372 212.398438
v  0.000894 1308.546143 207.718094
v  0.000997 1391.472900 246.365616
v  6.096190 1330.668457 219.377274
v  8.046209 1330.893921 217.508606
v  20.564838 1374.807373 210.408432
v  32.591450 1379.952637 211.839432
v  42.636700 1379.911133 210.330185
v  46.430386 1375.825439 206.006973
v  43.835922 1372.444702 207.237839
v  35.810974 1370.673584 207.741165
v  29.917040 1371.072510 208.771240
v  20.782331 1373.850830 210.003494
v  -73.955963 1306.082275 204.987976
v  -81.711380 1360.326416 221.419205
v  -103.449036 1376.513672 194.120575
v  -95.822136 1323.166382 181.881927
v  -37.027832 1290.328491 228.010971
v  -38.149334 1344.214233 247.079269
v  -123.049171 1422.697754 124.039307
v  -121.674423 1397.915527 117.819374
v  -113.930321 1353.527344 146.280930
v  -116.284279 1398.467285 161.057312
v  -112.495529 1435.881348 174.401581
v  -100.452736 1416.714478 206.807922
v  -78.598389 1402.127563 229.705292
v  -37.468143 1396.369507 257.742737
v  -119.870293 1449.744629 151.923187
v  -122.093704 1441.836670 137.412247
v  73.957687 1306.080566 204.986755
v  81.713242 1360.326538 221.418777
v  103.450745 1376.510864 194.118729
v  95.823822 1323.166504 181.881424
v  37.029743 1290.324951 228.008911
v  38.151405 1344.214355 247.079117
v  123.050583 1422.697876 124.039001
v  121.675766 1397.915405 117.818718
v  113.931870 1353.527344 146.280380
v  116.285828 1398.466919 161.056641
v  112.497147 1435.881592 174.400986
v  100.454544 1416.714722 206.807419
v  78.600304 1402.126831 229.704498
v  37.470188 1396.369385 257.742554
v  0.000992 1339.432617 254.124619
v  0.001034 1394.751343 265.759644
v  119.871811 1449.744507 151.922760
v  122.095154 1441.836670 137.411636
v  0.001011 1284.450195 236.013077
v  0.000149 1260.393677 -157.790100
v  75.814667 1295.441162 -102.897469
v  105.476563 1323.010498 -48.086502
v  -75.779518 1294.900635 -103.487198
v  -115.123016 1323.125122 -49.934784
v  32.151833 1351.663818 -40.421371
v  0.027980 1356.506226 -39.841415
v  -36.217651 1354.141968 -40.737968
# 1189 vertices

vn -0.361893 0.617033 -0.698787
vn -0.930794 0.113339 -0.347530
vn -0.665132 0.329037 -0.670324
vn -0.311242 0.609772 -0.728907
vn 0.000002 -0.825493 0.564412
vn 0.000002 -0.729872 0.683584
vn -0.283907 -0.714568 0.639366
vn -0.281312 -0.814924 0.506717
vn 0.003093 0.931614 0.363436
vn 0.023188 0.986600 0.161501
vn -0.120343 0.985990 0.115507
vn -0.231972 0.922980 0.307078
vn -0.424523 0.889648 -0.168245
vn -0.250629 0.851382 -0.460796
vn -0.281007 0.688708 -0.668369
vn -0.283748 -0.546695 0.787789
vn 0.000139 -0.589939 0.807448
vn 0.000918 -0.483547 0.875318
vn -0.254742 -0.335686 0.906874
vn -0.885725 -0.370582 0.279571
vn -0.448807 -0.660235 0.602214
vn -0.304149 -0.782961 0.542647
vn -0.807918 -0.529858 0.257912
vn -0.999555 0.022605 -0.019447
vn -0.986894 -0.155407 -0.043457
vn -0.813911 0.465081 -0.348208
vn -0.751020 0.527726 -0.396829
vn -0.990029 -0.038236 -0.135576
vn -0.988541 -0.128374 -0.079410
vn -0.801902 -0.550514 0.232138
vn 0.378753 -0.262179 0.887586
vn -0.553741 -0.616346 0.559900
vn -0.383943 0.256605 0.886985
vn -0.465362 0.131498 0.875298
vn -0.706420 0.682031 0.189224
vn -0.948120 0.307369 0.081195
vn -0.525232 0.610947 -0.592348
vn -0.648145 0.165006 -0.743425
vn -0.126079 -0.186019 -0.974424
vn -0.345820 0.206703 -0.915250
vn -0.610145 -0.115880 -0.783770
vn 0.594703 -0.442636 -0.671120
vn 0.935049 0.250423 0.250942
vn 0.965133 -0.248003 0.083742
vn 0.848590 -0.471493 0.239980
vn 0.000736 -0.793672 0.608345
vn -0.005432 -0.369394 0.929257
vn 0.233871 0.001024 0.972267
vn -0.657795 0.156107 0.736842
vn -0.692796 -0.091981 0.715244
vn -0.982049 0.180163 -0.055864
vn -0.986393 0.146160 -0.075270
vn -0.594137 -0.015805 -0.804208
vn -0.583668 -0.055086 -0.810122
vn 0.288096 -0.295329 -0.910923
vn 0.338112 -0.248228 -0.907779
vn 0.710759 -0.481064 -0.513224
vn 0.810061 -0.369156 -0.455549
vn 0.959714 -0.260692 0.104831
vn 0.919889 -0.337032 0.200533
vn 0.818173 -0.104751 0.565349
vn 0.538537 -0.340842 0.770587
vn 0.578474 0.803698 0.139422
vn 0.407445 0.908453 0.093282
vn -0.226133 0.973296 -0.039473
vn -0.141980 0.989681 0.019316
vn -0.872688 0.485722 -0.049896
vn -0.864307 0.486134 -0.129020
vn -0.937836 -0.346847 -0.012673
vn -0.861852 -0.417544 -0.287869
vn -0.198078 -0.912077 -0.358999
vn -0.375866 -0.923828 0.072576
vn 0.525859 -0.847137 -0.076357
vn 0.424077 -0.886731 0.184029
vn 0.930751 -0.328800 0.159976
vn 0.897251 -0.330785 0.292440
vn 0.862731 0.451830 0.227033
vn 0.922995 0.285462 0.258054
vn 0.813074 0.581430 0.029155
vn 0.048933 0.989564 -0.135531
vn -0.726295 0.677671 -0.115141
vn -0.992454 -0.122253 0.009396
vn -0.629366 -0.765418 0.134291
vn 0.179373 -0.916292 0.358098
vn 0.751271 -0.512501 0.415854
vn 0.958378 -0.085376 0.272440
vn -0.394791 0.889555 -0.229849
vn -0.423189 0.778359 0.463755
vn -0.462882 0.667052 0.583766
vn -0.394383 0.048487 0.917666
vn -0.516450 0.106489 0.849670
vn -0.409378 -0.234595 0.881688
vn -0.000018 0.700815 -0.713344
vn -0.000037 0.681720 -0.731613
vn 0.008699 0.856970 -0.515292
vn 0.001289 0.702517 -0.711666
vn -0.330080 0.745349 -0.579226
vn -0.644382 -0.401206 0.651003
vn -0.844055 -0.461121 0.273750
vn 0.000113 -0.352435 0.935836
vn -0.149987 0.982895 -0.106866
vn 0.272983 0.957539 -0.092728
vn 0.374466 0.921870 -0.099657
vn -0.231553 0.968819 -0.088165
vn -0.798840 0.589277 -0.120858
vn -0.648190 0.736765 -0.192424
vn -0.978719 -0.199713 -0.047150
vn -0.953815 0.008703 -0.300267
vn -0.613433 -0.786074 0.076073
vn -0.713045 -0.662890 -0.228348
vn -0.071376 -0.995446 0.063188
vn -0.227116 -0.973777 0.013268
vn 0.665585 -0.634235 -0.393374
vn 0.614027 -0.786996 -0.060063
vn 0.915732 0.346217 -0.203883
vn 0.955060 0.291517 -0.053652
vn 0.172760 0.975543 -0.135905
vn -0.206847 0.970695 -0.122333
vn -0.303633 0.952743 -0.009311
vn 0.062246 0.997615 -0.029828
vn -0.527175 0.814952 -0.240706
vn -0.914322 0.153168 -0.374907
vn -0.894169 0.358065 -0.268798
vn -0.536536 0.843469 -0.026268
vn -0.737822 -0.650643 -0.179671
vn -0.608954 -0.787934 -0.091296
vn -0.166746 -0.932650 0.319938
vn 0.203754 -0.863908 0.460594
vn -0.098055 -0.820040 0.563844
vn 0.097879 -0.811013 0.576782
vn 0.386495 -0.917028 0.098390
vn 0.338523 -0.129267 0.932037
vn -0.761973 -0.176596 0.623066
vn -0.586631 -0.733913 -0.342397
vn 0.708914 0.705095 -0.016793
vn 0.726928 0.295405 0.619929
vn -0.022095 -0.974508 0.223262
vn -0.389487 -0.880260 0.271003
vn -0.603751 -0.557268 0.570032
vn -0.362279 -0.882954 -0.298574
vn 0.796507 -0.601361 0.062786
vn 0.193815 -0.162681 0.967456
vn 0.788710 0.614464 -0.019251
vn 0.792786 0.609496 0.002065
vn 0.339614 -0.841410 0.420347
vn 0.496755 0.225347 0.838125
vn -0.638732 0.338910 0.690769
vn -0.704353 -0.662361 0.255273
vn 0.882641 -0.459010 0.101264
vn 0.439210 -0.009189 0.898337
vn -0.456413 -0.572269 0.681319
vn -0.121397 -0.958318 -0.258630
vn -0.742464 0.669803 0.010565
vn 0.552040 0.803214 0.223830
vn -0.832764 -0.540186 0.121259
vn -0.091004 -0.828795 0.552103
vn 0.681386 -0.677043 0.278074
vn -0.563395 -0.825690 0.028691
vn 0.801408 -0.426912 0.418917
vn 0.288130 0.899036 0.329720
vn -0.882309 0.465878 -0.066998
vn -0.583578 0.811317 -0.034652
vn 0.844486 0.533716 0.044618
vn -0.855560 -0.444070 0.266117
vn 0.639925 -0.591342 0.490724
vn 0.424538 -0.859895 0.283457
vn -0.916349 0.386073 -0.106074
vn -0.461682 -0.854119 -0.239437
vn 0.864973 -0.334034 0.374489
vn 0.139581 0.898869 0.415394
vn 0.516976 0.769081 0.375832
vn -0.770308 0.626831 0.117084
vn -0.819730 0.533198 0.209149
vn 0.510258 0.692336 0.510203
vn -0.777485 -0.615072 -0.131165
vn -0.658260 -0.653748 -0.373240
vn 0.774056 -0.632919 -0.015847
vn 0.769834 -0.609588 -0.189099
vn -0.533511 -0.785310 -0.314092
vn -0.566287 -0.817302 -0.106473
vn 0.812358 -0.517374 0.269070
vn 0.920775 -0.384255 -0.067235
vn 0.239562 0.835850 0.493927
vn 0.885150 -0.007683 0.465242
vn -0.896390 0.427167 0.118374
vn -0.945863 -0.218017 0.240441
vn 0.840584 0.517649 0.159555
vn -0.594973 0.803697 -0.008888
vn -0.678267 0.729215 0.090550
vn 0.823138 0.515114 0.238960
vn -0.691834 0.685733 0.226131
vn -0.825833 -0.535939 -0.175410
vn 0.476139 -0.865914 -0.153247
vn 0.376654 -0.924098 -0.064616
vn 0.349589 -0.934923 0.060882
vn -0.954668 0.178061 0.238544
vn -0.938784 0.319744 0.128248
vn -0.398383 -0.804295 -0.440908
vn -0.245033 -0.722086 -0.646955
vn 0.984102 -0.174437 0.033393
vn 0.977809 -0.061819 -0.200168
vn 0.182898 0.739818 0.647470
vn 0.160048 0.809014 0.565580
vn 0.509417 0.558876 0.654334
vn -0.830643 0.438249 0.343467
vn -0.628070 -0.637869 -0.445702
vn 0.776573 -0.579840 -0.246415
vn 0.948453 -0.261304 -0.179322
vn -0.528455 -0.695385 -0.487007
vn 0.521821 0.090830 0.848206
vn -0.900104 -0.429801 0.071303
vn -0.219780 -0.775576 -0.591760
vn -0.914546 0.017355 0.404109
vn 0.975275 -0.064212 -0.211460
vn 0.223579 0.579844 0.783450
vn 0.932430 0.166740 -0.320582
vn 0.336254 0.824009 -0.456007
vn -0.244353 0.794898 -0.555363
vn -0.786091 0.328799 -0.523404
vn -0.901677 -0.426003 0.074165
vn -0.399460 -0.780217 0.481345
vn 0.291691 -0.931266 0.218313
vn 0.817690 -0.547951 -0.176443
vn -0.877852 -0.477396 -0.038323
vn -0.379146 0.639168 0.669114
vn 0.507773 -0.759466 -0.406666
vn 0.892199 0.364150 0.267163
vn -0.667448 -0.640764 0.379386
vn -0.399327 0.293377 0.868601
vn -0.507588 0.552783 0.660897
vn -0.853569 -0.517816 -0.057329
vn 0.512643 -0.788000 -0.340960
vn 0.405623 -0.862017 0.303970
vn 0.610278 0.094167 0.786571
vn 0.844486 0.390852 0.366167
vn 0.799162 -0.352336 0.487032
vn -0.020747 -0.777192 0.628921
vn 0.211426 0.289073 0.933668
vn -0.713560 0.592207 0.374331
vn -0.939410 0.312466 -0.140975
vn -0.673729 -0.192088 -0.713576
vn 0.154297 -0.514605 -0.843430
vn 0.692582 -0.599583 -0.401037
vn 0.943458 -0.279553 0.178146
vn 0.668702 -0.003260 0.743524
vn -0.821121 -0.535987 0.196158
vn -0.931863 0.143993 -0.333012
vn -0.107705 -0.871399 0.478607
vn -0.368156 0.618674 -0.694048
vn -0.172218 0.437127 -0.882757
vn -0.232149 0.762851 -0.603461
vn 0.001353 0.770883 -0.636976
vn 0.000303 0.547900 -0.836544
vn -0.875425 -0.478021 -0.071602
vn -0.631072 -0.707538 0.318023
vn -0.990229 0.063910 -0.123941
vn -0.705304 0.340707 -0.621663
vn 0.969234 0.202289 -0.140232
vn 0.804984 -0.074477 0.588603
vn 0.181092 -0.235178 0.954933
vn -0.011177 -0.037388 -0.999238
vn -0.032806 -0.629334 -0.776442
vn 0.509804 -0.603223 -0.613369
vn 0.038103 -0.280722 -0.959033
vn -0.001709 -0.972158 0.234321
vn 0.414734 0.477346 -0.774685
vn -0.780181 0.523781 -0.342011
vn -0.704750 -0.059747 -0.706935
vn -0.006215 -0.762333 -0.647155
vn 0.533737 -0.402232 0.743865
vn -0.576148 0.816607 -0.034752
vn -0.021175 0.815491 -0.578382
vn 0.000716 0.744934 -0.667138
vn -0.002678 -0.735002 0.678060
vn -0.001102 -0.796907 0.604102
vn -0.088965 -0.263247 0.960618
vn -0.026316 0.366363 0.930100
vn -0.719540 0.366141 0.590088
vn -0.767163 0.117086 0.630676
vn -0.984110 0.000807 0.177558
vn -0.798296 0.600746 -0.042756
vn -0.969309 -0.183969 0.163080
vn -0.493595 0.544659 -0.678019
vn 0.860502 0.396592 -0.319768
vn -0.058477 0.661867 -0.747337
vn 0.517862 -0.351597 0.779871
vn 0.578334 0.041442 0.814747
vn 0.953348 0.157777 -0.257358
vn 0.818381 0.526951 0.229295
vn 0.678130 0.162585 0.716733
vn 0.959680 -0.032104 0.279257
vn -0.960959 0.270329 -0.058984
vn -0.862266 0.369418 -0.346450
vn -0.846134 0.346813 -0.404695
vn -0.890172 0.389485 -0.236424
vn -0.487435 0.486807 -0.724863
vn -0.410578 0.599251 -0.687258
vn 0.839986 0.334503 -0.427238
vn 0.978764 -0.106640 0.175070
vn 0.954300 -0.231619 0.188849
vn 0.925076 0.199435 -0.323204
vn 0.286437 0.483550 -0.827123
vn 0.913562 -0.169514 0.369687
vn 0.759145 -0.268805 0.592827
vn -0.129952 -0.609398 0.782142
vn -0.269970 -0.632494 0.725994
vn -0.851471 -0.426579 0.305003
vn -0.820178 -0.423110 0.385078
vn -0.964665 -0.075786 -0.252344
vn -0.985720 -0.040211 -0.163521
vn -0.693330 0.201474 -0.691883
vn -0.832354 0.221611 -0.508012
vn 0.113003 0.354788 -0.928093
vn -0.083387 0.364926 -0.927295
vn 0.471305 -0.517930 0.713877
vn 0.627511 -0.412856 0.660136
vn 0.891724 0.097921 -0.441860
vn 0.906011 0.077243 -0.416146
vn 0.916713 -0.269240 0.295207
vn 0.962179 -0.159293 0.220993
vn 0.085897 0.106214 0.990626
vn 0.053686 -0.311998 0.948565
vn -0.774217 -0.038806 0.631729
vn -0.714625 0.417752 0.561066
vn -0.548140 0.798411 0.249164
vn -0.962748 0.253600 0.093828
vn -0.783039 -0.489408 0.383836
vn -0.459308 -0.674084 0.578487
vn -0.266724 -0.707243 0.654725
vn -0.570959 -0.031869 0.820360
vn -0.651653 0.391283 -0.649804
vn -0.820951 -0.341566 -0.457572
vn -0.657363 0.171869 -0.733713
vn 0.019603 0.650822 -0.758978
vn -0.037869 -0.618143 0.785153
vn 0.529976 -0.442063 0.723675
vn 0.858653 0.373844 -0.350650
vn 0.923837 -0.172808 0.341559
vn -0.878393 0.477369 -0.023326
vn -0.515021 -0.329768 -0.791206
vn -0.756133 -0.453722 -0.471592
vn -0.915422 0.383253 0.122961
vn 0.829129 0.151342 0.538183
vn 0.701727 0.104062 0.704805
vn 0.592290 -0.804902 -0.036402
vn 0.693195 -0.624434 -0.359949
vn 0.097603 0.520527 0.848248
vn -0.002125 0.681446 0.731866
vn 0.806542 -0.275229 -0.523201
vn -0.505082 -0.345502 -0.790899
vn -0.134566 -0.033000 -0.990355
vn -0.637443 -0.556414 -0.532982
vn 0.463829 -0.878551 -0.114064
vn 0.614669 -0.706188 -0.351397
vn -0.393978 0.909361 0.133579
vn 0.177891 0.795641 0.579059
vn 0.274243 0.857908 0.434494
vn 0.605461 0.783109 0.141979
vn -0.048710 0.993747 0.100467
vn -0.872478 0.472583 -0.124285
vn -0.712194 0.678597 -0.179684
vn -0.935866 -0.209778 -0.283104
vn -0.921189 -0.046449 -0.386334
vn -0.427520 -0.864802 -0.263333
vn -0.492901 -0.777145 -0.391272
vn 0.775279 0.292206 0.559962
vn 0.766333 0.293108 0.571683
vn 0.854512 0.518359 0.033355
vn 0.383891 -0.922125 -0.048101
vn 0.853354 -0.411513 0.320069
vn 0.568798 -0.066292 0.819801
vn 0.237905 -0.958473 -0.157261
vn 0.803443 -0.544653 0.240486
vn -0.273226 -0.792409 -0.545377
vn 0.745055 -0.627749 -0.225441
vn -0.574354 -0.388116 -0.720752
vn -0.350117 0.743640 0.569577
vn -0.521995 0.614426 0.591609
vn -0.140958 -0.888190 -0.437321
vn -0.032705 -0.897254 -0.440303
vn -0.265279 -0.298220 0.916893
vn -0.730500 -0.605785 0.315269
vn -0.919191 -0.036387 0.392126
vn -0.951770 0.287582 -0.106917
vn -0.657909 0.603475 -0.450527
vn -0.059863 0.816113 -0.574783
vn 0.507477 -0.326958 0.797224
vn 0.902928 -0.100553 0.417865
vn 0.810262 0.539465 -0.229026
vn 0.542743 0.061154 0.837669
vn -0.606365 0.213053 0.766114
vn -0.987763 0.155891 0.004707
vn -0.587659 -0.053198 -0.807358
vn 0.056117 -0.256112 -0.965017
vn 0.516550 -0.642987 -0.565459
vn 0.966139 -0.248927 0.067905
vn 0.923383 0.105921 0.368979
vn -0.000039 -0.729473 0.684010
vn 0.778456 0.518334 0.354027
vn -0.859843 -0.485663 -0.157482
vn -0.886980 -0.461788 0.004141
vn -0.789798 -0.610923 -0.054709
vn -0.856199 0.276048 0.436715
vn 0.296397 -0.887139 0.353742
vn 0.336672 -0.059231 0.939757
vn -0.175341 0.089216 0.980457
vn -0.603163 0.170454 0.779192
vn -0.209355 -0.899702 0.383024
vn -0.530014 -0.816576 0.228665
vn 0.013989 -0.996908 -0.077327
vn -0.512164 -0.856917 -0.058157
vn -0.659627 -0.237436 0.713103
vn 0.009934 -0.453668 0.891115
vn -0.735674 -0.616158 -0.281307
vn -0.818961 0.347706 0.456512
vn -0.435504 -0.457269 -0.775398
vn -0.011252 -0.371475 -0.928375
vn 0.000043 0.720880 -0.693060
vn -0.874217 -0.066055 0.481021
vn -0.286541 -0.256410 0.923119
vn -0.962526 0.248833 -0.107825
vn -0.637084 0.538817 -0.551181
vn 0.051382 0.695118 -0.717057
vn 0.497406 -0.292762 0.816626
vn 0.904143 -0.089192 0.417816
vn 0.850961 0.453267 -0.265357
vn -0.544259 0.724160 -0.423525
vn -0.512855 0.529624 -0.675632
vn -0.444367 -0.712933 0.542461
vn -0.451776 -0.436944 0.777804
vn -0.670730 0.622455 -0.403326
vn -0.686777 0.407035 -0.602212
vn -0.767868 0.463422 0.442287
vn -0.747194 0.662745 0.049695
vn -0.793410 -0.324243 0.515138
vn -0.781146 -0.493230 0.382799
vn -0.829419 -0.146577 0.539055
vn -0.738677 -0.673956 -0.011827
vn -0.776377 -0.452831 -0.438386
vn -0.666776 0.064858 -0.742431
vn -0.989076 0.144042 -0.031327
vn -0.934808 -0.025830 0.354213
vn -0.984468 -0.108201 -0.138255
vn -0.930817 -0.322536 0.171900
vn -0.994211 0.004469 -0.107352
vn -0.947995 -0.210972 0.238319
vn 0.363835 0.736018 -0.570878
vn 0.863617 0.329264 -0.381773
vn -0.257235 0.704257 -0.661704
vn 0.647860 -0.726520 0.229010
vn 0.933961 -0.326280 -0.145802
vn -0.338510 -0.900846 -0.271824
vn -0.522258 -0.837589 -0.160284
vn -0.539475 -0.806637 -0.241461
vn -0.592028 -0.544740 -0.593938
vn -0.495160 -0.380726 -0.780938
vn -0.242013 -0.342754 -0.907717
vn -0.327903 0.686130 0.649388
vn -0.698051 0.484385 0.527348
vn -0.652694 0.295514 0.697612
vn -0.330928 0.370162 0.868025
vn -0.347101 0.936177 0.055609
vn -0.344823 0.910600 -0.227827
vn -0.666716 0.725054 -0.172587
vn -0.703462 0.710688 0.007987
vn -0.485988 -0.620899 0.615061
vn -0.650719 -0.661661 0.372518
vn -0.640035 -0.731658 0.234590
vn -0.473627 -0.794709 0.379626
vn -0.609197 0.064911 0.790358
vn -0.376306 0.051109 0.925085
vn -0.628061 -0.001630 -0.778162
vn -0.226837 0.068854 -0.971496
vn -0.657557 0.585383 -0.474284
vn -0.330233 0.732926 -0.594782
vn -0.866459 -0.098703 -0.489393
vn -0.892803 -0.149520 -0.424908
vn -0.778509 -0.586996 0.222169
vn -0.798114 0.176755 0.575996
vn -0.903408 0.408914 -0.129009
vn -0.843070 0.460300 -0.278132
vn -0.272758 0.221907 -0.936141
vn -0.640831 0.160911 -0.750629
vn -0.650764 0.337385 -0.680204
vn -0.309126 0.429081 -0.848723
vn -0.994374 -0.080832 0.068460
vn -0.982166 -0.089420 0.165391
vn -0.951546 0.105166 -0.288964
vn -0.917109 -0.090318 -0.388270
vn -0.002696 -0.281349 -0.959602
vn 0.000001 0.732187 0.681104
vn 0.000002 0.393488 0.919330
vn -0.342976 0.869360 0.355782
vn 0.000001 0.930248 0.366932
vn 0.000002 0.997566 0.069733
vn 0.000000 -0.597541 0.801838
vn 0.000002 -0.884831 0.465911
vn 0.000003 0.038813 0.999246
vn 0.000012 0.063572 -0.997977
vn 0.000014 0.220829 -0.975312
vn 0.000001 0.970824 -0.239794
vn 0.000000 0.780106 -0.625648
vn -0.350660 -0.634694 0.688622
vn -0.625551 -0.605675 0.491776
vn 0.000004 0.460017 -0.887910
vn -0.873552 0.196520 -0.445293
vn -0.862613 0.003200 -0.505853
vn -0.846009 0.303944 0.438049
vn -0.953633 -0.046213 0.297403
vn -0.841916 -0.396867 0.365616
vn -0.706547 0.181121 0.684095
vn -0.956083 -0.075491 0.283207
vn -0.899874 -0.435685 0.020130
vn 0.000001 -0.655133 0.755514
vn -0.993918 -0.045694 0.100195
vn -0.357981 0.115285 0.926585
vn -0.555201 0.168851 0.814396
vn -0.936826 -0.256088 -0.238278
vn 0.000018 0.063904 0.997956
vn -0.614221 -0.685655 -0.390653
vn -0.729304 0.623690 0.281294
vn 0.000876 -0.953877 -0.300196
vn -0.943031 0.309848 0.121192
vn -0.941754 0.043457 0.333482
vn -0.594277 -0.382893 0.707268
vn -0.733162 -0.607702 0.305239
vn -0.957060 -0.232649 0.172947
vn -0.969431 -0.084465 0.230368
vn -0.951732 -0.242961 0.187554
vn -0.885368 -0.195775 0.421659
vn -0.532555 -0.496569 0.685423
vn -0.575161 -0.794669 0.194144
vn -0.532383 -0.839479 0.108825
vn -0.890077 -0.030208 0.454808
vn -0.626718 0.131756 0.768027
vn -0.539599 -0.469220 0.699046
vn -0.491919 0.081190 0.866847
vn -0.438311 -0.577298 0.688920
vn -0.415159 -0.046740 0.908547
vn -0.684373 0.094276 0.723011
vn -0.742885 -0.499986 0.445124
vn -0.402442 -0.845514 0.350924
vn -0.313267 -0.847093 0.429299
vn -0.334403 -0.853339 0.399985
vn -0.237468 -0.838183 0.490977
vn -0.500986 -0.755338 0.422466
vn -0.405981 -0.712297 0.572549
vn -0.774117 -0.424199 0.469892
vn -0.581460 -0.350314 0.734291
vn -0.692601 -0.199743 0.693114
vn -0.505704 -0.147405 0.850021
vn -0.505231 -0.040919 0.862013
vn -0.297309 0.039833 0.953950
vn -0.193314 -0.921546 0.336724
vn -0.877613 -0.281300 0.388156
vn -0.559306 -0.118176 0.820494
vn -0.651243 -0.330503 0.683118
vn -0.640805 0.065119 0.764937
vn -0.490589 -0.352816 0.796771
vn -0.177916 -0.661186 0.728821
vn -0.684299 0.111912 0.720563
vn 0.000001 -0.920372 0.391044
vn 0.000002 -0.261569 0.965185
vn 0.000007 0.119105 0.992882
vn -0.453075 0.320748 0.831772
vn -0.547312 -0.369706 0.750844
vn -0.564180 0.334435 0.754887
vn -0.674856 0.205304 0.708816
vn 0.000001 0.265495 0.964112
vn -0.777913 0.063597 0.625145
vn -0.703571 -0.186208 0.685794
vn -0.538042 -0.658889 0.525715
vn -0.000000 -0.741960 0.670444
vn -0.000001 -0.129798 0.991541
vn -0.520883 -0.022223 0.853339
vn -0.752544 -0.511846 0.414357
vn -0.768554 0.086530 0.633907
vn -0.806521 -0.501969 0.312331
vn -0.890671 -0.019689 0.454221
vn -0.745431 -0.290500 0.599952
vn -0.655844 -0.425959 0.623239
vn -0.368669 0.316627 0.873974
vn -0.525453 -0.846836 -0.082266
vn -0.000000 -0.992420 0.122891
vn -0.776858 -0.623043 0.091157
vn -0.000001 -0.998203 0.059928
vn -0.466299 -0.649980 0.600076
vn 0.000000 -0.849310 0.527894
vn -0.287806 -0.934095 -0.211268
vn 0.024787 -0.999550 -0.016888
vn -0.252509 -0.853140 0.456499
vn 0.000033 0.365906 0.930652
vn -0.000001 -0.999998 -0.002005
vn -0.042078 -0.994389 0.097058
vn -0.474607 -0.860456 -0.185377
vn 0.154635 -0.456922 0.875962
vn -0.149312 -0.483621 0.862448
vn -0.346566 -0.415415 0.841024
vn -0.666920 -0.287190 0.687561
vn -0.431051 -0.326845 0.841052
vn -0.114348 -0.381469 0.917282
vn -0.012532 -0.394131 0.918969
vn 0.143819 -0.555216 0.819177
vn 0.340889 0.624268 -0.702911
vn 0.305850 0.622291 -0.720562
vn 0.685016 0.320875 -0.654058
vn 0.815493 0.340515 -0.467997
vn 0.283912 -0.714568 0.639365
vn 0.281317 -0.814924 0.506716
vn 0.143911 0.980627 0.132893
vn 0.223197 0.933801 0.279640
vn 0.420851 0.897038 -0.134933
vn 0.361499 0.888369 -0.283053
vn 0.345541 0.604415 -0.717833
vn 0.275814 0.698893 -0.659905
vn 0.283896 -0.547244 0.787354
vn 0.257887 -0.331244 0.907619
vn 0.885149 -0.371316 0.280421
vn 0.808144 -0.529151 0.258656
vn 0.303188 -0.782344 0.544072
vn 0.445767 -0.660732 0.603925
vn 0.836914 0.434304 -0.333100
vn 0.997343 -0.059854 -0.041531
vn 0.999600 0.020910 -0.019040
vn 0.752106 0.527388 -0.395221
vn 0.977197 -0.058492 -0.204119
vn 0.985482 -0.092933 -0.142085
vn 0.801888 -0.550529 0.232149
vn 0.357026 0.213945 0.909264
vn 0.496742 -0.555155 0.667121
vn -0.452743 -0.406334 0.793673
vn 0.357142 0.130361 0.924909
vn 0.665944 0.720029 0.195134
vn 0.892843 0.438213 0.103922
vn 0.471052 0.667347 -0.576852
vn 0.644450 0.264561 -0.717420
vn 0.173081 -0.130581 -0.976213
vn 0.419321 0.183343 -0.889132
vn 0.751242 -0.073317 -0.655942
vn 0.672964 -0.068549 -0.736492
vn -0.998124 0.045902 0.040516
vn 0.954119 0.265137 -0.139136
vn -0.708030 -0.690252 -0.149150
vn -0.150256 -0.790677 -0.593509
vn -0.108328 -0.282442 0.953148
vn 0.575457 0.092291 0.812608
vn 0.527988 0.229965 0.817523
vn -0.337013 -0.075818 0.938442
vn 0.954658 0.297473 -0.011763
vn 0.957655 0.285596 -0.036491
vn 0.672800 -0.022897 -0.739470
vn 0.627284 -0.038504 -0.777838
vn -0.031458 -0.324824 -0.945251
vn -0.047887 -0.332868 -0.941757
vn -0.597732 -0.456657 -0.658924
vn -0.571409 -0.545250 -0.613348
vn -0.883964 -0.463356 0.062523
vn -0.857101 -0.512844 -0.048673
vn -0.818160 -0.330069 0.470817
vn -0.621173 -0.384664 0.682772
vn -0.706745 0.678057 0.201865
vn -0.028808 0.980702 0.193373
vn 0.072171 0.986368 0.147885
vn -0.548694 0.811941 0.199216
vn 0.785729 0.607396 0.117046
vn 0.799195 0.600793 0.018291
vn 0.979380 -0.201164 0.018642
vn 0.920427 -0.257724 -0.293925
vn 0.524474 -0.850836 -0.031692
vn 0.423801 -0.774802 -0.469121
vn -0.266174 -0.963687 0.021429
vn -0.371299 -0.902523 -0.218150
vn -0.848898 -0.504010 0.159204
vn -0.883556 -0.467847 0.021158
vn -0.972038 0.109958 0.207487
vn -0.931491 0.295950 0.211514
vn -0.905908 0.422577 0.027555
vn -0.212789 0.976234 -0.041090
vn 0.617026 0.786228 0.033527
vn 0.995660 0.025530 0.089491
vn 0.715719 -0.687285 0.124037
vn -0.026946 -0.969500 0.243607
vn -0.623745 -0.716928 0.311378
vn -0.942135 -0.279317 0.185377
vn 0.452527 0.708561 0.541443
vn 0.423120 0.775283 0.468940
vn 0.390961 0.042000 0.919448
vn 0.520386 0.152788 0.840151
vn 0.421129 -0.212489 0.881759
vn 0.272629 0.860895 -0.429574
vn 0.314384 0.733603 -0.602486
vn 0.637642 -0.404763 0.655424
vn 0.842708 -0.463172 0.274437
vn -0.023673 0.977425 -0.209953
vn 0.058737 0.981986 -0.179593
vn -0.523976 0.827887 -0.200132
vn -0.432058 0.879681 -0.198711
vn 0.511792 0.818293 -0.261660
vn 0.683088 0.712087 -0.162240
vn 0.946477 0.147954 -0.286865
vn 0.999422 -0.033169 -0.007424
vn 0.826374 -0.544015 -0.145442
vn 0.733241 -0.662545 0.152939
vn 0.240674 -0.958453 0.153115
vn 0.397017 -0.909818 0.120866
vn -0.535071 -0.777811 -0.329711
vn -0.987308 0.125354 -0.097514
vn -0.953089 0.159970 -0.256964
vn -0.466396 -0.884562 0.004997
vn -0.333918 0.911248 -0.241094
vn -0.230463 0.964040 -0.132341
vn 0.136406 0.985274 -0.103099
vn 0.038006 0.974416 -0.221516
vn 0.382385 0.867369 -0.318515
vn 0.383405 0.917625 -0.104717
vn 0.828405 0.478969 -0.290403
vn 0.884225 0.276000 -0.376790
vn 0.733609 -0.679565 -0.003028
vn 0.846386 -0.522727 -0.101917
vn -0.065388 -0.835624 0.545395
vn 0.317100 -0.852146 0.416287
vn 0.024370 -0.752900 0.657683
vn 0.223620 -0.728106 0.647963
vn 0.759807 0.017276 0.649919
vn -0.342306 -0.097345 0.934532
vn -0.227658 -0.956591 0.181949
vn 0.714128 -0.650478 -0.258649
vn -0.813568 0.572609 -0.101124
vn -0.779321 0.241710 0.578131
vn 0.186947 -0.926768 0.325811
vn 0.528081 -0.766197 0.366159
vn 0.670600 -0.388300 0.632075
vn -0.195277 -0.101765 0.975454
vn -0.684051 -0.721300 0.108632
vn 0.517117 -0.831236 -0.204050
vn -0.879625 0.466253 -0.094171
vn -0.884306 0.461350 -0.071819
vn 0.548365 0.507777 0.664423
vn -0.555433 0.214135 0.803517
vn -0.205067 -0.843993 0.495604
vn 0.798030 -0.503631 0.330913
vn -0.794416 -0.592983 0.131433
vn 0.291403 -0.942980 -0.160850
vn 0.524337 -0.417981 0.741864
vn -0.460807 -0.000172 0.887501
vn 0.616800 0.785901 -0.043799
vn -0.687847 0.713351 0.134152
vn 0.908420 -0.373771 0.187264
vn 0.213509 -0.740698 0.637009
vn -0.564916 -0.755245 0.332378
vn 0.572666 -0.537504 0.618986
vn -0.650910 -0.201036 0.732052
vn -0.447633 0.863244 0.233313
vn 0.200635 0.943445 0.263925
vn 0.437651 0.893010 -0.104858
vn -0.924107 0.381489 -0.022188
vn 0.909473 -0.262090 0.322751
vn -0.545275 -0.638125 0.543573
vn -0.280812 -0.889690 0.359994
vn 0.839760 0.526190 -0.133892
vn 0.609156 -0.779810 -0.144314
vn -0.805617 -0.438240 0.398656
vn -0.303198 0.898108 0.318549
vn 0.709501 0.684129 0.169046
vn 0.647942 0.758702 0.067393
vn -0.652627 0.700151 0.289598
vn -0.637404 0.638728 0.430978
vn 0.772029 -0.562419 -0.296067
vn 0.874849 -0.481031 -0.057000
vn -0.653963 -0.755767 0.033902
vn -0.648008 -0.748518 -0.140733
vn -0.724199 -0.334829 0.602848
vn 0.076667 -0.625476 0.776468
vn 0.690839 -0.661826 -0.291079
vn -0.839640 -0.538052 -0.074202
vn -0.403099 0.823749 0.398685
vn -0.325973 0.732511 0.597636
vn 0.817615 0.553615 0.158165
vn 0.686201 0.691109 0.226927
vn -0.921311 0.377330 0.093852
vn -0.906331 0.385352 0.173401
vn 0.540742 0.840676 0.029375
vn 0.449309 0.889939 -0.078291
vn 0.910426 -0.399304 -0.108076
vn 0.556996 0.813183 0.168789
vn -0.316304 -0.945692 -0.074954
vn -0.211357 -0.977192 0.020607
vn -0.187026 -0.971294 0.147000
vn 0.544578 -0.761253 -0.352034
vn 0.865645 0.488524 0.109560
vn 0.902012 0.362172 0.234960
vn 0.386101 -0.725929 -0.569169
vn -0.945826 -0.248065 -0.209468
vn -0.940160 -0.338641 0.037698
vn -0.327480 0.754873 0.568264
vn -0.312855 0.819618 0.479945
vn 0.731971 0.605581 0.312233
vn -0.618621 0.521616 0.587559
vn 0.742017 -0.558887 -0.370211
vn -0.657818 -0.725915 -0.200807
vn -0.883592 -0.436967 -0.168300
vn 0.677231 -0.590280 -0.439235
vn -0.250982 0.558505 0.790620
vn 0.888623 0.363751 0.279346
vn 0.367933 -0.777845 -0.509492
vn 0.884345 0.213202 0.415305
vn -0.942485 -0.251224 -0.220475
vn -0.344887 0.603632 0.718805
vn -0.932854 -0.016003 -0.359899
vn -0.444054 0.711832 -0.544160
vn 0.127887 0.776523 -0.616973
vn 0.743034 0.429115 -0.513577
vn 0.939571 -0.340567 0.034940
vn 0.423557 -0.892420 0.155518
vn -0.151000 -0.984466 0.089580
vn -0.714901 -0.683995 -0.145146
vn 0.242481 0.751146 0.613989
vn 0.943460 -0.329904 0.032360
vn -0.365890 -0.881084 -0.299692
vn -0.946288 0.224107 0.233057
vn 0.754655 -0.463339 0.464556
vn 0.932937 -0.357707 0.040918
vn 0.370721 0.679594 0.633023
vn 0.317247 0.442844 0.838596
vn -0.332074 -0.912102 -0.240410
vn -0.259589 -0.874261 0.410220
vn -0.649001 0.070200 0.757542
vn -0.910612 0.249012 0.329816
vn -0.741674 -0.429319 0.515369
vn 0.133783 -0.691657 0.709727
vn -0.354950 0.341155 0.870416
vn 0.470427 0.698804 0.538861
vn 0.903909 0.423749 -0.058188
vn 0.769446 -0.029655 -0.638023
vn 0.162060 -0.479389 -0.862509
vn -0.468245 -0.623184 -0.626409
vn -0.921580 -0.384738 0.051654
vn -0.762570 -0.070169 0.643089
vn 0.842193 -0.530830 0.094497
vn 0.925426 0.279828 -0.255507
vn 0.283249 -0.934210 0.216843
vn 0.233877 0.763489 -0.601985
vn 0.189208 0.424053 -0.885652
vn 0.532107 -0.605967 0.591326
vn 0.896787 -0.323459 0.301905
vn 0.981899 0.178312 -0.063875
vn 0.728437 0.284161 -0.623403
vn -0.997339 0.048603 0.054341
vn -0.000736 -0.320216 0.947344
vn -0.810551 -0.143301 0.567866
vn -0.051274 -0.308495 -0.949843
vn -0.533071 -0.606135 -0.590285
vn -0.090463 0.991378 -0.094795
vn 0.626204 0.760577 -0.171440
vn 0.702922 -0.122356 -0.700664
vn 0.011730 -0.775099 -0.631731
vn -0.058534 -0.759724 0.647606
vn 0.558265 0.828287 -0.047759
vn 0.723151 0.359175 0.589954
vn 0.033532 0.359168 0.932670
vn 0.091265 -0.264120 0.960162
vn 0.750920 0.150030 0.643125
vn 0.799304 0.599982 -0.033688
vn 0.980409 0.000697 0.196972
vn 0.516221 0.519559 -0.680863
vn 0.958828 -0.166640 0.229955
vn 0.069129 0.653747 -0.753549
vn -0.860030 0.382287 -0.337942
vn -0.577021 0.040283 0.815736
vn -0.516343 -0.352348 0.780539
vn -0.677977 0.162454 0.716907
vn -0.818387 0.526932 0.229315
vn -0.953349 0.157776 -0.257357
vn -0.959713 -0.032288 0.279121
vn 0.845600 0.338602 -0.412684
vn 0.862080 0.366741 -0.349741
vn 0.960877 0.269954 -0.061975
vn 0.889343 0.391359 -0.236449
vn 0.489101 0.486424 -0.723997
vn 0.410738 0.598125 -0.688143
vn -0.953634 -0.234956 0.188092
vn -0.977884 -0.109887 0.177953
vn -0.845899 0.328052 -0.420521
vn -0.924242 0.198862 -0.325929
vn -0.286919 0.484678 -0.826296
vn -0.913299 -0.170537 0.369868
vn -0.757752 -0.269503 0.594289
vn 0.130074 -0.609318 0.782185
vn 0.820189 -0.423163 0.384997
vn 0.851482 -0.426560 0.305000
vn 0.269981 -0.632488 0.725996
vn 0.985732 -0.040560 -0.163364
vn 0.964665 -0.075780 -0.252346
vn 0.832374 0.221592 -0.507986
vn 0.693332 0.201472 -0.691881
vn 0.082168 0.363596 -0.927926
vn -0.113002 0.354786 -0.928093
vn -0.471298 -0.517946 0.713870
vn -0.626837 -0.412634 0.660915
vn -0.891591 0.098725 -0.441948
vn -0.961761 -0.158479 0.223384
vn -0.916704 -0.269265 0.295211
vn -0.906010 0.077244 -0.416148
vn -0.085883 0.106069 0.990643
vn 0.714569 0.418072 0.560899
vn 0.773347 -0.039201 0.632770
vn -0.053665 -0.312065 0.948544
vn 0.957346 0.267019 0.110404
vn 0.548048 0.798330 0.249626
vn 0.748676 -0.504915 0.429587
vn 0.455852 -0.677037 0.577772
vn 0.266728 -0.707244 0.654723
vn 0.549331 0.013644 0.835493
vn 0.651655 0.391282 -0.649803
vn 0.657366 0.171867 -0.733711
vn 0.820951 -0.341567 -0.457572
vn -0.019600 0.650821 -0.758978
vn -0.529599 -0.441868 0.724070
vn 0.038048 -0.617313 0.785797
vn -0.858652 0.373846 -0.350651
vn -0.923838 -0.172806 0.341558
vn 0.756134 -0.453720 -0.471593
vn 0.515020 -0.329769 -0.791206
vn 0.878393 0.477369 -0.023326
vn 0.915423 0.383252 0.122961
vn -0.592291 -0.804902 -0.036401
vn -0.701727 0.104063 0.704805
vn -0.829129 0.151344 0.538183
vn -0.693195 -0.624433 -0.359949
vn 0.002125 0.681445 0.731866
vn -0.097603 0.520527 0.848248
vn -0.806541 -0.275229 -0.523202
vn 0.132915 -0.033406 -0.990564
vn 0.502967 -0.345331 -0.792320
vn 0.637334 -0.557036 -0.532462
vn -0.463832 -0.878550 -0.114061
vn -0.614668 -0.706190 -0.351397
vn -0.177454 0.795347 0.579597
vn 0.404580 0.904867 0.132407
vn -0.265008 0.869175 0.417498
vn 0.040887 0.996845 -0.068026
vn -0.557796 0.807597 -0.191445
vn 0.872465 0.472602 -0.124306
vn 0.738424 0.644439 -0.198568
vn 0.935868 -0.209772 -0.283103
vn 0.892495 -0.080648 -0.443789
vn 0.427522 -0.864801 -0.263333
vn 0.471636 -0.767052 -0.434960
vn -0.773746 0.321667 0.545754
vn -0.765802 0.293258 0.572317
vn -0.868069 0.491733 0.068231
vn -0.383909 -0.922117 -0.048105
vn -0.568711 -0.066370 0.819856
vn -0.853365 -0.411509 0.320045
vn -0.798099 -0.551625 0.242380
vn -0.219358 -0.957504 -0.187263
vn 0.230867 -0.774718 -0.588653
vn -0.745055 -0.627749 -0.225443
vn 0.574704 -0.389409 -0.719775
vn 0.350117 0.743639 0.569578
vn 0.521996 0.614425 0.591610
vn 0.140961 -0.888189 -0.437323
vn 0.032706 -0.897253 -0.440303
vn 0.265277 -0.298220 0.916893
vn 0.919191 -0.036390 0.392127
vn 0.730496 -0.605787 0.315273
vn 0.951771 0.287579 -0.106916
vn 0.657911 0.603473 -0.450527
vn 0.059866 0.816113 -0.574783
vn -0.507478 -0.326955 0.797224
vn -0.902929 -0.100549 0.417863
vn -0.810260 0.539468 -0.229027
vn 0.453924 0.283285 0.844809
vn -0.561692 -0.004135 0.827336
vn 0.951209 0.305803 0.041062
vn 0.636946 0.068362 -0.767871
vn -0.029965 -0.260035 -0.965134
vn -0.491547 -0.639743 -0.590855
vn -0.983915 -0.069683 0.164488
vn -0.935187 0.009813 0.354017
vn -0.866705 0.407063 0.288308
vn 0.952055 -0.299099 0.064277
vn 0.934758 -0.342448 -0.094635
vn 0.789798 -0.610922 -0.054711
vn 0.856200 0.276047 0.436714
vn -0.296395 -0.887139 0.353743
vn -0.336668 -0.059234 0.939758
vn 0.175344 0.089216 0.980456
vn 0.603164 0.170455 0.779191
vn 0.209360 -0.899701 0.383022
vn 0.530016 -0.816576 0.228663
vn 0.681921 -0.214763 0.699186
vn 0.517234 -0.853201 -0.067205
vn 0.814785 0.377910 0.439670
vn 0.736764 -0.610968 -0.289649
vn 0.435212 -0.442774 -0.783927
vn 0.874217 -0.066057 0.481021
vn 0.286540 -0.256409 0.923119
vn 0.962527 0.248830 -0.107824
vn 0.637086 0.538815 -0.551181
vn -0.051380 0.695117 -0.717058
vn -0.497407 -0.292759 0.816626
vn -0.904144 -0.089188 0.417816
vn -0.850959 0.453270 -0.265359
vn 0.545612 0.722349 -0.424876
vn 0.512859 0.529623 -0.675630
vn 0.444363 -0.712934 0.542464
vn 0.429212 -0.443510 0.786814
vn 0.672724 0.619882 -0.403965
vn 0.686781 0.407032 -0.602210
vn 0.739407 0.489683 0.462046
vn 0.739463 0.670164 0.063831
vn 0.784004 -0.336967 0.521336
vn 0.781144 -0.493232 0.382800
vn 0.800919 -0.147598 0.580295
vn 0.738672 -0.673962 -0.011826
vn 0.776377 -0.452837 -0.438381
vn 0.666780 0.064857 -0.742427
vn 0.935656 -0.012896 0.352678
vn 0.988725 0.147208 -0.027420
vn 0.984468 -0.108204 -0.138253
vn 0.930816 -0.322539 0.171902
vn 0.994211 0.004468 -0.107348
vn 0.948377 -0.212230 0.235667
vn -0.455458 0.639512 -0.619340
vn -0.883993 0.165524 -0.437216
vn 0.167710 0.726883 -0.665968
vn -0.452802 -0.891609 0.002052
vn -0.855901 -0.485418 -0.178333
vn 0.537332 -0.807281 -0.244074
vn 0.520214 -0.838086 -0.164283
vn 0.339203 -0.900192 -0.273124
vn 0.240130 -0.337777 -0.910079
vn 0.498459 -0.373714 -0.782225
vn 0.595404 -0.540642 -0.594307
vn 0.327905 0.686130 0.649387
vn 0.330933 0.370161 0.868023
vn 0.652697 0.295509 0.697610
vn 0.698052 0.484385 0.527347
vn 0.347101 0.936178 0.055606
vn 0.703460 0.710690 0.007981
vn 0.666715 0.725052 -0.172600
vn 0.344826 0.910597 -0.227832
vn 0.485989 -0.620905 0.615054
vn 0.473629 -0.794710 0.379621
vn 0.640040 -0.731654 0.234586
vn 0.650726 -0.661661 0.372505
vn 0.609201 0.064909 0.790355
vn 0.376313 0.051109 0.925082
vn 0.628061 -0.001158 -0.778163
vn 0.227023 0.069057 -0.971438
vn 0.657555 0.585376 -0.474296
vn 0.330235 0.732926 -0.594781
vn 0.866484 -0.097755 -0.489540
vn 0.893181 -0.148052 -0.424627
vn 0.778355 -0.587713 0.220809
vn 0.798114 0.176753 0.575997
vn 0.903408 0.408911 -0.129016
vn 0.843065 0.460305 -0.278138
vn 0.650741 0.337275 -0.680281
vn 0.640863 0.161413 -0.750493
vn 0.272912 0.221912 -0.936095
vn 0.309173 0.429008 -0.848743
vn 0.951545 0.105165 -0.288969
vn 0.982165 -0.089424 0.165395
vn 0.994374 -0.080832 0.068452
vn 0.917107 -0.090316 -0.388274
vn 0.342976 0.869361 0.355781
vn 0.350662 -0.634696 0.688620
vn 0.625552 -0.605689 0.491758
vn 0.873516 0.196497 -0.445374
vn 0.862529 0.003235 -0.505996
vn 0.846011 0.303943 0.438045
vn 0.953634 -0.046215 0.297399
vn 0.841920 -0.396871 0.365602
vn 0.899257 -0.437037 0.018327
vn 0.956085 -0.075492 0.283202
vn 0.706707 0.180757 0.684026
vn 0.993918 -0.045695 0.100190
vn 0.943032 0.309847 0.121186
vn 0.358027 0.115244 0.926572
vn 0.554998 0.168228 0.814664
vn 0.937003 -0.256280 -0.237373
vn 0.613430 -0.685778 -0.391678
vn 0.729305 0.623691 0.281290
vn 0.941756 0.043455 0.333477
vn 0.957060 -0.232650 0.172944
vn 0.733165 -0.607706 0.305226
vn 0.594279 -0.382894 0.707266
vn 0.969432 -0.084465 0.230364
vn 0.951732 -0.242961 0.187551
vn 0.885366 -0.195777 0.421661
vn 0.532557 -0.496571 0.685420
vn 0.575161 -0.794672 0.194129
vn 0.532382 -0.839482 0.108804
vn 0.890080 -0.030212 0.454802
vn 0.626936 0.131885 0.767826
vn 0.539552 -0.469289 0.699036
vn 0.491970 0.081725 0.866768
vn 0.438318 -0.577303 0.688911
vn 0.742885 -0.499993 0.445117
vn 0.684379 0.094285 0.723005
vn 0.415172 -0.046705 0.908543
vn 0.313269 -0.847092 0.429298
vn 0.402449 -0.845512 0.350919
vn 0.237491 -0.838168 0.490992
vn 0.334408 -0.853339 0.399979
vn 0.501001 -0.755327 0.422467
vn 0.406022 -0.712257 0.572570
vn 0.581472 -0.350295 0.734292
vn 0.774117 -0.424193 0.469897
vn 0.505714 -0.147361 0.850023
vn 0.692607 -0.199731 0.693112
vn 0.297312 0.039905 0.953946
vn 0.505218 -0.040884 0.862023
vn 0.193308 -0.921550 0.336715
vn 0.877612 -0.281381 0.388101
vn 0.559323 -0.118195 0.820480
vn 0.651277 -0.330533 0.683071
vn 0.490620 -0.352767 0.796773
vn 0.640807 0.065134 0.764934
vn 0.177922 -0.661187 0.728818
vn 0.684334 0.111913 0.720529
vn 0.547312 -0.369703 0.750846
vn 0.452552 0.320740 0.832059
vn 0.565281 0.332906 0.754739
vn 0.674858 0.205305 0.708813
vn 0.777921 0.063600 0.625135
vn 0.703584 -0.186202 0.685783
vn 0.538042 -0.658891 0.525713
vn 0.520884 -0.022224 0.853338
vn 0.752542 -0.511852 0.414352
vn 0.768557 0.086530 0.633903
vn 0.806518 -0.501977 0.312326
vn 0.890674 -0.019687 0.454217
vn 0.745433 -0.290502 0.599948
vn 0.655848 -0.425956 0.623237
vn 0.368726 0.316588 0.873964
vn 0.525451 -0.846837 -0.082267
vn 0.776860 -0.623041 0.091156
vn 0.466307 -0.649970 0.600080
vn 0.287798 -0.934097 -0.211271
vn -0.024800 -0.999550 -0.016896
vn 0.252506 -0.853140 0.456500
vn 0.042082 -0.994389 0.097055
vn 0.474608 -0.860455 -0.185379
vn -0.154631 -0.456950 0.875949
vn 0.149319 -0.483620 0.862448
vn 0.346567 -0.415419 0.841022
vn 0.666914 -0.287200 0.687562
vn 0.431048 -0.326856 0.841049
vn 0.114349 -0.381473 0.917280
vn 0.012534 -0.394137 0.918966
vn -0.143829 -0.555240 0.819159
vn -0.862922 -0.230274 0.449822
vn -0.677508 -0.284834 0.678124
vn -0.695864 -0.203353 0.688782
vn -0.884227 -0.142166 0.444895
vn -0.400090 -0.246597 0.882676
vn -0.395541 -0.313515 0.863282
vn -0.967686 -0.079507 0.239296
vn -0.988216 -0.069469 0.136394
vn -0.988124 -0.090287 0.124334
vn -0.959379 -0.149321 0.239364
vn -0.881380 -0.062409 0.468268
vn -0.957139 -0.027017 0.288366
vn -0.682296 -0.121430 0.720921
vn -0.387535 -0.173427 0.905395
vn 0.000002 -0.201862 0.979414
vn 0.000004 -0.266826 0.963744
vn -0.978030 -0.035855 0.205359
vn 0.000015 -0.325359 0.945590
vn 0.695868 -0.203352 0.688778
vn 0.677508 -0.284837 0.678123
vn 0.862922 -0.230275 0.449821
vn 0.884230 -0.142171 0.444887
vn 0.400097 -0.246599 0.882673
vn 0.395553 -0.313519 0.863275
vn 0.988125 -0.090287 0.124329
vn 0.988216 -0.069468 0.136390
vn 0.967687 -0.079508 0.239292
vn 0.959380 -0.149321 0.239358
vn 0.957140 -0.027021 0.288362
vn 0.881383 -0.062414 0.468260
vn 0.682304 -0.121430 0.720913
vn 0.387539 -0.173425 0.905393
vn 0.978030 -0.035855 0.205356
vn -0.968592 -0.023645 0.247528
vn 0.968593 -0.023646 0.247524
# 1189 vertex normals

vt 0.586912 0.344770 0.000000
vt 0.548860 0.346544 0.000000
vt 0.541670 0.303911 0.000000
vt 0.582373 0.307870 0.000000
vt 0.296076 0.830259 0.000000
vt 0.295980 0.858098 0.000000
vt 0.267078 0.857280 0.000000
vt 0.269390 0.827834 0.000000
vt 0.613111 0.212230 0.000000
vt 0.613102 0.215846 0.000000
vt 0.592133 0.217825 0.000000
vt 0.576580 0.205653 0.000000
vt 0.566974 0.236525 0.000000
vt 0.589610 0.234444 0.000000
vt 0.582147 0.269574 0.000000
vt 0.264670 0.890496 0.000000
vt 0.295876 0.886360 0.000000
vt 0.295766 0.915368 0.000000
vt 0.272971 0.925131 0.000000
vt 0.239814 0.739677 0.000000
vt 0.269111 0.722594 0.000000
vt 0.273296 0.791263 0.000000
vt 0.242375 0.799447 0.000000
vt 0.522426 0.416497 0.000000
vt 0.521913 0.369694 0.000000
vt 0.550355 0.377537 0.000000
vt 0.557141 0.424235 0.000000
vt 0.515778 0.318519 0.000000
vt 0.518153 0.342283 0.000000
vt 0.239399 0.833634 0.000000
vt 0.205009 0.825174 0.000000
vt 0.209258 0.792210 0.000000
vt 0.193719 0.899500 0.000000
vt 0.210541 0.901896 0.000000
vt 0.203584 0.930818 0.000000
vt 0.182859 0.924385 0.000000
vt 0.187319 0.960573 0.000000
vt 0.170897 0.950621 0.000000
vt 0.498014 0.224525 0.000000
vt 0.515173 0.215195 0.000000
vt 0.517585 0.243984 0.000000
vt 0.502796 0.249191 0.000000
vt 0.515611 0.274508 0.000000
vt 0.528836 0.269699 0.000000
vt 0.527348 0.296328 0.000000
vt 0.522709 0.294107 0.000000
vt 0.517459 0.305776 0.000000
vt 0.517395 0.305659 0.000000
vt 0.196914 0.881473 0.000000
vt 0.189999 0.867319 0.000000
vt 0.190599 0.865670 0.000000
vt 0.203661 0.879479 0.000000
vt 0.106983 0.890148 0.000000
vt 0.137535 0.892487 0.000000
vt 0.128057 0.913233 0.000000
vt 0.103995 0.906530 0.000000
vt 0.101236 0.924985 0.000000
vt 0.123926 0.932867 0.000000
vt 0.430175 0.265941 0.000000
vt 0.424660 0.247523 0.000000
vt 0.449484 0.242036 0.000000
vt 0.454858 0.260852 0.000000
vt 0.465232 0.284930 0.000000
vt 0.434490 0.286831 0.000000
vt 0.479717 0.296060 0.000000
vt 0.436122 0.304930 0.000000
vt 0.483301 0.310550 0.000000
vt 0.435424 0.321858 0.000000
vt 0.105594 0.863479 0.000000
vt 0.153359 0.867902 0.000000
vt 0.149822 0.881384 0.000000
vt 0.106429 0.877285 0.000000
vt 0.043583 0.883476 0.000000
vt 0.063990 0.885402 0.000000
vt 0.065324 0.900708 0.000000
vt 0.043234 0.898020 0.000000
vt 0.044498 0.915534 0.000000
vt 0.065857 0.917605 0.000000
vt 0.368629 0.278997 0.000000
vt 0.360293 0.260250 0.000000
vt 0.384074 0.255707 0.000000
vt 0.394401 0.275930 0.000000
vt 0.397696 0.289895 0.000000
vt 0.372034 0.296449 0.000000
vt 0.394592 0.309541 0.000000
vt 0.371601 0.313080 0.000000
vt 0.391174 0.326174 0.000000
vt 0.367591 0.327812 0.000000
vt 0.045153 0.856710 0.000000
vt 0.066033 0.858245 0.000000
vt 0.064420 0.872978 0.000000
vt 0.044038 0.871538 0.000000
vt 0.016785 0.881584 0.000000
vt 0.016381 0.894477 0.000000
vt 0.017256 0.907210 0.000000
vt 0.337503 0.284287 0.000000
vt 0.331946 0.271145 0.000000
vt 0.339338 0.298390 0.000000
vt 0.339264 0.310609 0.000000
vt 0.336621 0.321502 0.000000
vt 0.016551 0.871138 0.000000
vt 0.015962 0.858631 0.000000
vt 0.555881 0.227041 0.000000
vt 0.543903 0.200978 0.000000
vt 0.552276 0.190409 0.000000
vt 0.235455 0.943672 0.000000
vt 0.250367 0.956586 0.000000
vt 0.229555 0.972750 0.000000
vt 0.216288 0.972783 0.000000
vt 0.276178 0.945493 0.000000
vt 0.612853 0.308831 0.000000
vt 0.612758 0.341952 0.000000
vt 0.613041 0.238424 0.000000
vt 0.612954 0.271593 0.000000
vt 0.585891 0.376874 0.000000
vt 0.234286 0.905678 0.000000
vt 0.226180 0.868106 0.000000
vt 0.295681 0.937450 0.000000
vt 0.063905 0.761253 0.000000
vt 0.071292 0.775654 0.000000
vt 0.052950 0.778274 0.000000
vt 0.046954 0.764130 0.000000
vt 0.045655 0.748850 0.000000
vt 0.059366 0.746564 0.000000
vt 0.047176 0.734042 0.000000
vt 0.057308 0.733162 0.000000
vt 0.046812 0.724375 0.000000
vt 0.057176 0.724113 0.000000
vt 0.045732 0.713721 0.000000
vt 0.059832 0.712656 0.000000
vt 0.069344 0.815533 0.000000
vt 0.045547 0.812087 0.000000
vt 0.058834 0.793893 0.000000
vt 0.078101 0.804154 0.000000
vt 0.090478 0.773850 0.000000
vt 0.083986 0.758148 0.000000
vt 0.100181 0.756531 0.000000
vt 0.105835 0.773388 0.000000
vt 0.078698 0.742549 0.000000
vt 0.076077 0.729706 0.000000
vt 0.091353 0.727915 0.000000
vt 0.095229 0.738998 0.000000
vt 0.075982 0.719882 0.000000
vt 0.091428 0.717617 0.000000
vt 0.077094 0.709168 0.000000
vt 0.095839 0.704032 0.000000
vt 0.075660 0.694362 0.000000
vt 0.096837 0.685764 0.000000
vt 0.167130 0.772479 0.000000
vt 0.160806 0.775470 0.000000
vt 0.160682 0.767043 0.000000
vt 0.167152 0.764091 0.000000
vt 0.079916 0.788494 0.000000
vt 0.088960 0.800770 0.000000
vt 0.052061 0.832618 0.000000
vt 0.070222 0.831741 0.000000
vt 0.150768 0.735845 0.000000
vt 0.155866 0.731938 0.000000
vt 0.157740 0.741297 0.000000
vt 0.151535 0.743174 0.000000
vt 0.105766 0.787321 0.000000
vt 0.092711 0.788312 0.000000
vt 0.150676 0.811689 0.000000
vt 0.149772 0.806439 0.000000
vt 0.155617 0.801903 0.000000
vt 0.159160 0.807583 0.000000
vt 0.133929 0.723594 0.000000
vt 0.129792 0.725869 0.000000
vt 0.127235 0.718607 0.000000
vt 0.133633 0.714419 0.000000
vt 0.120846 0.759762 0.000000
vt 0.124084 0.771976 0.000000
vt 0.108651 0.675649 0.000000
vt 0.110156 0.679845 0.000000
vt 0.099310 0.684697 0.000000
vt 0.092029 0.668419 0.000000
vt 0.105716 0.661721 0.000000
vt 0.102011 0.657008 0.000000
vt 0.095179 0.665002 0.000000
vt 0.107753 0.701377 0.000000
vt 0.107243 0.687760 0.000000
vt 0.110486 0.681025 0.000000
vt 0.115249 0.738686 0.000000
vt 0.118637 0.750337 0.000000
vt 0.108964 0.705757 0.000000
vt 0.099866 0.705206 0.000000
vt 0.124200 0.779888 0.000000
vt 0.125332 0.792020 0.000000
vt 0.098673 0.654187 0.000000
vt 0.101136 0.656306 0.000000
vt 0.081189 0.660367 0.000000
vt 0.092249 0.647397 0.000000
vt 0.121725 0.800414 0.000000
vt 0.104547 0.797762 0.000000
vt 0.103606 0.726414 0.000000
vt 0.104421 0.718616 0.000000
vt 0.103869 0.711695 0.000000
vt 0.104416 0.707683 0.000000
vt 0.105581 0.735422 0.000000
vt 0.125773 0.772116 0.000000
vt 0.123763 0.760158 0.000000
vt 0.142389 0.762554 0.000000
vt 0.143759 0.773500 0.000000
vt 0.112192 0.679077 0.000000
vt 0.111066 0.674188 0.000000
vt 0.125254 0.663826 0.000000
vt 0.128844 0.671377 0.000000
vt 0.107829 0.660619 0.000000
vt 0.120951 0.654102 0.000000
vt 0.117361 0.648210 0.000000
vt 0.104054 0.655426 0.000000
vt 0.119767 0.699578 0.000000
vt 0.110629 0.701182 0.000000
vt 0.109673 0.687442 0.000000
vt 0.122032 0.686394 0.000000
vt 0.112672 0.680340 0.000000
vt 0.128666 0.677458 0.000000
vt 0.120554 0.749778 0.000000
vt 0.117887 0.738682 0.000000
vt 0.134084 0.736775 0.000000
vt 0.139244 0.747300 0.000000
vt 0.126232 0.702850 0.000000
vt 0.110806 0.705431 0.000000
vt 0.126829 0.792843 0.000000
vt 0.127885 0.781007 0.000000
vt 0.144604 0.788840 0.000000
vt 0.139968 0.799667 0.000000
vt 0.113544 0.641286 0.000000
vt 0.107854 0.638188 0.000000
vt 0.112387 0.626384 0.000000
vt 0.117462 0.628827 0.000000
vt 0.100290 0.633210 0.000000
vt 0.105732 0.622028 0.000000
vt 0.134887 0.806956 0.000000
vt 0.123541 0.801273 0.000000
vt 0.113327 0.724182 0.000000
vt 0.105014 0.726215 0.000000
vt 0.107576 0.718305 0.000000
vt 0.113627 0.716649 0.000000
vt 0.106902 0.711920 0.000000
vt 0.113005 0.711296 0.000000
vt 0.112823 0.707828 0.000000
vt 0.106046 0.707971 0.000000
vt 0.107796 0.734898 0.000000
vt 0.117788 0.732502 0.000000
vt 0.145837 0.773840 0.000000
vt 0.144891 0.763045 0.000000
vt 0.130083 0.670279 0.000000
vt 0.126848 0.662611 0.000000
vt 0.136025 0.655729 0.000000
vt 0.141765 0.659593 0.000000
vt 0.122931 0.653041 0.000000
vt 0.132931 0.648205 0.000000
vt 0.119246 0.647458 0.000000
vt 0.132179 0.641383 0.000000
vt 0.124748 0.686221 0.000000
vt 0.137066 0.686221 0.000000
vt 0.136608 0.695116 0.000000
vt 0.122559 0.698753 0.000000
vt 0.129900 0.676978 0.000000
vt 0.139624 0.680502 0.000000
vt 0.141353 0.746969 0.000000
vt 0.136567 0.736570 0.000000
vt 0.127569 0.702320 0.000000
vt 0.140638 0.697645 0.000000
vt 0.116233 0.716147 0.000000
vt 0.122777 0.714712 0.000000
vt 0.114948 0.723860 0.000000
vt 0.115954 0.711250 0.000000
vt 0.122150 0.710659 0.000000
vt 0.115540 0.707740 0.000000
vt 0.128749 0.705961 0.000000
vt 0.120297 0.731436 0.000000
vt 0.028993 0.791288 0.000000
vt 0.027531 0.776640 0.000000
vt 0.023425 0.763932 0.000000
vt 0.023090 0.748363 0.000000
vt 0.026003 0.732576 0.000000
vt 0.027758 0.720904 0.000000
vt 0.027273 0.711214 0.000000
vt 0.024201 0.697693 0.000000
vt 0.044943 0.696827 0.000000
vt 0.025452 0.804108 0.000000
vt 0.061615 0.682597 0.000000
vt 0.044713 0.679550 0.000000
vt 0.050965 0.666931 0.000000
vt 0.065986 0.665493 0.000000
vt 0.086397 0.839868 0.000000
vt 0.091864 0.828454 0.000000
vt 0.097523 0.818454 0.000000
vt 0.102644 0.809614 0.000000
vt 0.032005 0.673616 0.000000
vt 0.034950 0.666114 0.000000
vt 0.048552 0.667028 0.000000
vt 0.042515 0.678715 0.000000
vt 0.104762 0.838040 0.000000
vt 0.090186 0.841132 0.000000
vt 0.092966 0.829131 0.000000
vt 0.102860 0.833801 0.000000
vt 0.106363 0.828187 0.000000
vt 0.098506 0.819568 0.000000
vt 0.110936 0.828016 0.000000
vt 0.105673 0.812410 0.000000
vt 0.092890 0.799979 0.000000
vt 0.069811 0.663742 0.000000
vt 0.072961 0.678076 0.000000
vt 0.063295 0.698739 0.000000
vt 0.081917 0.887017 0.000000
vt 0.084376 0.903870 0.000000
vt 0.082977 0.920462 0.000000
vt 0.418586 0.270999 0.000000
vt 0.404261 0.252768 0.000000
vt 0.420064 0.287225 0.000000
vt 0.416031 0.307066 0.000000
vt 0.409397 0.324265 0.000000
vt 0.082004 0.873655 0.000000
vt 0.081976 0.858787 0.000000
vt 0.326605 0.300581 0.000000
vt 0.324363 0.286907 0.000000
vt 0.327253 0.311340 0.000000
vt 0.548705 0.261885 0.000000
vt 0.197372 0.853225 0.000000
vt 0.581706 0.464489 0.000000
vt 0.584749 0.426829 0.000000
vt 0.612477 0.433198 0.000000
vt 0.612378 0.464566 0.000000
vt 0.236119 0.712544 0.000000
vt 0.263085 0.683453 0.000000
vt 0.206515 0.744182 0.000000
vt 0.203587 0.727462 0.000000
vt 0.549692 0.453385 0.000000
vt 0.518015 0.435513 0.000000
vt 0.253632 0.660400 0.000000
vt 0.273748 0.632009 0.000000
vt 0.281824 0.641355 0.000000
vt 0.612287 0.493700 0.000000
vt 0.612162 0.533335 0.000000
vt 0.612153 0.536464 0.000000
vt 0.596969 0.500482 0.000000
vt 0.296853 0.607154 0.000000
vt 0.296619 0.649802 0.000000
vt 0.296147 0.602358 0.000000
vt 0.227997 0.679725 0.000000
vt 0.193938 0.692939 0.000000
vt 0.502525 0.472578 0.000000
vt 0.534638 0.489007 0.000000
vt 0.580947 0.525832 0.000000
vt 0.612106 0.551118 0.000000
vt 0.295525 0.598538 0.000000
vt 0.592156 0.175798 0.000000
vt 0.613199 0.180443 0.000000
vt 0.612649 0.377977 0.000000
vt 0.296416 0.719606 0.000000
vt 0.296198 0.792517 0.000000
vt 0.164954 0.461505 0.000000
vt 0.177927 0.494027 0.000000
vt 0.158181 0.500734 0.000000
vt 0.142693 0.472057 0.000000
vt 0.135990 0.500274 0.000000
vt 0.128712 0.476384 0.000000
vt 0.451670 0.686621 0.000000
vt 0.454059 0.663326 0.000000
vt 0.477755 0.674387 0.000000
vt 0.476332 0.691332 0.000000
vt 0.500671 0.684831 0.000000
vt 0.494665 0.695706 0.000000
vt 0.180060 0.451159 0.000000
vt 0.189592 0.486504 0.000000
vt 0.518921 0.700097 0.000000
vt 0.518948 0.689165 0.000000
vt 0.537130 0.693424 0.000000
vt 0.534340 0.706420 0.000000
vt 0.212262 0.440441 0.000000
vt 0.218336 0.454351 0.000000
vt 0.678854 0.894524 0.000000
vt 0.678095 0.910961 0.000000
vt 0.652503 0.915052 0.000000
vt 0.647591 0.898416 0.000000
vt 0.655752 0.934660 0.000000
vt 0.680807 0.932554 0.000000
vt 0.682989 0.953831 0.000000
vt 0.680410 0.977273 0.000000
vt 0.659676 0.975912 0.000000
vt 0.659589 0.958351 0.000000
vt 0.657558 0.945422 0.000000
vt 0.672718 0.836166 0.000000
vt 0.684563 0.807689 0.000000
vt 0.689403 0.824689 0.000000
vt 0.688956 0.846519 0.000000
vt 0.714062 0.861703 0.000000
vt 0.738692 0.862383 0.000000
vt 0.737505 0.874320 0.000000
vt 0.712948 0.877196 0.000000
vt 0.734493 0.895866 0.000000
vt 0.709553 0.894926 0.000000
vt 0.736624 0.921070 0.000000
vt 0.704740 0.914774 0.000000
vt 0.744249 0.938734 0.000000
vt 0.709211 0.933466 0.000000
vt 0.740881 0.851186 0.000000
vt 0.714326 0.850863 0.000000
vt 0.710734 0.952616 0.000000
vt 0.743880 0.957006 0.000000
vt 0.732623 0.983899 0.000000
vt 0.708529 0.976684 0.000000
vt 0.734182 0.826304 0.000000
vt 0.712049 0.831067 0.000000
vt 0.671012 0.854467 0.000000
vt 0.687362 0.857659 0.000000
vt 0.683431 0.875845 0.000000
vt 0.660358 0.874561 0.000000
vt 0.167422 0.527481 0.000000
vt 0.145443 0.523630 0.000000
vt 0.454002 0.640361 0.000000
vt 0.482606 0.655441 0.000000
vt 0.502637 0.663285 0.000000
vt 0.526416 0.671110 0.000000
vt 0.147626 0.457908 0.000000
vt 0.466062 0.741886 0.000000
vt 0.439262 0.737541 0.000000
vt 0.456592 0.729554 0.000000
vt 0.488141 0.744784 0.000000
vt 0.150273 0.429115 0.000000
vt 0.168408 0.417105 0.000000
vt 0.517933 0.749194 0.000000
vt 0.539489 0.752259 0.000000
vt 0.193857 0.399119 0.000000
vt 0.633471 0.886821 0.000000
vt 0.628137 0.906248 0.000000
vt 0.610200 0.889112 0.000000
vt 0.617188 0.879601 0.000000
vt 0.644632 0.836132 0.000000
vt 0.627742 0.833018 0.000000
vt 0.622569 0.812764 0.000000
vt 0.642125 0.809377 0.000000
vt 0.648699 0.847601 0.000000
vt 0.623300 0.844945 0.000000
vt 0.642622 0.961846 0.000000
vt 0.631971 0.925758 0.000000
vt 0.640525 0.937894 0.000000
vt 0.631310 0.918417 0.000000
vt 0.664108 0.795616 0.000000
vt 0.672902 0.787536 0.000000
vt 0.635200 0.976921 0.000000
vt 0.186766 0.579337 0.000000
vt 0.187276 0.518996 0.000000
vt 0.208097 0.570318 0.000000
vt 0.230113 0.619603 0.000000
vt 0.208622 0.628366 0.000000
vt 0.158004 0.580467 0.000000
vt 0.174994 0.639334 0.000000
vt 0.464014 0.584914 0.000000
vt 0.492201 0.614895 0.000000
vt 0.508777 0.546919 0.000000
vt 0.477481 0.526204 0.000000
vt 0.515413 0.622940 0.000000
vt 0.535976 0.558345 0.000000
vt 0.223882 0.555218 0.000000
vt 0.202135 0.507658 0.000000
vt 0.249894 0.603091 0.000000
vt 0.539936 0.632229 0.000000
vt 0.565220 0.638346 0.000000
vt 0.546541 0.669398 0.000000
vt 0.561878 0.571227 0.000000
vt 0.600459 0.587556 0.000000
vt 0.248625 0.515400 0.000000
vt 0.228414 0.481846 0.000000
vt 0.275395 0.572103 0.000000
vt 0.558949 0.506619 0.000000
vt 0.256390 0.341515 0.000000
vt 0.285978 0.341520 0.000000
vt 0.283980 0.361999 0.000000
vt 0.248452 0.362154 0.000000
vt 0.283729 0.377141 0.000000
vt 0.247542 0.375966 0.000000
vt 0.287409 0.399012 0.000000
vt 0.294004 0.431391 0.000000
vt 0.241246 0.405598 0.000000
vt 0.246681 0.393763 0.000000
vt 0.621106 0.857709 0.000000
vt 0.642843 0.868934 0.000000
vt 0.235044 0.438686 0.000000
vt 0.254765 0.456136 0.000000
vt 0.276058 0.456169 0.000000
vt 0.293169 0.458863 0.000000
vt 0.136333 0.387852 0.000000
vt 0.129376 0.420888 0.000000
vt 0.120407 0.388717 0.000000
vt 0.437332 0.776609 0.000000
vt 0.461620 0.787682 0.000000
vt 0.482444 0.793378 0.000000
vt 0.154560 0.382860 0.000000
vt 0.537858 0.783362 0.000000
vt 0.510373 0.789083 0.000000
vt 0.179182 0.372997 0.000000
vt 0.177678 0.897924 0.000000
vt 0.160809 0.919984 0.000000
vt 0.153607 0.942057 0.000000
vt 0.479676 0.232034 0.000000
vt 0.487097 0.253155 0.000000
vt 0.502670 0.279206 0.000000
vt 0.517710 0.293159 0.000000
vt 0.516787 0.306415 0.000000
vt 0.188049 0.868526 0.000000
vt 0.190060 0.882305 0.000000
vt 0.296539 0.677722 0.000000
vt 0.141282 0.800493 0.000000
vt 0.137224 0.808206 0.000000
vt 0.093191 0.645832 0.000000
vt 0.099330 0.635153 0.000000
vt 0.106839 0.640355 0.000000
vt 0.100101 0.652090 0.000000
vt 0.112742 0.643045 0.000000
vt 0.102642 0.654533 0.000000
vt 0.147405 0.790729 0.000000
vt 0.595980 0.865174 0.000000
vt 0.604664 0.859146 0.000000
vt 0.604018 0.826189 0.000000
vt 0.609885 0.837425 0.000000
vt 0.606804 0.841870 0.000000
vt 0.604546 0.849139 0.000000
vt 0.595082 0.836214 0.000000
vt 0.592333 0.848997 0.000000
vt 0.280533 0.482786 0.000000
vt 0.268132 0.487058 0.000000
vt 0.256077 0.483264 0.000000
vt 0.243228 0.471303 0.000000
vt 0.295529 0.976552 0.000000
vt 0.283205 0.983680 0.000000
vt 0.278165 0.976282 0.000000
vt 0.295565 0.967362 0.000000
vt 0.270537 0.992918 0.000000
vt 0.261100 0.988470 0.000000
vt 0.574449 0.149470 0.000000
vt 0.598227 0.165114 0.000000
vt 0.570877 0.159628 0.000000
vt 0.613229 0.169183 0.000000
vt 0.612878 0.299836 0.000000
vt 0.786266 0.856236 0.000000
vt 0.784207 0.871782 0.000000
vt 0.778764 0.870189 0.000000
vt 0.781363 0.856653 0.000000
vt 0.783193 0.892513 0.000000
vt 0.777391 0.893100 0.000000
vt 0.782773 0.918046 0.000000
vt 0.775615 0.920837 0.000000
vt 0.783039 0.939012 0.000000
vt 0.776519 0.939583 0.000000
vt 0.782982 0.838514 0.000000
vt 0.787934 0.837679 0.000000
vt 0.788755 0.966517 0.000000
vt 0.787839 0.994070 0.000000
vt 0.781620 0.993337 0.000000
vt 0.783130 0.964591 0.000000
vt 0.781390 0.813012 0.000000
vt 0.787587 0.812462 0.000000
vt 0.662838 0.811911 0.000000
vt 0.633901 0.908192 0.000000
vt 0.461431 0.699937 0.000000
vt 0.460989 0.714450 0.000000
vt 0.111219 0.425666 0.000000
vt 0.098742 0.389362 0.000000
vt 0.139847 0.434404 0.000000
vt 0.145165 0.446182 0.000000
vt 0.459002 0.701114 0.000000
vt 0.458650 0.714596 0.000000
vt 0.437353 0.685429 0.000000
vt 0.436459 0.682685 0.000000
vt 0.450154 0.689263 0.000000
vt 0.418362 0.702092 0.000000
vt 0.416626 0.715256 0.000000
vt 0.414212 0.715163 0.000000
vt 0.415984 0.701116 0.000000
vt 0.423539 0.690790 0.000000
vt 0.421575 0.688922 0.000000
vt 0.422506 0.730698 0.000000
vt 0.420333 0.732155 0.000000
vt 0.439203 0.735598 0.000000
vt 0.455043 0.728493 0.000000
vt 0.446665 0.697686 0.000000
vt 0.433657 0.693948 0.000000
vt 0.441237 0.722952 0.000000
vt 0.426173 0.718268 0.000000
vt 0.443873 0.710329 0.000000
vt 0.429887 0.706110 0.000000
vt 0.025428 0.777725 0.000000
vt 0.027447 0.791129 0.000000
vt 0.020383 0.763872 0.000000
vt 0.019871 0.747017 0.000000
vt 0.024006 0.711130 0.000000
vt 0.024287 0.721783 0.000000
vt 0.021806 0.697321 0.000000
vt 0.023614 0.802770 0.000000
vt 0.027398 0.790895 0.000000
vt 0.022352 0.732528 0.000000
vt 0.004626 0.890779 0.000000
vt 0.005717 0.880402 0.000000
vt 0.005481 0.902352 0.000000
vt 0.318801 0.273733 0.000000
vt 0.326503 0.321034 0.000000
vt 0.007153 0.870946 0.000000
vt 0.006448 0.859322 0.000000
vt 0.124681 0.041620 0.000000
vt 0.177167 0.030172 0.000000
vt 0.162383 0.041562 0.000000
vt 0.138669 0.061214 0.000000
vt 0.049709 0.090476 0.000000
vt 0.075906 0.103461 0.000000
vt 0.048733 0.121192 0.000000
vt 0.030756 0.119986 0.000000
vt 0.178968 0.231658 0.000000
vt 0.155875 0.206491 0.000000
vt 0.171917 0.191878 0.000000
vt 0.194070 0.205193 0.000000
vt 0.115967 0.240993 0.000000
vt 0.081218 0.232312 0.000000
vt 0.089872 0.211528 0.000000
vt 0.114131 0.214893 0.000000
vt 0.188685 0.044554 0.000000
vt 0.172586 0.058442 0.000000
vt 0.170380 0.046846 0.000000
vt 0.187200 0.033254 0.000000
vt 0.179305 0.172497 0.000000
vt 0.200334 0.168092 0.000000
vt 0.049668 0.136836 0.000000
vt 0.026646 0.141825 0.000000
vt 0.068916 0.198850 0.000000
vt 0.051495 0.213830 0.000000
vt 0.058697 0.132571 0.000000
vt 0.082515 0.119548 0.000000
vt 0.158919 0.069317 0.000000
vt 0.163222 0.170890 0.000000
vt 0.105596 0.182749 0.000000
vt 0.085564 0.189139 0.000000
vt 0.028142 0.161354 0.000000
vt 0.051570 0.153076 0.000000
vt 0.056672 0.177749 0.000000
vt 0.035491 0.189593 0.000000
vt 0.116221 0.138921 0.000000
vt 0.116965 0.153689 0.000000
vt 0.095018 0.159470 0.000000
vt 0.088279 0.135302 0.000000
vt 0.022463 0.094507 0.000000
vt 0.012977 0.115922 0.000000
vt 0.209532 0.243546 0.000000
vt 0.208941 0.209506 0.000000
vt 0.149812 0.239776 0.000000
vt 0.158405 0.261940 0.000000
vt 0.112926 0.263771 0.000000
vt 0.206148 0.034204 0.000000
vt 0.205985 0.025054 0.000000
vt 0.208318 0.177425 0.000000
vt 0.007706 0.144971 0.000000
vt 0.008934 0.170596 0.000000
vt 0.072612 0.252634 0.000000
vt 0.036756 0.228614 0.000000
vt 0.205332 0.161446 0.000000
vt 0.180124 0.163232 0.000000
vt 0.018131 0.201001 0.000000
vt 0.075728 0.167774 0.000000
vt 0.065427 0.146254 0.000000
vt 0.143708 0.174392 0.000000
vt 0.142088 0.167686 0.000000
vt 0.162859 0.161704 0.000000
vt 0.156703 0.093566 0.000000
vt 0.136772 0.114525 0.000000
vt 0.133345 0.090771 0.000000
vt 0.208311 0.165244 0.000000
vt 0.122004 0.166210 0.000000
vt 0.191824 0.074758 0.000000
vt 0.171512 0.083689 0.000000
vt 0.107947 0.107081 0.000000
vt 0.206854 0.071785 0.000000
vt 0.107467 0.083487 0.000000
vt 0.089582 0.060819 0.000000
vt 0.136909 0.212304 0.000000
vt 0.146456 0.016793 0.000000
vt 0.185705 0.019399 0.000000
vt 0.123779 0.177209 0.000000
vt 0.127919 0.173258 0.000000
vt 0.143206 0.133861 0.000000
vt 0.153207 0.156226 0.000000
vt 0.139672 0.163520 0.000000
vt 0.124753 0.148037 0.000000
vt 0.130659 0.167687 0.000000
vt 0.118262 0.153043 0.000000
vt 0.164047 0.138325 0.000000
vt 0.169177 0.146710 0.000000
vt 0.182414 0.155020 0.000000
vt 0.117854 0.140179 0.000000
vt 0.140031 0.118197 0.000000
vt 0.162814 0.125411 0.000000
vt 0.164419 0.119111 0.000000
vt 0.859611 0.638616 0.000000
vt 0.861671 0.638594 0.000000
vt 0.865500 0.645764 0.000000
vt 0.857266 0.647692 0.000000
vt 0.844420 0.643453 0.000000
vt 0.853033 0.634622 0.000000
vt 0.838592 0.630445 0.000000
vt 0.849106 0.624988 0.000000
vt 0.844587 0.608438 0.000000
vt 0.850548 0.610599 0.000000
vt 0.860716 0.596944 0.000000
vt 0.860960 0.603258 0.000000
vt 0.870927 0.606702 0.000000
vt 0.867613 0.609949 0.000000
vt 0.874803 0.620253 0.000000
vt 0.870674 0.620534 0.000000
vt 0.823928 0.639315 0.000000
vt 0.831346 0.596390 0.000000
vt 0.886449 0.586026 0.000000
vt 0.858412 0.560886 0.000000
vt 0.883001 0.642247 0.000000
vt 0.894156 0.617405 0.000000
vt 0.866277 0.656941 0.000000
vt 0.857446 0.658305 0.000000
vt 0.836511 0.651618 0.000000
vt 0.875525 0.649526 0.000000
vt 0.828265 0.667424 0.000000
vt 0.858084 0.667462 0.000000
vt 0.867574 0.667473 0.000000
vt 0.924419 0.615376 0.000000
vt 0.905574 0.627867 0.000000
vt 0.917468 0.589112 0.000000
vt 0.893040 0.658892 0.000000
vt 0.893651 0.667501 0.000000
vt 0.893251 0.652018 0.000000
vt 0.895984 0.643965 0.000000
vt 0.906153 0.665128 0.000000
vt 0.906026 0.667524 0.000000
vt 0.900196 0.667529 0.000000
vt 0.900209 0.664809 0.000000
vt 0.904555 0.661266 0.000000
vt 0.899520 0.659860 0.000000
vt 0.906180 0.653030 0.000000
vt 0.900285 0.651261 0.000000
vt 0.904758 0.642106 0.000000
vt 0.914326 0.646731 0.000000
vt 0.930823 0.634674 0.000000
vt 0.887749 0.557899 0.000000
vt 0.908561 0.560943 0.000000
vt 0.832503 0.560096 0.000000
vt 0.909221 0.663170 0.000000
vt 0.909168 0.667529 0.000000
vt 0.914941 0.662972 0.000000
vt 0.915779 0.667538 0.000000
vt 0.916498 0.659284 0.000000
vt 0.922607 0.667546 0.000000
vt 0.906196 0.661213 0.000000
vt 0.908281 0.653777 0.000000
vt 0.914509 0.651863 0.000000
vt 0.936490 0.667566 0.000000
vt 0.207973 0.157833 0.000000
vt 0.207150 0.157780 0.000000
vt 0.912345 0.657302 0.000000
vt 0.912069 0.657882 0.000000
vt 0.860444 0.635523 0.000000
vt 0.854117 0.624579 0.000000
vt 0.854403 0.614538 0.000000
vt 0.860183 0.609622 0.000000
vt 0.863280 0.613095 0.000000
vt 0.865263 0.620719 0.000000
vt 0.864219 0.626139 0.000000
vt 0.860952 0.635019 0.000000
vt 0.207245 0.093480 0.000000
vt 0.192928 0.100112 0.000000
vt 0.184589 0.103544 0.000000
vt 0.173744 0.110600 0.000000
vt 0.638588 0.344919 0.000000
vt 0.643341 0.308044 0.000000
vt 0.684078 0.304315 0.000000
vt 0.676631 0.346916 0.000000
vt 0.324888 0.857489 0.000000
vt 0.322779 0.828020 0.000000
vt 0.633881 0.216732 0.000000
vt 0.649724 0.205849 0.000000
vt 0.659169 0.237739 0.000000
vt 0.670255 0.227361 0.000000
vt 0.677255 0.262246 0.000000
vt 0.643779 0.269348 0.000000
vt 0.327050 0.890729 0.000000
vt 0.318484 0.925308 0.000000
vt 0.352900 0.740035 0.000000
vt 0.349978 0.799801 0.000000
vt 0.319108 0.791416 0.000000
vt 0.323703 0.722769 0.000000
vt 0.674945 0.377908 0.000000
vt 0.703435 0.370241 0.000000
vt 0.702630 0.417048 0.000000
vt 0.667867 0.424571 0.000000
vt 0.709885 0.319082 0.000000
vt 0.707364 0.342842 0.000000
vt 0.383142 0.792777 0.000000
vt 0.387179 0.825798 0.000000
vt 0.352732 0.834024 0.000000
vt 0.387804 0.931523 0.000000
vt 0.381095 0.902534 0.000000
vt 0.397940 0.900274 0.000000
vt 0.408573 0.925261 0.000000
vt 0.403827 0.961412 0.000000
vt 0.420303 0.951602 0.000000
vt 0.708458 0.244501 0.000000
vt 0.711007 0.215724 0.000000
vt 0.728106 0.225127 0.000000
vt 0.723216 0.249772 0.000000
vt 0.710286 0.275035 0.000000
vt 0.697085 0.270165 0.000000
vt 0.698459 0.296808 0.000000
vt 0.703125 0.294614 0.000000
vt 0.708372 0.306198 0.000000
vt 0.708292 0.306321 0.000000
vt 0.394913 0.882212 0.000000
vt 0.388165 0.880161 0.000000
vt 0.401332 0.866442 0.000000
vt 0.401944 0.868109 0.000000
vt 0.484782 0.891809 0.000000
vt 0.487582 0.908218 0.000000
vt 0.463459 0.914651 0.000000
vt 0.454201 0.893808 0.000000
vt 0.490124 0.926699 0.000000
vt 0.467381 0.934326 0.000000
vt 0.795758 0.266779 0.000000
vt 0.771098 0.261611 0.000000
vt 0.776538 0.242814 0.000000
vt 0.801333 0.248379 0.000000
vt 0.791375 0.287657 0.000000
vt 0.760638 0.285653 0.000000
vt 0.789686 0.305753 0.000000
vt 0.746115 0.296733 0.000000
vt 0.790333 0.322684 0.000000
vt 0.742481 0.311212 0.000000
vt 0.442033 0.882575 0.000000
vt 0.438638 0.869055 0.000000
vt 0.486478 0.865163 0.000000
vt 0.485484 0.878957 0.000000
vt 0.548270 0.885962 0.000000
vt 0.548430 0.900513 0.000000
vt 0.526315 0.902908 0.000000
vt 0.527839 0.887614 0.000000
vt 0.546933 0.918011 0.000000
vt 0.525543 0.919803 0.000000
vt 0.857261 0.279992 0.000000
vt 0.831497 0.276861 0.000000
vt 0.841879 0.256667 0.000000
vt 0.865644 0.261268 0.000000
vt 0.853810 0.297433 0.000000
vt 0.828161 0.290814 0.000000
vt 0.854200 0.314060 0.000000
vt 0.831211 0.310459 0.000000
vt 0.858172 0.328801 0.000000
vt 0.834605 0.327091 0.000000
vt 0.547051 0.859176 0.000000
vt 0.547969 0.874017 0.000000
vt 0.527565 0.875183 0.000000
vt 0.526143 0.860430 0.000000
vt 0.575091 0.884429 0.000000
vt 0.575327 0.897326 0.000000
vt 0.574283 0.910048 0.000000
vt 0.893964 0.272233 0.000000
vt 0.888373 0.285360 0.000000
vt 0.886501 0.299458 0.000000
vt 0.886543 0.311676 0.000000
vt 0.889157 0.322576 0.000000
vt 0.576216 0.861487 0.000000
vt 0.575462 0.873986 0.000000
vt 0.674059 0.190749 0.000000
vt 0.682367 0.201362 0.000000
vt 0.355844 0.944141 0.000000
vt 0.374780 0.973405 0.000000
vt 0.361512 0.973287 0.000000
vt 0.340828 0.956969 0.000000
vt 0.315120 0.945654 0.000000
vt 0.636492 0.234577 0.000000
vt 0.639413 0.377033 0.000000
vt 0.357320 0.906135 0.000000
vt 0.365716 0.868608 0.000000
vt 0.851182 0.471940 0.000000
vt 0.868132 0.474816 0.000000
vt 0.862136 0.488960 0.000000
vt 0.843795 0.486340 0.000000
vt 0.855721 0.457250 0.000000
vt 0.869432 0.459537 0.000000
vt 0.857779 0.443848 0.000000
vt 0.867912 0.444729 0.000000
vt 0.857912 0.434799 0.000000
vt 0.868275 0.435061 0.000000
vt 0.869356 0.424407 0.000000
vt 0.855255 0.423343 0.000000
vt 0.845741 0.526220 0.000000
vt 0.836984 0.514840 0.000000
vt 0.856251 0.504579 0.000000
vt 0.869538 0.522774 0.000000
vt 0.824609 0.484535 0.000000
vt 0.809252 0.484073 0.000000
vt 0.814906 0.467216 0.000000
vt 0.831101 0.468834 0.000000
vt 0.836389 0.453234 0.000000
vt 0.819858 0.449683 0.000000
vt 0.823735 0.438600 0.000000
vt 0.839011 0.440392 0.000000
vt 0.823660 0.428302 0.000000
vt 0.839105 0.430567 0.000000
vt 0.819250 0.414717 0.000000
vt 0.837994 0.419854 0.000000
vt 0.818252 0.396449 0.000000
vt 0.839428 0.405048 0.000000
vt 0.754405 0.477727 0.000000
vt 0.754280 0.486153 0.000000
vt 0.747957 0.483162 0.000000
vt 0.747935 0.474774 0.000000
vt 0.835170 0.499180 0.000000
vt 0.826126 0.511456 0.000000
vt 0.863024 0.543305 0.000000
vt 0.844863 0.542427 0.000000
vt 0.764320 0.446529 0.000000
vt 0.763552 0.453857 0.000000
vt 0.757348 0.451980 0.000000
vt 0.759222 0.442621 0.000000
vt 0.809320 0.498006 0.000000
vt 0.822375 0.498998 0.000000
vt 0.759468 0.512586 0.000000
vt 0.765313 0.517123 0.000000
vt 0.764409 0.522373 0.000000
vt 0.755925 0.518266 0.000000
vt 0.781159 0.434277 0.000000
vt 0.781455 0.425103 0.000000
vt 0.787853 0.429291 0.000000
vt 0.785296 0.436553 0.000000
vt 0.794240 0.470446 0.000000
vt 0.791003 0.482660 0.000000
vt 0.806438 0.386334 0.000000
vt 0.815779 0.395383 0.000000
vt 0.804933 0.390530 0.000000
vt 0.823061 0.379105 0.000000
vt 0.809373 0.372406 0.000000
vt 0.813079 0.367693 0.000000
vt 0.821184 0.376420 0.000000
vt 0.807336 0.412062 0.000000
vt 0.807846 0.398445 0.000000
vt 0.804603 0.391710 0.000000
vt 0.799838 0.449371 0.000000
vt 0.796450 0.461021 0.000000
vt 0.815222 0.415892 0.000000
vt 0.806125 0.416441 0.000000
vt 0.790886 0.490573 0.000000
vt 0.789754 0.502704 0.000000
vt 0.816416 0.364872 0.000000
vt 0.813954 0.366991 0.000000
vt 0.833901 0.371053 0.000000
vt 0.822841 0.358083 0.000000
vt 0.810538 0.508447 0.000000
vt 0.793361 0.511099 0.000000
vt 0.811481 0.437099 0.000000
vt 0.810666 0.429301 0.000000
vt 0.811219 0.422380 0.000000
vt 0.810672 0.418368 0.000000
vt 0.809507 0.446107 0.000000
vt 0.772698 0.473238 0.000000
vt 0.791324 0.470842 0.000000
vt 0.789314 0.482800 0.000000
vt 0.771327 0.484184 0.000000
vt 0.789835 0.374510 0.000000
vt 0.804023 0.384873 0.000000
vt 0.802896 0.389762 0.000000
vt 0.786245 0.382061 0.000000
vt 0.807261 0.371303 0.000000
vt 0.794138 0.364786 0.000000
vt 0.797730 0.358894 0.000000
vt 0.811036 0.366111 0.000000
vt 0.805416 0.398126 0.000000
vt 0.804460 0.411867 0.000000
vt 0.795322 0.410263 0.000000
vt 0.793057 0.397078 0.000000
vt 0.802417 0.391025 0.000000
vt 0.786423 0.388142 0.000000
vt 0.781003 0.447459 0.000000
vt 0.797201 0.449366 0.000000
vt 0.794533 0.460463 0.000000
vt 0.775843 0.457984 0.000000
vt 0.804283 0.416116 0.000000
vt 0.788857 0.413534 0.000000
vt 0.788256 0.503527 0.000000
vt 0.775118 0.510351 0.000000
vt 0.770482 0.499524 0.000000
vt 0.787201 0.491691 0.000000
vt 0.802704 0.337069 0.000000
vt 0.807236 0.348873 0.000000
vt 0.801547 0.351971 0.000000
vt 0.797628 0.339511 0.000000
vt 0.809359 0.332713 0.000000
vt 0.814801 0.343895 0.000000
vt 0.780199 0.517640 0.000000
vt 0.791544 0.511957 0.000000
vt 0.807512 0.428990 0.000000
vt 0.810074 0.436900 0.000000
vt 0.801761 0.434867 0.000000
vt 0.801461 0.427334 0.000000
vt 0.802083 0.421981 0.000000
vt 0.808186 0.422605 0.000000
vt 0.802265 0.418513 0.000000
vt 0.809042 0.418656 0.000000
vt 0.807291 0.445583 0.000000
vt 0.797299 0.443187 0.000000
vt 0.770195 0.473729 0.000000
vt 0.769250 0.484524 0.000000
vt 0.779065 0.366413 0.000000
vt 0.788241 0.373296 0.000000
vt 0.785006 0.380964 0.000000
vt 0.773325 0.370277 0.000000
vt 0.782159 0.358889 0.000000
vt 0.792159 0.363725 0.000000
vt 0.782911 0.352067 0.000000
vt 0.795844 0.358143 0.000000
vt 0.778481 0.405800 0.000000
vt 0.778023 0.396905 0.000000
vt 0.790341 0.396905 0.000000
vt 0.792530 0.409438 0.000000
vt 0.775465 0.391186 0.000000
vt 0.785189 0.387662 0.000000
vt 0.778521 0.447255 0.000000
vt 0.773735 0.457653 0.000000
vt 0.787519 0.413005 0.000000
vt 0.774450 0.408328 0.000000
vt 0.792311 0.425396 0.000000
vt 0.798855 0.426832 0.000000
vt 0.800140 0.434545 0.000000
vt 0.792938 0.421343 0.000000
vt 0.799134 0.421934 0.000000
vt 0.786339 0.416645 0.000000
vt 0.799548 0.418425 0.000000
vt 0.794790 0.442120 0.000000
vt 0.886093 0.501975 0.000000
vt 0.887555 0.487327 0.000000
vt 0.891661 0.474619 0.000000
vt 0.891997 0.459050 0.000000
vt 0.889084 0.443263 0.000000
vt 0.887330 0.431591 0.000000
vt 0.887815 0.421902 0.000000
vt 0.870146 0.407513 0.000000
vt 0.890888 0.408380 0.000000
vt 0.889633 0.514796 0.000000
vt 0.853474 0.393284 0.000000
vt 0.849103 0.376179 0.000000
vt 0.864124 0.377618 0.000000
vt 0.870376 0.390237 0.000000
vt 0.828687 0.550553 0.000000
vt 0.823221 0.539140 0.000000
vt 0.817562 0.529139 0.000000
vt 0.812441 0.520299 0.000000
vt 0.883085 0.384303 0.000000
vt 0.872574 0.389402 0.000000
vt 0.866538 0.377715 0.000000
vt 0.880139 0.376801 0.000000
vt 0.822119 0.539816 0.000000
vt 0.824899 0.551817 0.000000
vt 0.810322 0.548725 0.000000
vt 0.812225 0.544486 0.000000
vt 0.808722 0.538873 0.000000
vt 0.816579 0.530253 0.000000
vt 0.804149 0.538701 0.000000
vt 0.809412 0.523095 0.000000
vt 0.822196 0.510664 0.000000
vt 0.842128 0.388762 0.000000
vt 0.845278 0.374428 0.000000
vt 0.851794 0.409425 0.000000
vt 0.509889 0.888987 0.000000
vt 0.507226 0.905796 0.000000
vt 0.508398 0.922396 0.000000
vt 0.821706 0.253680 0.000000
vt 0.807327 0.271870 0.000000
vt 0.805800 0.288095 0.000000
vt 0.809771 0.307954 0.000000
vt 0.816376 0.325168 0.000000
vt 0.510177 0.860762 0.000000
vt 0.509964 0.875628 0.000000
vt 0.899229 0.301682 0.000000
vt 0.901506 0.288014 0.000000
vt 0.898553 0.312439 0.000000
vt 0.394632 0.853928 0.000000
vt 0.640243 0.426997 0.000000
vt 0.643050 0.464677 0.000000
vt 0.329958 0.683660 0.000000
vt 0.356754 0.712915 0.000000
vt 0.389200 0.728024 0.000000
vt 0.386173 0.744742 0.000000
vt 0.706921 0.436096 0.000000
vt 0.675132 0.453770 0.000000
vt 0.339542 0.660665 0.000000
vt 0.311461 0.641450 0.000000
vt 0.319588 0.632158 0.000000
vt 0.627561 0.500577 0.000000
vt 0.297826 0.602331 0.000000
vt 0.365066 0.680139 0.000000
vt 0.399050 0.693547 0.000000
vt 0.722175 0.473259 0.000000
vt 0.689959 0.489488 0.000000
vt 0.643423 0.526028 0.000000
vt 0.298369 0.598552 0.000000
vt 0.634266 0.175916 0.000000
vt 0.435873 0.501519 0.000000
vt 0.416144 0.494715 0.000000
vt 0.429230 0.462234 0.000000
vt 0.451421 0.472877 0.000000
vt 0.465365 0.477201 0.000000
vt 0.458073 0.501120 0.000000
vt 0.771739 0.687590 0.000000
vt 0.747052 0.692154 0.000000
vt 0.745723 0.675201 0.000000
vt 0.769482 0.664279 0.000000
vt 0.728699 0.696419 0.000000
vt 0.722751 0.685507 0.000000
vt 0.404508 0.487134 0.000000
vt 0.414176 0.451830 0.000000
vt 0.686286 0.693923 0.000000
vt 0.704465 0.689722 0.000000
vt 0.704431 0.700665 0.000000
vt 0.688987 0.706904 0.000000
vt 0.375908 0.454850 0.000000
vt 0.382022 0.440983 0.000000
vt 0.929256 0.914882 0.000000
vt 0.903663 0.910792 0.000000
vt 0.902905 0.894354 0.000000
vt 0.934167 0.898246 0.000000
vt 0.926006 0.934490 0.000000
vt 0.900951 0.932384 0.000000
vt 0.922081 0.975742 0.000000
vt 0.901348 0.977103 0.000000
vt 0.898769 0.953661 0.000000
vt 0.922168 0.958181 0.000000
vt 0.924200 0.945252 0.000000
vt 0.909041 0.835997 0.000000
vt 0.892803 0.846349 0.000000
vt 0.892356 0.824519 0.000000
vt 0.897196 0.807519 0.000000
vt 0.867697 0.861533 0.000000
vt 0.868811 0.877026 0.000000
vt 0.844254 0.874149 0.000000
vt 0.843067 0.862213 0.000000
vt 0.872205 0.894756 0.000000
vt 0.847266 0.895696 0.000000
vt 0.877019 0.914604 0.000000
vt 0.845134 0.920899 0.000000
vt 0.872547 0.933295 0.000000
vt 0.837509 0.938563 0.000000
vt 0.840878 0.851015 0.000000
vt 0.867433 0.850693 0.000000
vt 0.871024 0.952445 0.000000
vt 0.873228 0.976514 0.000000
vt 0.849134 0.983728 0.000000
vt 0.837878 0.956835 0.000000
vt 0.847578 0.826133 0.000000
vt 0.869710 0.830897 0.000000
vt 0.910748 0.854298 0.000000
vt 0.921400 0.874391 0.000000
vt 0.898328 0.875676 0.000000
vt 0.894397 0.857489 0.000000
vt 0.448497 0.524474 0.000000
vt 0.426494 0.528218 0.000000
vt 0.740975 0.656230 0.000000
vt 0.769666 0.641317 0.000000
vt 0.720890 0.663956 0.000000
vt 0.697043 0.671651 0.000000
vt 0.446570 0.458712 0.000000
vt 0.757021 0.742770 0.000000
vt 0.766563 0.730495 0.000000
vt 0.783845 0.738585 0.000000
vt 0.734928 0.745538 0.000000
vt 0.425956 0.417823 0.000000
vt 0.444054 0.429903 0.000000
vt 0.705113 0.749770 0.000000
vt 0.683540 0.752702 0.000000
vt 0.400571 0.399743 0.000000
vt 0.971558 0.888943 0.000000
vt 0.953622 0.906079 0.000000
vt 0.948288 0.886652 0.000000
vt 0.964570 0.879432 0.000000
vt 0.959191 0.812594 0.000000
vt 0.954018 0.832848 0.000000
vt 0.937127 0.835962 0.000000
vt 0.939635 0.809207 0.000000
vt 0.958459 0.844776 0.000000
vt 0.933060 0.847431 0.000000
vt 0.939136 0.961676 0.000000
vt 0.941233 0.937724 0.000000
vt 0.949787 0.925589 0.000000
vt 0.950448 0.918248 0.000000
vt 0.917652 0.795447 0.000000
vt 0.908858 0.787366 0.000000
vt 0.946557 0.976751 0.000000
vt 0.406676 0.519634 0.000000
vt 0.406864 0.579973 0.000000
vt 0.385581 0.570841 0.000000
vt 0.384734 0.628885 0.000000
vt 0.363292 0.620003 0.000000
vt 0.435620 0.581259 0.000000
vt 0.418300 0.640040 0.000000
vt 0.731612 0.615634 0.000000
vt 0.759979 0.585821 0.000000
vt 0.715455 0.547560 0.000000
vt 0.746878 0.527038 0.000000
vt 0.708347 0.623543 0.000000
vt 0.688186 0.558822 0.000000
vt 0.369875 0.555660 0.000000
vt 0.391870 0.508222 0.000000
vt 0.343602 0.603382 0.000000
vt 0.683763 0.632692 0.000000
vt 0.676896 0.669873 0.000000
vt 0.658438 0.638653 0.000000
vt 0.623523 0.587632 0.000000
vt 0.662205 0.571546 0.000000
vt 0.345346 0.515710 0.000000
vt 0.365719 0.482278 0.000000
vt 0.318274 0.572252 0.000000
vt 0.665540 0.506950 0.000000
vt 0.312914 0.362084 0.000000
vt 0.311094 0.341588 0.000000
vt 0.340681 0.341841 0.000000
vt 0.348439 0.362549 0.000000
vt 0.313033 0.377228 0.000000
vt 0.349229 0.376368 0.000000
vt 0.309162 0.399066 0.000000
vt 0.349934 0.394172 0.000000
vt 0.355266 0.406054 0.000000
vt 0.302285 0.431386 0.000000
vt 0.960654 0.857540 0.000000
vt 0.938916 0.868765 0.000000
vt 0.361179 0.439195 0.000000
vt 0.341306 0.456473 0.000000
vt 0.320013 0.456319 0.000000
vt 0.302880 0.458864 0.000000
vt 0.458100 0.388675 0.000000
vt 0.473992 0.389570 0.000000
vt 0.464988 0.421735 0.000000
vt 0.785545 0.777663 0.000000
vt 0.761191 0.788592 0.000000
vt 0.740335 0.794165 0.000000
vt 0.439911 0.383625 0.000000
vt 0.684982 0.783815 0.000000
vt 0.712432 0.789703 0.000000
vt 0.415330 0.373676 0.000000
vt 0.430652 0.921066 0.000000
vt 0.414000 0.898844 0.000000
vt 0.437640 0.943207 0.000000
vt 0.738893 0.253798 0.000000
vt 0.746397 0.232706 0.000000
vt 0.723216 0.279783 0.000000
vt 0.708133 0.293690 0.000000
vt 0.708995 0.306955 0.000000
vt 0.401774 0.883102 0.000000
vt 0.403912 0.869338 0.000000
vt 0.773804 0.511176 0.000000
vt 0.777861 0.518890 0.000000
vt 0.821899 0.356518 0.000000
vt 0.814989 0.362775 0.000000
vt 0.808251 0.351040 0.000000
vt 0.815760 0.345838 0.000000
vt 0.812447 0.365218 0.000000
vt 0.802348 0.353730 0.000000
vt 0.767681 0.501413 0.000000
vt 0.985779 0.865006 0.000000
vt 0.977095 0.858977 0.000000
vt 0.977742 0.826019 0.000000
vt 0.971875 0.837256 0.000000
vt 0.974955 0.841701 0.000000
vt 0.977213 0.848970 0.000000
vt 0.986677 0.836045 0.000000
vt 0.989427 0.848828 0.000000
vt 0.327670 0.487276 0.000000
vt 0.315307 0.482897 0.000000
vt 0.339758 0.483588 0.000000
vt 0.352711 0.471740 0.000000
vt 0.312894 0.976464 0.000000
vt 0.307733 0.983774 0.000000
vt 0.329841 0.988806 0.000000
vt 0.320364 0.993208 0.000000
vt 0.628254 0.165197 0.000000
vt 0.652119 0.149686 0.000000
vt 0.655634 0.159865 0.000000
vt 0.802995 0.870018 0.000000
vt 0.797551 0.871610 0.000000
vt 0.795493 0.856064 0.000000
vt 0.800396 0.856481 0.000000
vt 0.804367 0.892929 0.000000
vt 0.798566 0.892341 0.000000
vt 0.806143 0.920666 0.000000
vt 0.798985 0.917875 0.000000
vt 0.805238 0.939411 0.000000
vt 0.798719 0.938840 0.000000
vt 0.798777 0.838343 0.000000
vt 0.793826 0.837507 0.000000
vt 0.800137 0.993166 0.000000
vt 0.793918 0.993899 0.000000
vt 0.793002 0.966345 0.000000
vt 0.798627 0.964419 0.000000
vt 0.800369 0.812840 0.000000
vt 0.794173 0.812291 0.000000
vt 0.918922 0.811741 0.000000
vt 0.947858 0.908022 0.000000
vt 0.761900 0.700849 0.000000
vt 0.762256 0.715365 0.000000
vt 0.483162 0.426516 0.000000
vt 0.495639 0.390212 0.000000
vt 0.454461 0.435228 0.000000
vt 0.449089 0.446993 0.000000
vt 0.764321 0.702040 0.000000
vt 0.764593 0.715524 0.000000
vt 0.786974 0.683747 0.000000
vt 0.786064 0.686485 0.000000
vt 0.773239 0.690241 0.000000
vt 0.804954 0.703262 0.000000
vt 0.807338 0.702301 0.000000
vt 0.809026 0.716358 0.000000
vt 0.806611 0.716436 0.000000
vt 0.801821 0.690073 0.000000
vt 0.799676 0.691938 0.000000
vt 0.802805 0.733312 0.000000
vt 0.800641 0.731843 0.000000
vt 0.783915 0.736642 0.000000
vt 0.768117 0.729443 0.000000
vt 0.789708 0.695027 0.000000
vt 0.776679 0.698686 0.000000
vt 0.781956 0.723984 0.000000
vt 0.797047 0.719390 0.000000
vt 0.779394 0.711345 0.000000
vt 0.793406 0.707210 0.000000
vt 0.889659 0.488413 0.000000
vt 0.887639 0.501816 0.000000
vt 0.894703 0.474560 0.000000
vt 0.895216 0.457704 0.000000
vt 0.891082 0.421817 0.000000
vt 0.890801 0.432470 0.000000
vt 0.893283 0.408008 0.000000
vt 0.891471 0.513458 0.000000
vt 0.887688 0.501582 0.000000
vt 0.892735 0.443215 0.000000
vt 0.586174 0.883392 0.000000
vt 0.587129 0.893783 0.000000
vt 0.586121 0.905344 0.000000
vt 0.907102 0.274854 0.000000
vt 0.899276 0.322135 0.000000
vt 0.585721 0.862305 0.000000
vt 0.584862 0.873918 0.000000
vt 0.287871 0.038687 0.000000
vt 0.274549 0.058723 0.000000
vt 0.250187 0.039873 0.000000
vt 0.235001 0.029043 0.000000
vt 0.364402 0.085134 0.000000
vt 0.384256 0.114048 0.000000
vt 0.366325 0.115810 0.000000
vt 0.338622 0.098930 0.000000
vt 0.239659 0.230504 0.000000
vt 0.223652 0.204593 0.000000
vt 0.245307 0.190399 0.000000
vt 0.261842 0.204484 0.000000
vt 0.302885 0.237685 0.000000
vt 0.303849 0.211521 0.000000
vt 0.327988 0.207381 0.000000
vt 0.337315 0.227882 0.000000
vt 0.223990 0.043848 0.000000
vt 0.225065 0.032500 0.000000
vt 0.242378 0.045434 0.000000
vt 0.240585 0.057095 0.000000
vt 0.237200 0.171225 0.000000
vt 0.216001 0.167795 0.000000
vt 0.365868 0.131473 0.000000
vt 0.389033 0.135748 0.000000
vt 0.348530 0.194047 0.000000
vt 0.366424 0.208471 0.000000
vt 0.356714 0.127494 0.000000
vt 0.332513 0.115222 0.000000
vt 0.254617 0.067466 0.000000
vt 0.253229 0.169076 0.000000
vt 0.311324 0.179111 0.000000
vt 0.331572 0.184866 0.000000
vt 0.360112 0.172580 0.000000
vt 0.364460 0.147764 0.000000
vt 0.388133 0.155310 0.000000
vt 0.381658 0.183756 0.000000
vt 0.321198 0.155520 0.000000
vt 0.299070 0.150429 0.000000
vt 0.299422 0.135654 0.000000
vt 0.327223 0.131155 0.000000
vt 0.391762 0.088325 0.000000
vt 0.401903 0.109439 0.000000
vt 0.261218 0.260076 0.000000
vt 0.269043 0.237606 0.000000
vt 0.306685 0.260359 0.000000
vt 0.408060 0.138312 0.000000
vt 0.407618 0.163957 0.000000
vt 0.346578 0.247919 0.000000
vt 0.381626 0.222784 0.000000
vt 0.210782 0.161364 0.000000
vt 0.236040 0.161866 0.000000
vt 0.399366 0.194618 0.000000
vt 0.340748 0.163209 0.000000
vt 0.350398 0.141382 0.000000
vt 0.272884 0.171956 0.000000
vt 0.274284 0.165185 0.000000
vt 0.253291 0.159865 0.000000
vt 0.280847 0.088074 0.000000
vt 0.278172 0.111917 0.000000
vt 0.257661 0.091591 0.000000
vt 0.294408 0.163100 0.000000
vt 0.292918 0.174137 0.000000
vt 0.221969 0.074148 0.000000
vt 0.242568 0.082270 0.000000
vt 0.306723 0.103563 0.000000
vt 0.306456 0.079961 0.000000
vt 0.323607 0.056736 0.000000
vt 0.280996 0.209674 0.000000
vt 0.226074 0.018605 0.000000
vt 0.265225 0.014608 0.000000
vt 0.288650 0.170288 0.000000
vt 0.276581 0.160937 0.000000
vt 0.262783 0.154075 0.000000
vt 0.272252 0.131438 0.000000
vt 0.291100 0.145046 0.000000
vt 0.285741 0.164821 0.000000
vt 0.297739 0.149838 0.000000
vt 0.251520 0.136436 0.000000
vt 0.246561 0.144965 0.000000
vt 0.233446 0.153678 0.000000
vt 0.297808 0.136980 0.000000
vt 0.275025 0.115686 0.000000
vt 0.252443 0.123509 0.000000
vt 0.250698 0.117304 0.000000
vt 0.859524 0.696315 0.000000
vt 0.857204 0.687233 0.000000
vt 0.865431 0.689179 0.000000
vt 0.861584 0.696342 0.000000
vt 0.852936 0.700292 0.000000
vt 0.844348 0.691439 0.000000
vt 0.848984 0.709917 0.000000
vt 0.838485 0.704435 0.000000
vt 0.844428 0.726459 0.000000
vt 0.850391 0.724311 0.000000
vt 0.860777 0.731677 0.000000
vt 0.860530 0.737995 0.000000
vt 0.867459 0.725018 0.000000
vt 0.870766 0.728275 0.000000
vt 0.870532 0.714432 0.000000
vt 0.874653 0.714724 0.000000
vt 0.823845 0.695526 0.000000
vt 0.831163 0.738482 0.000000
vt 0.886270 0.748976 0.000000
vt 0.858164 0.774049 0.000000
vt 0.882917 0.692737 0.000000
vt 0.893995 0.717607 0.000000
vt 0.857413 0.676619 0.000000
vt 0.866238 0.678002 0.000000
vt 0.836462 0.683254 0.000000
vt 0.875463 0.685441 0.000000
vt 0.905444 0.707170 0.000000
vt 0.924255 0.719682 0.000000
vt 0.917294 0.745924 0.000000
vt 0.892998 0.676114 0.000000
vt 0.893195 0.682993 0.000000
vt 0.895904 0.691051 0.000000
vt 0.906140 0.669919 0.000000
vt 0.900195 0.670248 0.000000
vt 0.904524 0.673778 0.000000
vt 0.899481 0.675185 0.000000
vt 0.906132 0.682015 0.000000
vt 0.900232 0.683776 0.000000
vt 0.904677 0.692935 0.000000
vt 0.914261 0.688334 0.000000
vt 0.930716 0.700433 0.000000
vt 0.908337 0.774088 0.000000
vt 0.887512 0.777100 0.000000
vt 0.832248 0.774782 0.000000
vt 0.909201 0.671888 0.000000
vt 0.914924 0.672102 0.000000
vt 0.916497 0.676706 0.000000
vt 0.906168 0.673835 0.000000
vt 0.908235 0.681275 0.000000
vt 0.914458 0.683206 0.000000
vt 0.208668 0.157811 0.000000
vt 0.912309 0.677762 0.000000
vt 0.912032 0.677222 0.000000
vt 0.860349 0.699411 0.000000
vt 0.853994 0.710340 0.000000
vt 0.854256 0.720381 0.000000
vt 0.860025 0.725309 0.000000
vt 0.863136 0.721851 0.000000
vt 0.865128 0.714231 0.000000
vt 0.864096 0.708806 0.000000
vt 0.860854 0.699916 0.000000
vt 0.221784 0.099524 0.000000
vt 0.230197 0.102569 0.000000
vt 0.241192 0.109160 0.000000
vt 0.650979 0.034174 0.000000
vt 0.686403 0.025946 0.000000
vt 0.678345 0.087041 0.000000
vt 0.639810 0.091635 0.000000
vt 0.729900 0.080820 0.000000
vt 0.730840 0.017952 0.000000
vt 0.597215 0.099200 0.000000
vt 0.550947 0.107288 0.000000
vt 0.555138 0.081452 0.000000
vt 0.601235 0.050201 0.000000
vt 0.637453 0.135436 0.000000
vt 0.595650 0.140211 0.000000
vt 0.674575 0.131394 0.000000
vt 0.726858 0.136481 0.000000
vt 0.766760 0.137855 0.000000
vt 0.766797 0.078591 0.000000
vt 0.556103 0.130654 0.000000
vt 0.766822 0.014511 0.000000
vt 0.855370 0.087120 0.000000
vt 0.847119 0.026137 0.000000
vt 0.882444 0.034377 0.000000
vt 0.893876 0.091895 0.000000
vt 0.803708 0.080858 0.000000
vt 0.802786 0.018023 0.000000
vt 0.978409 0.081317 0.000000
vt 0.982707 0.107141 0.000000
vt 0.936403 0.099267 0.000000
vt 0.932192 0.050266 0.000000
vt 0.938120 0.140291 0.000000
vt 0.896018 0.135810 0.000000
vt 0.858818 0.131425 0.000000
vt 0.806649 0.136492 0.000000
vt 0.977648 0.130537 0.000000
vt 0.567054 0.143961 0.000000
vt 0.966758 0.143894 0.000000
# 1526 texture coords

g Biker
usemtl Biker
s 1
f -1187/-1526/-1189 -1186/-1525/-1188 -1189/-1524/-1187 -1188/-1523/-1186 
f -625/-1522/-1185 -628/-1521/-1184 -1185/-1520/-1183 -1184/-1519/-1182 
f -621/-1518/-1181 -2/-1517/-1180 -1/-1516/-1179 -1109/-1515/-1178 
f -4/-1514/-1177 -1183/-1513/-1176 -5/-1512/-1175 
f -1179/-1511/-1174 -615/-1510/-1173 -618/-1509/-1172 -1180/-1508/-1171 
f -1185/-1520/-1183 -628/-1521/-1184 -615/-1510/-1173 -1179/-1511/-1174 
f -1176/-1507/-1170 -1175/-1506/-1169 -1178/-1505/-1168 -1177/-1504/-1167 
f -1171/-1503/-1166 -1174/-1502/-1165 -1173/-1501/-1164 -1172/-1500/-1163 
f -1169/-1499/-1162 -1189/-1524/-1187 -1186/-1525/-1188 -1170/-1498/-1161 
f -1177/-1504/-1167 -1168/-1497/-1160 -1170/-1496/-1161 -1174/-1495/-1165 
f -1164/-1494/-1159 -1167/-1493/-1158 -1166/-1492/-1157 -1165/-1491/-1156 
f -1165/-1491/-1156 -1166/-1492/-1157 -1163/-1490/-1155 -1162/-1489/-1154 
f -1162/-1488/-1154 -1163/-1487/-1155 -1161/-1486/-1153 -1160/-1485/-1152 
f -1158/-1484/-1151 -1160/-1485/-1152 -1161/-1486/-1153 -1159/-1483/-1150 
f -1158/-1484/-1151 -1159/-1483/-1150 -1157/-1482/-1149 -1156/-1481/-1148 
f -1155/-1480/-1147 -1154/-1479/-1146 -1156/-1481/-1148 -1157/-1482/-1149 
f -1152/-1478/-1145 -1154/-1477/-1146 -1155/-1476/-1147 -1153/-1475/-1144 
f -1152/-1478/-1145 -1153/-1475/-1144 -1167/-1493/-1158 -1164/-1494/-1159 
f -1149/-1474/-1143 -1148/-1473/-1142 -1151/-1472/-1141 -1150/-1471/-1140 
f -1146/-1470/-1139 -1150/-1471/-1140 -1151/-1472/-1141 -1147/-1469/-1138 
f -1144/-1468/-1137 -1146/-1467/-1139 -1147/-1466/-1138 -1145/-1465/-1136 
f -1145/-1465/-1136 -1143/-1464/-1135 -1142/-1463/-1134 -1144/-1468/-1137 
f -1143/-1464/-1135 -1141/-1462/-1133 -1140/-1461/-1132 -1142/-1463/-1134 
f -1140/-1461/-1132 -1141/-1462/-1133 -1139/-1460/-1131 -1138/-1459/-1130 
f -1138/-1458/-1130 -1139/-1457/-1131 -1137/-1456/-1129 -1136/-1455/-1128 
f -1136/-1455/-1128 -1137/-1456/-1129 -1148/-1473/-1142 -1149/-1474/-1143 
f -1133/-1454/-1127 -1132/-1453/-1126 -1135/-1452/-1125 -1134/-1451/-1124 
f -1130/-1450/-1123 -1134/-1451/-1124 -1135/-1452/-1125 -1131/-1449/-1122 
f -1128/-1448/-1121 -1130/-1447/-1123 -1131/-1446/-1122 -1129/-1445/-1120 
f -1129/-1445/-1120 -1127/-1444/-1119 -1126/-1443/-1118 -1128/-1448/-1121 
f -1126/-1443/-1118 -1127/-1444/-1119 -1125/-1442/-1117 -1124/-1441/-1116 
f -1124/-1441/-1116 -1125/-1442/-1117 -1123/-1440/-1115 -1122/-1439/-1114 
f -1122/-1438/-1114 -1123/-1437/-1115 -1121/-1436/-1113 -1120/-1435/-1112 
f -1120/-1435/-1112 -1121/-1436/-1113 -1132/-1453/-1126 -1133/-1454/-1127 
f -1118/-1434/-1111 -1133/-1454/-1127 -1134/-1451/-1124 -1119/-1433/-1110 
f -1134/-1451/-1124 -1130/-1450/-1123 -1117/-1432/-1109 -1119/-1433/-1110 
f -1130/-1447/-1123 -1128/-1448/-1121 -1116/-1431/-1108 -1117/-1430/-1109 
f -1128/-1448/-1121 -1126/-1443/-1118 -1115/-1429/-1107 -1116/-1431/-1108 
f -1115/-1429/-1107 -1126/-1443/-1118 -1124/-1441/-1116 -1114/-1428/-1106 
f -1114/-1428/-1106 -1124/-1441/-1116 -1122/-1439/-1114 -1113/-1427/-1105 
f -1120/-1435/-1112 -1112/-1426/-1104 -1113/-1425/-1105 -1122/-1438/-1114 
f -1133/-1454/-1127 -1118/-1434/-1111 -1112/-1426/-1104 -1120/-1435/-1112 
f -1109/-1515/-1178 -1181/-1424/-1103 -1111/-1423/-1102 -1110/-1422/-1101 
f -1108/-1421/-1100 -1107/-1420/-1099 -1110/-1419/-1101 -1111/-1418/-1102 
f -1180/-1508/-1171 -1106/-1417/-1098 -1107/-1420/-1099 -1108/-1421/-1100 
f -1187/-1526/-1189 -1188/-1523/-1186 -542/-1416/-1097 -541/-1415/-1096 
f -1183/-1513/-1176 -624/-1414/-1095 -540/-1413/-1094 -5/-1512/-1175 
f -1186/-1525/-1188 -1187/-1526/-1189 -1105/-1412/-1093 -1173/-1501/-1164 
f -1104/-1411/-1092 -1179/-1511/-1174 -1180/-1508/-1171 -1108/-1421/-1100 
f -1179/-1511/-1174 -1104/-1411/-1092 -1103/-1410/-1091 -1185/-1520/-1183 
f -1180/-1508/-1171 -618/-1509/-1172 -536/-1409/-1090 -1106/-1417/-1098 
f -1100/-1408/-1089 -1099/-1407/-1088 -1102/-1406/-1087 -1101/-1405/-1086 
f -1101/-1405/-1086 -1098/-1404/-1085 -1097/-1403/-1084 -1100/-1408/-1089 
f -1097/-1403/-1084 -1098/-1404/-1085 -1096/-1402/-1083 -1095/-1401/-1082 
f -1096/-1402/-1083 -1094/-1400/-1081 -1093/-1399/-1080 -1095/-1401/-1082 
f -1093/-1399/-1080 -1094/-1400/-1081 -1092/-1398/-1079 -1091/-1397/-1078 
f -1088/-1396/-1077 -1087/-1395/-1076 -1090/-1394/-1075 -1089/-1393/-1074 
f -1084/-1392/-1073 -1083/-1391/-1072 -1086/-1390/-1071 -1085/-1389/-1070 
f -1080/-1388/-1069 -1079/-1387/-1068 -1082/-1386/-1067 -1081/-1385/-1066 
f -1082/-1386/-1067 -1079/-1387/-1068 -1078/-1384/-1065 -1077/-1383/-1064 
f -1077/-1383/-1064 -1078/-1384/-1065 -1076/-1382/-1063 -1075/-1381/-1062 
f -1075/-1381/-1062 -1076/-1382/-1063 -1074/-1380/-1061 -1073/-1379/-1060 
f -1069/-1378/-1059 -1072/-1377/-1058 -1071/-1376/-1057 -1070/-1375/-1056 
f -1068/-1374/-1055 -1067/-1373/-1054 -1089/-1393/-1074 -1090/-1394/-1075 
f -1065/-1372/-1053 -1087/-1395/-1076 -1088/-1396/-1077 -1066/-1371/-1052 
f -1079/-1387/-1068 -1080/-1388/-1069 -1097/-1403/-1084 -1095/-1401/-1082 
f -1078/-1384/-1065 -1079/-1387/-1068 -1095/-1401/-1082 -1093/-1399/-1080 
f -1078/-1384/-1065 -1093/-1399/-1080 -1091/-1397/-1078 -1076/-1382/-1063 
f -1062/-1370/-1051 -1061/-1369/-1050 -1064/-1368/-1049 -1063/-1367/-1048 
f -1083/-1391/-1072 -1080/-1388/-1069 -1081/-1385/-1066 -1086/-1390/-1071 
f -1080/-1388/-1069 -1083/-1391/-1072 -1100/-1408/-1089 -1097/-1403/-1084 
f -1099/-1407/-1088 -1100/-1408/-1089 -1083/-1391/-1072 -1084/-1392/-1073 
f -1084/-1392/-1073 -1085/-1389/-1070 -1060/-1366/-1047 -1059/-1365/-1046 
f -1055/-1364/-1045 -1058/-1363/-1044 -1057/-1362/-1043 -1056/-1361/-1042 
f -1052/-1360/-1041 -1051/-1359/-1040 -1054/-1358/-1039 -1053/-1357/-1038 
f -1050/-1356/-1037 -1049/-1355/-1036 -1085/-1389/-1070 -1086/-1390/-1071 
f -1048/-1354/-1035 -1050/-1353/-1037 -1086/-1352/-1071 -1073/-1379/-1060 
f -1048/-1354/-1035 -1073/-1379/-1060 -1047/-1351/-1034 -1046/-1350/-1033 
f -1049/-1349/-1036 -1046/-1350/-1033 -1047/-1351/-1034 -1085/-1348/-1070 
f -1044/-1347/-1032 -1075/-1381/-1062 -1073/-1379/-1060 -1045/-1346/-1031 
f -1045/-1346/-1031 -1073/-1379/-1060 -1086/-1352/-1071 -1043/-1345/-1030 
f -1042/-1344/-1029 -1043/-1343/-1030 -1086/-1390/-1071 -1081/-1385/-1066 
f -1044/-1347/-1032 -1042/-1342/-1029 -1081/-1341/-1066 -1075/-1381/-1062 
f -1041/-1340/-1028 -1040/-1339/-1027 -1060/-1366/-1047 -1085/-1389/-1070 
f -1039/-1338/-1026 -1041/-1337/-1028 -1085/-1348/-1070 -1047/-1351/-1034 
f -1039/-1338/-1026 -1047/-1351/-1034 -1038/-1336/-1025 -1037/-1335/-1024 
f -1037/-1334/-1024 -1038/-1333/-1025 -1060/-1366/-1047 -1040/-1339/-1027 
f -1035/-1332/-1023 -1082/-1386/-1067 -1077/-1383/-1064 -1036/-1331/-1022 
f -1036/-1331/-1022 -1077/-1383/-1064 -1075/-1381/-1062 -1034/-1330/-1021 
f -1033/-1329/-1020 -1034/-1330/-1021 -1075/-1381/-1062 -1081/-1341/-1066 
f -1035/-1332/-1023 -1033/-1328/-1020 -1081/-1385/-1066 -1082/-1386/-1067 
f -1029/-1327/-1019 -1032/-1326/-1018 -1031/-1325/-1017 -1030/-1324/-1016 
f -1032/-1323/-1018 -1028/-1322/-1015 -1027/-1321/-1014 -1031/-1320/-1017 
f -1027/-1321/-1014 -1028/-1322/-1015 -1026/-1319/-1013 -1025/-1318/-1012 
f -1030/-1317/-1016 -1025/-1318/-1012 -1026/-1319/-1013 -1029/-1316/-1019 
f -1021/-1315/-1011 -1024/-1314/-1010 -1023/-1313/-1009 -1022/-1312/-1008 
f -1022/-1312/-1008 -1023/-1313/-1009 -1020/-1311/-1007 -1019/-1310/-1006 
f -1020/-1309/-1007 -1018/-1308/-1005 -1017/-1307/-1004 -1019/-1306/-1006 
f -1021/-1315/-1011 -1017/-1305/-1004 -1018/-1304/-1005 -1024/-1314/-1010 
f -1014/-1303/-1003 -1013/-1302/-1002 -1016/-1301/-1001 -1015/-1300/-1000 
f -1011/-1299/-999 -1012/-1298/-998 -1056/-1297/-1042 -1057/-1296/-1043 
f -1056/-1297/-1042 -1012/-1298/-998 -1010/-1295/-997 -1055/-1294/-1045 
f -1014/-1303/-1003 -1015/-1300/-1000 -1009/-1293/-996 -1008/-1292/-995 
f -1004/-1291/-994 -1007/-1290/-993 -1006/-1289/-992 -1005/-1288/-991 
f -1005/-1288/-991 -1006/-1289/-992 -1003/-1287/-990 -1002/-1286/-989 
f -1000/-1285/-988 -1002/-1286/-989 -1003/-1287/-990 -1001/-1284/-987 
f -1001/-1283/-987 -1007/-1290/-993 -1004/-1291/-994 -1000/-1282/-988 
f -998/-1281/-986 -999/-1280/-985 -1071/-1376/-1057 -1072/-1377/-1058 
f -999/-1279/-985 -997/-1278/-984 -1070/-1277/-1056 -1071/-1276/-1057 
f -996/-1275/-983 -1069/-1274/-1059 -1070/-1277/-1056 -997/-1278/-984 
f -996/-1275/-983 -998/-1273/-986 -1072/-1272/-1058 -1069/-1274/-1059 
f -994/-1271/-982 -1064/-1270/-1049 -1061/-1269/-1050 -995/-1268/-981 
f -993/-1267/-980 -1063/-1266/-1048 -1064/-1270/-1049 -994/-1271/-982 
f -993/-1265/-980 -992/-1264/-979 -1062/-1370/-1051 -1063/-1367/-1048 
f -992/-1263/-979 -995/-1268/-981 -1061/-1269/-1050 -1062/-1262/-1051 
f -990/-1261/-978 -1053/-1260/-1038 -1054/-1358/-1039 -991/-1259/-977 
f -1053/-1260/-1038 -990/-1261/-978 -989/-1258/-976 -1052/-1257/-1041 
f -989/-1258/-976 -988/-1256/-975 -1051/-1255/-1040 -1052/-1257/-1041 
f -988/-1254/-975 -991/-1259/-977 -1054/-1358/-1039 -1051/-1359/-1040 
f -987/-1253/-974 -986/-1252/-973 -1102/-1406/-1087 -1090/-1394/-1075 
f -986/-1252/-973 -985/-1251/-972 -1101/-1405/-1086 -1102/-1406/-1087 
f -985/-1251/-972 -984/-1250/-971 -1098/-1404/-1085 -1101/-1405/-1086 
f -984/-1250/-971 -983/-1249/-970 -1096/-1402/-1083 -1098/-1404/-1085 
f -983/-1249/-970 -982/-1248/-969 -1094/-1400/-1081 -1096/-1402/-1083 
f -981/-1247/-968 -1092/-1398/-1079 -1094/-1400/-1081 -982/-1248/-969 
f -981/-1247/-968 -980/-1246/-967 -1087/-1245/-1076 -1092/-1398/-1079 
f -987/-1253/-974 -1090/-1394/-1075 -1087/-1395/-1076 -980/-1244/-967 
f -1066/-1243/-1052 -978/-1242/-966 -979/-1241/-965 -1067/-1240/-1054 
f -978/-1239/-966 -1066/-1371/-1052 -1088/-1396/-1077 -977/-1238/-964 
f -977/-1238/-964 -1088/-1396/-1077 -1089/-1393/-1074 -976/-1237/-963 
f -976/-1237/-963 -1089/-1393/-1074 -1067/-1373/-1054 -979/-1236/-965 
f -973/-1235/-962 -972/-1234/-961 -975/-1233/-960 -974/-1232/-959 
f -973/-1231/-962 -974/-1230/-959 -971/-1229/-958 -970/-1228/-957 
f -968/-1227/-956 -970/-1228/-957 -971/-1229/-958 -969/-1226/-955 
f -972/-1225/-961 -968/-1227/-956 -969/-1226/-955 -975/-1224/-960 
f -1099/-1407/-1088 -1068/-1374/-1055 -1090/-1394/-1075 -1102/-1406/-1087 
f -1084/-1392/-1073 -1059/-1365/-1046 -1068/-1374/-1055 -1099/-1407/-1088 
f -1067/-1373/-1054 -1068/-1374/-1055 -1059/-1365/-1046 -967/-1223/-954 
f -1067/-1240/-1054 -967/-1222/-954 -966/-1221/-953 -1066/-1243/-1052 
f -1059/-1365/-1046 -1060/-1366/-1047 -1038/-1333/-1025 -967/-1223/-954 
f -966/-1221/-953 -967/-1222/-954 -1038/-1336/-1025 -1047/-1351/-1034 
f -966/-1221/-953 -1047/-1351/-1034 -1073/-1379/-1060 -1074/-1380/-1061 
f -1074/-1380/-1061 -1065/-1220/-1053 -1066/-1243/-1052 -966/-1221/-953 
f -1065/-1220/-1053 -1074/-1380/-1061 -1076/-1382/-1063 -1091/-1397/-1078 
f -1091/-1397/-1078 -1092/-1398/-1079 -1087/-1245/-1076 -1065/-1220/-1053 
f -964/-1219/-952 -1149/-1474/-1143 -1150/-1471/-1140 -965/-1218/-951 
f -1146/-1470/-1139 -963/-1217/-950 -965/-1218/-951 -1150/-1471/-1140 
f -1146/-1467/-1139 -1144/-1468/-1137 -962/-1216/-949 -963/-1215/-950 
f -1144/-1468/-1137 -1142/-1463/-1134 -961/-1214/-948 -962/-1216/-949 
f -1142/-1463/-1134 -1140/-1461/-1132 -960/-1213/-947 -961/-1214/-948 
f -960/-1213/-947 -1140/-1461/-1132 -1138/-1459/-1130 -959/-1212/-946 
f -1138/-1458/-1130 -1136/-1455/-1128 -958/-1211/-945 -959/-1210/-946 
f -1149/-1474/-1143 -964/-1219/-952 -958/-1211/-945 -1136/-1455/-1128 
f -1116/-1431/-1108 -1115/-1429/-1107 -957/-1209/-944 -956/-1208/-943 
f -957/-1209/-944 -1115/-1429/-1107 -1114/-1428/-1106 -955/-1207/-942 
f -1104/-1411/-1092 -1108/-1421/-1100 -1166/-1492/-1157 -1167/-1493/-1158 
f -1166/-1492/-1157 -1108/-1421/-1100 -1111/-1418/-1102 -1163/-1490/-1155 
f -1181/-1424/-1103 -1161/-1486/-1153 -1163/-1487/-1155 -1111/-1423/-1102 
f -1182/-1206/-941 -1159/-1483/-1150 -1161/-1486/-1153 -1181/-1424/-1103 
f -1189/-1524/-1187 -1157/-1482/-1149 -1159/-1483/-1150 -1182/-1206/-941 
f -1169/-1499/-1162 -1155/-1480/-1147 -1157/-1482/-1149 -1189/-1524/-1187 
f -1169/-1205/-1162 -1103/-1410/-1091 -1153/-1475/-1144 -1155/-1476/-1147 
f -1103/-1410/-1091 -1104/-1411/-1092 -1167/-1493/-1158 -1153/-1475/-1144 
f -1185/-1520/-1183 -1103/-1410/-1091 -1168/-1497/-1160 -1184/-1519/-1182 
f -953/-1204/-940 -954/-1203/-939 -386/-1202/-938 -385/-1201/-937 
f -1175/-1506/-1169 -1176/-1507/-1170 -952/-1200/-936 -951/-1199/-935 
f -1176/-1507/-1170 -1171/-1198/-1166 -950/-1197/-934 -952/-1200/-936 
f -1172/-1500/-1163 -949/-1196/-933 -950/-1195/-934 -1171/-1503/-1166 
f -954/-1203/-939 -953/-1204/-940 -949/-1196/-933 -1172/-1500/-1163 
f -947/-1194/-932 -946/-1193/-931 -948/-1192/-930 -951/-1199/-935 
f -374/-1191/-929 -373/-1190/-928 -945/-1189/-927 -944/-1188/-926 
f -373/-1187/-928 -372/-1186/-925 -948/-1192/-930 -945/-1185/-927 
f -943/-1184/-924 -947/-1194/-932 -951/-1199/-935 -952/-1200/-936 
f -952/-1200/-936 -950/-1197/-934 -942/-1183/-923 -943/-1184/-924 
f -942/-1182/-923 -950/-1195/-934 -949/-1196/-933 -941/-1181/-922 
f -949/-1196/-933 -953/-1204/-940 -944/-1188/-926 -941/-1181/-922 
f -938/-1180/-921 -944/-1188/-926 -945/-1189/-927 -939/-1179/-920 
f -945/-1185/-927 -948/-1192/-930 -946/-1193/-931 -939/-1178/-920 
f -1103/-1410/-1091 -1169/-1205/-1162 -1170/-1496/-1161 -1168/-1497/-1160 
f -937/-1177/-919 -365/-1176/-918 -621/-1518/-1181 -1109/-1515/-1178 
f -954/-1203/-939 -1105/-1412/-1093 -364/-1175/-917 -386/-1202/-938 
f -1177/-1504/-1167 -1178/-1505/-1168 -1184/-1519/-1182 -1168/-1497/-1160 
f -1186/-1525/-1188 -1173/-1501/-1164 -1174/-1502/-1165 -1170/-1498/-1161 
f -1174/-1495/-1165 -1171/-1198/-1166 -1176/-1507/-1170 -1177/-1504/-1167 
f -1105/-1412/-1093 -954/-1203/-939 -1172/-1500/-1163 -1173/-1501/-1164 
f -1178/-1505/-1168 -1175/-1506/-1169 -363/-1174/-916 -362/-1173/-915 
f -933/-1172/-914 -936/-1171/-913 -935/-1170/-912 -934/-1169/-911 
f -934/-1169/-911 -935/-1170/-912 -932/-1168/-910 -931/-1167/-909 
f -931/-1166/-909 -932/-1165/-910 -930/-1164/-908 -929/-1163/-907 
f -929/-1163/-907 -930/-1164/-908 -928/-1162/-906 -927/-1161/-905 
f -933/-1172/-914 -925/-1160/-904 -926/-1159/-903 -936/-1171/-913 
f -921/-1158/-902 -924/-1157/-901 -923/-1156/-900 -922/-1155/-899 
f -928/-1162/-906 -924/-1157/-901 -921/-1158/-902 -927/-1161/-905 
f -925/-1160/-904 -922/-1154/-899 -923/-1153/-900 -926/-1159/-903 
f -917/-1152/-898 -920/-1151/-897 -919/-1150/-896 -918/-1149/-895 
f -915/-1148/-894 -919/-1150/-896 -920/-1151/-897 -916/-1147/-893 
f -911/-1146/-892 -914/-1145/-891 -913/-1144/-890 -912/-1143/-889 
f -911/-1146/-892 -910/-1142/-888 -916/-1147/-893 
f -908/-1141/-887 -913/-1140/-890 -914/-1139/-891 -909/-1138/-886 
f -905/-1137/-885 -904/-1136/-884 -907/-1135/-883 -906/-1134/-882 
f -906/-1134/-882 -907/-1135/-883 -903/-1133/-881 -902/-1132/-880 
f -903/-1133/-881 -901/-1131/-879 -900/-1130/-878 -902/-1132/-880 
f -901/-1131/-879 -898/-1129/-877 -899/-1128/-876 -900/-1130/-878 
f -896/-1127/-875 -904/-1136/-884 -905/-1137/-885 -897/-1126/-874 
f -893/-1125/-873 -892/-1124/-872 -895/-1123/-871 -894/-1122/-870 
f -898/-1129/-877 -892/-1124/-872 -893/-1125/-873 -899/-1128/-876 
f -895/-1121/-871 -896/-1127/-875 -897/-1126/-874 -894/-1120/-870 
f -889/-1119/-869 -888/-1118/-868 -891/-1117/-867 -890/-1116/-866 
f -890/-1116/-866 -891/-1117/-867 -917/-1152/-898 -918/-1149/-895 
f -909/-1138/-886 -888/-1118/-868 -889/-1119/-869 -908/-1141/-887 
f -935/-1170/-912 -886/-1115/-865 -887/-1114/-864 -932/-1168/-910 
f -930/-1164/-908 -932/-1165/-910 -887/-1113/-864 -885/-1112/-863 
f -930/-1164/-908 -885/-1112/-863 -884/-1111/-862 -928/-1162/-906 
f -884/-1111/-862 -883/-1110/-861 -924/-1157/-901 -928/-1162/-906 
f -933/-1172/-914 -934/-1169/-911 -882/-1109/-860 
f -881/-1108/-859 -880/-1107/-858 -879/-1106/-857 
f -881/-1108/-859 -929/-1163/-907 -927/-1161/-905 -878/-1105/-856 
f -925/-1160/-904 -933/-1172/-914 -877/-1104/-855 -876/-1103/-854 
f -874/-1102/-853 -921/-1158/-902 -922/-1155/-899 -875/-1101/-852 
f -921/-1158/-902 -874/-1102/-853 -878/-1105/-856 -927/-1161/-905 
f -922/-1154/-899 -925/-1160/-904 -876/-1103/-854 -875/-1100/-852 
f -870/-1099/-851 -873/-1098/-850 -872/-1097/-849 -871/-1096/-848 
f -866/-1095/-847 -869/-1094/-846 -868/-1093/-845 -867/-1092/-844 
f -869/-1094/-846 -866/-1095/-847 -865/-1091/-843 -864/-1090/-842 
f -863/-1089/-841 -910/-1142/-888 -912/-1143/-889 
f -861/-1088/-840 -919/-1150/-896 -915/-1148/-894 -862/-1087/-839 
f -919/-1150/-896 -861/-1088/-840 -860/-1086/-838 
f -859/-1085/-837 -858/-1084/-836 -913/-1140/-890 
f -863/-1089/-841 -912/-1143/-889 -913/-1144/-890 -858/-1083/-836 
f -899/-1128/-876 -893/-1125/-873 -911/-1146/-892 -916/-1147/-893 
f -855/-1082/-835 -886/-1115/-865 -857/-1081/-834 -856/-1080/-833 
f -856/-1080/-833 -854/-1079/-832 -853/-1078/-831 -855/-1082/-835 
f -886/-1115/-865 -855/-1082/-835 -852/-1077/-830 -887/-1114/-864 
f -851/-1076/-829 -852/-1077/-830 -855/-1082/-835 -853/-1078/-831 
f -887/-1113/-864 -852/-1075/-830 -850/-1074/-828 -885/-1112/-863 
f -849/-1073/-827 -850/-1074/-828 -852/-1075/-830 -851/-1072/-829 
f -885/-1112/-863 -850/-1074/-828 -848/-1071/-826 -884/-1111/-862 
f -847/-1070/-825 -848/-1071/-826 -850/-1074/-828 -849/-1073/-827 
f -845/-1069/-824 -856/-1080/-833 -857/-1081/-834 -846/-1068/-823 
f -856/-1080/-833 -845/-1069/-824 -844/-1067/-822 -854/-1079/-832 
f -842/-1066/-821 -841/-1065/-820 -843/-1064/-819 -883/-1110/-861 
f -841/-1065/-820 -842/-1066/-821 -840/-1063/-818 -839/-1062/-817 
f -848/-1071/-826 -842/-1066/-821 -883/-1110/-861 -884/-1111/-862 
f -840/-1063/-818 -842/-1066/-821 -848/-1071/-826 -847/-1070/-825 
f -841/-1061/-820 -845/-1069/-824 -846/-1068/-823 -843/-1060/-819 
f -845/-1069/-824 -841/-1061/-820 -839/-1059/-817 -844/-1067/-822 
f -947/-1194/-932 -943/-1184/-924 -853/-1078/-831 -854/-1079/-832 
f -943/-1184/-924 -942/-1183/-923 -851/-1076/-829 -853/-1078/-831 
f -851/-1072/-829 -942/-1182/-923 -941/-1181/-922 -849/-1073/-827 
f -849/-1073/-827 -941/-1181/-922 -940/-1058/-816 -847/-1070/-825 
f -946/-1193/-931 -947/-1194/-932 -854/-1079/-832 -844/-1067/-822 
f -840/-1063/-818 -938/-1180/-921 -939/-1179/-920 -839/-1062/-817 
f -840/-1063/-818 -847/-1070/-825 -940/-1058/-816 -938/-1180/-921 
f -839/-1059/-817 -939/-1178/-920 -946/-1193/-931 -844/-1067/-822 
f -862/-1057/-839 -863/-1056/-841 -858/-1055/-836 -861/-1054/-840 
f -861/-1054/-840 -858/-1055/-836 -859/-1053/-837 -860/-1052/-838 
f -837/-1051/-815 -867/-1050/-844 -873/-1049/-850 -838/-1048/-814 
f -835/-1047/-813 -864/-1090/-842 -865/-1091/-843 -836/-1046/-812 
f -871/-1096/-848 -835/-1047/-813 -836/-1046/-812 -870/-1099/-851 
f -872/-1045/-849 -873/-1049/-850 -834/-1044/-811 
f -834/-1044/-811 -873/-1049/-850 -867/-1050/-844 -833/-1043/-810 
f -867/-1050/-844 -868/-1042/-845 -833/-1043/-810 
f -830/-1041/-809 -877/-1104/-855 -832/-1040/-808 -831/-1039/-807 
f -828/-1038/-806 -880/-1107/-858 -881/-1108/-859 -829/-1037/-805 
f -829/-1037/-805 -881/-1108/-859 -878/-1105/-856 -827/-1036/-804 
f -876/-1103/-854 -877/-1104/-855 -830/-1041/-809 -826/-1035/-803 
f -874/-1102/-853 -875/-1101/-852 -825/-1034/-802 -824/-1033/-801 
f -878/-1105/-856 -874/-1102/-853 -824/-1033/-801 -827/-1036/-804 
f -875/-1100/-852 -876/-1103/-854 -826/-1035/-803 -825/-1032/-802 
f -1148/-1473/-1142 -822/-1031/-800 -823/-1030/-799 -1151/-1472/-1141 
f -1151/-1472/-1141 -823/-1030/-799 -821/-1029/-798 -1147/-1469/-1138 
f -821/-1028/-798 -820/-1027/-797 -1145/-1465/-1136 -1147/-1466/-1138 
f -820/-1027/-797 -819/-1026/-796 -1143/-1464/-1135 -1145/-1465/-1136 
f -819/-1026/-796 -818/-1025/-795 -1141/-1462/-1133 -1143/-1464/-1135 
f -818/-1025/-795 -817/-1024/-794 -1139/-1460/-1131 -1141/-1462/-1133 
f -1139/-1457/-1131 -817/-1023/-794 -816/-1022/-793 -1137/-1456/-1129 
f -1137/-1456/-1129 -816/-1022/-793 -822/-1031/-800 -1148/-1473/-1142 
f -1135/-1452/-1125 -1132/-1453/-1126 -964/-1219/-952 -965/-1218/-951 
f -1131/-1449/-1122 -1135/-1452/-1125 -965/-1218/-951 -963/-1217/-950 
f -1129/-1445/-1120 -1131/-1446/-1122 -963/-1215/-950 -962/-1216/-949 
f -1127/-1444/-1119 -1129/-1445/-1120 -962/-1216/-949 -961/-1214/-948 
f -960/-1213/-947 -1125/-1442/-1117 -1127/-1444/-1119 -961/-1214/-948 
f -959/-1212/-946 -1123/-1440/-1115 -1125/-1442/-1117 -960/-1213/-947 
f -958/-1211/-945 -1121/-1436/-1113 -1123/-1437/-1115 -959/-1210/-946 
f -964/-1219/-952 -1132/-1453/-1126 -1121/-1436/-1113 -958/-1211/-945 
f -948/-1192/-930 -372/-1186/-925 -240/-1021/-792 -951/-1199/-935 
f -815/-1020/-791 -1058/-1363/-1044 -1055/-1364/-1045 -1010/-1019/-997 
f -1008/-1018/-995 -1009/-1017/-996 -814/-1016/-790 -813/-1015/-789 
f -814/-1016/-790 -1016/-1014/-1001 -1013/-1013/-1002 -813/-1015/-789 
f -815/-1020/-791 -1011/-1012/-999 -1057/-1362/-1043 -1058/-1363/-1044 
f -812/-1011/-788 -811/-1010/-787 -871/-1096/-848 -872/-1097/-849 
f -809/-1009/-786 -868/-1093/-845 -869/-1094/-846 -810/-1008/-785 
f -810/-1008/-785 -869/-1094/-846 -864/-1090/-842 -808/-1007/-784 
f -807/-1006/-783 -808/-1007/-784 -864/-1090/-842 -835/-1047/-813 
f -811/-1010/-787 -807/-1006/-783 -835/-1047/-813 -871/-1096/-848 
f -806/-1005/-782 -809/-1009/-786 -810/-1008/-785 -808/-1007/-784 
f -806/-1005/-782 -808/-1007/-784 -807/-1006/-783 -805/-1004/-781 
f -805/-1004/-781 -807/-1006/-783 -811/-1010/-787 -812/-1011/-788 
f -833/-1043/-810 -868/-1042/-845 -809/-1003/-786 -806/-1002/-782 
f -833/-1043/-810 -806/-1002/-782 -805/-1001/-781 -834/-1044/-811 
f -834/-1044/-811 -805/-1001/-781 -812/-1000/-788 -872/-1045/-849 
f -804/-999/-780 -803/-998/-779 -802/-997/-778 -227/-996/-777 
f -800/-995/-776 -801/-994/-775 -802/-997/-778 -803/-998/-779 
f -800/-993/-776 -799/-992/-774 -937/-1177/-919 -801/-991/-775 
f -365/-1176/-918 -937/-1177/-919 -799/-992/-774 -221/-990/-773 
f -801/-991/-775 -937/-1177/-919 -1109/-1515/-1178 -1110/-1422/-1101 
f -1107/-1420/-1099 -802/-997/-778 -801/-994/-775 -1110/-1419/-1101 
f -802/-997/-778 -1107/-1420/-1099 -1106/-1417/-1098 
f -1106/-1417/-1098 -536/-1409/-1090 -227/-996/-777 -802/-997/-778 
f -1032/-1326/-1018 -1029/-1327/-1019 -1049/-1355/-1036 -1050/-1356/-1037 
f -1028/-1322/-1015 -1032/-1323/-1018 -1050/-1353/-1037 -1048/-1354/-1035 
f -1028/-1322/-1015 -1048/-1354/-1035 -1046/-1350/-1033 -1026/-1319/-1013 
f -1029/-1316/-1019 -1026/-1319/-1013 -1046/-1350/-1033 -1049/-1349/-1036 
f -1024/-1314/-1010 -1044/-1347/-1032 -1045/-1346/-1031 -1023/-1313/-1009 
f -1023/-1313/-1009 -1045/-1346/-1031 -1043/-1345/-1030 -1020/-1311/-1007 
f -1018/-1308/-1005 -1020/-1309/-1007 -1043/-1343/-1030 -1042/-1344/-1029 
f -1024/-1314/-1010 -1018/-1304/-1005 -1042/-1342/-1029 -1044/-1347/-1032 
f -1013/-1302/-1002 -1014/-1303/-1003 -1040/-1339/-1027 -1041/-1340/-1028 
f -813/-1015/-789 -1013/-1013/-1002 -1041/-1337/-1028 -1039/-1338/-1026 
f -813/-1015/-789 -1039/-1338/-1026 -1037/-1335/-1024 -1008/-1018/-995 
f -1008/-1292/-995 -1037/-1334/-1024 -1040/-1339/-1027 -1014/-1303/-1003 
f -1007/-1290/-993 -1035/-1332/-1023 -1036/-1331/-1022 -1006/-1289/-992 
f -1006/-1289/-992 -1036/-1331/-1022 -1034/-1330/-1021 -1003/-1287/-990 
f -1001/-1284/-987 -1003/-1287/-990 -1034/-1330/-1021 -1033/-1329/-1020 
f -1001/-1283/-987 -1033/-1328/-1020 -1035/-1332/-1023 -1007/-1290/-993 
f -999/-1280/-985 -998/-1281/-986 -1030/-1324/-1016 -1031/-1325/-1017 
f -997/-1278/-984 -999/-1279/-985 -1031/-1320/-1017 -1027/-1321/-1014 
f -997/-1278/-984 -1027/-1321/-1014 -1025/-1318/-1012 -996/-1275/-983 
f -998/-1273/-986 -996/-1275/-983 -1025/-1318/-1012 -1030/-1317/-1016 
f -995/-1268/-981 -1021/-1315/-1011 -1022/-1312/-1008 -994/-1271/-982 
f -994/-1271/-982 -1022/-1312/-1008 -1019/-1310/-1006 -993/-1267/-980 
f -992/-1264/-979 -993/-1265/-980 -1019/-1306/-1006 -1017/-1307/-1004 
f -995/-1268/-981 -992/-1263/-979 -1017/-1305/-1004 -1021/-1315/-1011 
f -1011/-1012/-999 -815/-1020/-791 -1015/-1300/-1000 -1016/-1301/-1001 
f -1016/-1014/-1001 -814/-1016/-790 -1012/-1298/-998 -1011/-1299/-999 
f -1009/-1017/-996 -1010/-1295/-997 -1012/-1298/-998 -814/-1016/-790 
f -1010/-1019/-997 -1009/-1293/-996 -1015/-1300/-1000 -815/-1020/-791 
f -991/-1259/-977 -1004/-1291/-994 -1005/-1288/-991 -990/-1261/-978 
f -990/-1261/-978 -1005/-1288/-991 -1002/-1286/-989 -989/-1258/-976 
f -988/-1256/-975 -989/-1258/-976 -1002/-1286/-989 -1000/-1285/-988 
f -991/-1259/-977 -988/-1254/-975 -1000/-1282/-988 -1004/-1291/-994 
f -974/-1232/-959 -975/-1233/-960 -979/-1241/-965 -978/-1242/-966 
f -974/-1230/-959 -978/-1239/-966 -977/-1238/-964 -971/-1229/-958 
f -969/-1226/-955 -971/-1229/-958 -977/-1238/-964 -976/-1237/-963 
f -975/-1224/-960 -969/-1226/-955 -976/-1237/-963 -979/-1236/-965 
f -364/-1175/-917 -1105/-1412/-1093 -1187/-1526/-1189 -541/-1415/-1096 
f -5/-1512/-1175 -540/-1413/-1094 -8/-989/-772 
f -1178/-1505/-1168 -362/-1173/-915 -625/-1522/-1185 -1184/-1519/-1182 
f -363/-1174/-916 -1175/-1506/-1169 -951/-1199/-935 -240/-1021/-792 
f -944/-1188/-926 -953/-1204/-940 -385/-1201/-937 -374/-1191/-929 
f -830/-988/-809 -831/-987/-807 -798/-986/-771 -797/-985/-770 
f -831/-987/-807 -828/-984/-806 -796/-983/-769 -798/-986/-771 
f -796/-983/-769 -828/-984/-806 -829/-982/-805 -795/-981/-768 
f -795/-981/-768 -829/-982/-805 -827/-980/-804 -794/-979/-767 
f -793/-978/-766 -826/-977/-803 -830/-988/-809 -797/-985/-770 
f -824/-976/-801 -825/-975/-802 -792/-974/-765 -791/-973/-764 
f -827/-980/-804 -824/-976/-801 -791/-973/-764 -794/-979/-767 
f -792/-972/-765 -825/-971/-802 -826/-977/-803 -793/-978/-766 
f -837/-970/-815 -859/-1085/-837 -913/-1140/-890 -908/-1141/-887 
f -838/-1048/-814 -860/-1052/-838 -859/-1053/-837 -837/-1051/-815 
f -919/-1150/-896 -860/-1086/-838 -838/-969/-814 -918/-1149/-895 
f -916/-1147/-893 -920/-1151/-897 -900/-1130/-878 -899/-1128/-876 
f -911/-1146/-892 -893/-1125/-873 -894/-1122/-870 -914/-1145/-891 
f -906/-1134/-882 -891/-1117/-867 -888/-1118/-868 -905/-1137/-885 
f -902/-1132/-880 -917/-1152/-898 -891/-1117/-867 -906/-1134/-882 
f -897/-1126/-874 -905/-1137/-885 -888/-1118/-868 -909/-1138/-886 
f -894/-1120/-870 -897/-1126/-874 -909/-1138/-886 -914/-1139/-891 
f -900/-1130/-878 -920/-1151/-897 -917/-1152/-898 -902/-1132/-880 
f -866/-1095/-847 -908/-1141/-887 -889/-1119/-869 -865/-1091/-843 
f -837/-970/-815 -908/-1141/-887 -866/-1095/-847 -867/-1092/-844 
f -873/-1098/-850 -870/-1099/-851 -918/-1149/-895 -838/-969/-814 
f -865/-1091/-843 -889/-1119/-869 -890/-1116/-866 -836/-1046/-812 
f -890/-1116/-866 -918/-1149/-895 -870/-1099/-851 -836/-1046/-812 
f -903/-1133/-881 -796/-983/-769 -795/-981/-768 -901/-1131/-879 
f -907/-1135/-883 -798/-986/-771 -796/-983/-769 -903/-1133/-881 
f -904/-1136/-884 -797/-985/-770 -798/-986/-771 -907/-1135/-883 
f -895/-1121/-871 -792/-972/-765 -793/-978/-766 -896/-1127/-875 
f -898/-1129/-877 -901/-1131/-879 -795/-981/-768 -794/-979/-767 
f -892/-1124/-872 -898/-1129/-877 -794/-979/-767 -791/-973/-764 
f -792/-974/-765 -895/-1123/-871 -892/-1124/-872 -791/-973/-764 
f -797/-985/-770 -904/-1136/-884 -896/-1127/-875 -793/-978/-766 
f -886/-1115/-865 -935/-1170/-912 -936/-1171/-913 -857/-1081/-834 
f -936/-1171/-913 -926/-1159/-903 -846/-1068/-823 -857/-1081/-834 
f -923/-1156/-900 -924/-1157/-901 -883/-1110/-861 -843/-1064/-819 
f -926/-1159/-903 -923/-1153/-900 -843/-1060/-819 -846/-1068/-823 
f -790/-968/-763 -931/-1166/-909 -929/-1163/-907 
f -879/-1106/-857 -789/-967/-762 -881/-1108/-859 
f -831/-1039/-807 -832/-1040/-808 -880/-966/-858 -828/-965/-806 
f -788/-964/-761 -832/-1040/-808 -877/-1104/-855 
f -882/-1109/-860 -787/-963/-760 -933/-1172/-914 
f -785/-962/-759 -790/-968/-763 -789/-967/-762 -786/-961/-758 
f -783/-960/-757 -934/-959/-911 -931/-1166/-909 -784/-958/-756 
f -785/-962/-759 -784/-958/-756 -931/-1166/-909 -790/-968/-763 
f -782/-957/-755 -781/-956/-754 -788/-955/-761 -787/-954/-760 
f -775/-953/-753 -882/-952/-860 -934/-959/-911 -783/-960/-757 
f -781/-956/-754 -780/-951/-752 -832/-950/-808 -788/-955/-761 
f -780/-951/-752 -779/-949/-751 -880/-1107/-858 -832/-950/-808 
f -778/-948/-750 -879/-1106/-857 -880/-1107/-858 -779/-949/-751 
f -776/-947/-749 -777/-946/-748 -783/-960/-757 -784/-958/-756 
f -783/-960/-757 -777/-946/-748 -775/-953/-753 
f -776/-947/-749 -784/-958/-756 -785/-962/-759 
f -778/-948/-750 -779/-949/-751 -774/-945/-747 
f -780/-951/-752 -773/-944/-746 -774/-945/-747 -779/-949/-751 
f -773/-944/-746 -780/-951/-752 -781/-956/-754 
f -772/-943/-745 -776/-947/-749 -785/-962/-759 -786/-961/-758 
f -771/-942/-744 -777/-946/-748 -776/-947/-749 -772/-943/-745 
f -775/-953/-753 -777/-946/-748 -771/-942/-744 -782/-957/-755 
f -786/-961/-758 -789/-967/-762 -879/-1106/-857 -778/-948/-750 
f -775/-953/-753 -782/-957/-755 -787/-954/-760 -882/-952/-860 
f -774/-945/-747 -772/-943/-745 -786/-961/-758 -778/-948/-750 
f -773/-944/-746 -771/-942/-744 -772/-943/-745 -774/-945/-747 
f -781/-956/-754 -782/-957/-755 -771/-942/-744 -773/-944/-746 
f -769/-941/-743 -986/-1252/-973 -987/-1253/-974 -770/-940/-742 
f -768/-939/-741 -985/-1251/-972 -986/-1252/-973 -769/-941/-743 
f -984/-1250/-971 -985/-1251/-972 -768/-939/-741 -956/-938/-943 
f -767/-937/-740 -981/-1247/-968 -982/-1248/-969 -955/-936/-942 
f -980/-1246/-967 -981/-1247/-968 -767/-937/-740 -766/-935/-739 
f -987/-1253/-974 -980/-1244/-967 -766/-934/-739 -770/-933/-742 
f -956/-938/-943 -957/-932/-944 -983/-1249/-970 -984/-1250/-971 
f -957/-932/-944 -955/-936/-942 -982/-1248/-969 -983/-1249/-970 
f -769/-931/-743 -770/-930/-742 -1118/-1434/-1111 -1119/-1433/-1110 
f -768/-929/-741 -769/-931/-743 -1119/-1433/-1110 -1117/-1432/-1109 
f -956/-1208/-943 -768/-928/-741 -1117/-1430/-1109 -1116/-1431/-1108 
f -1113/-1427/-1105 -767/-927/-740 -955/-1207/-942 -1114/-1428/-1106 
f -1112/-1426/-1104 -766/-926/-739 -767/-925/-740 -1113/-1425/-1105 
f -1118/-1434/-1111 -770/-930/-742 -766/-926/-739 -1112/-1426/-1104 
f -787/-963/-760 -788/-964/-761 -877/-1104/-855 
f -787/-963/-760 -877/-1104/-855 -933/-1172/-914 
f -789/-967/-762 -929/-1163/-907 -881/-1108/-859 
f -789/-967/-762 -790/-968/-763 -929/-1163/-907 
f -968/-1227/-956 -972/-1225/-961 -973/-1231/-962 -970/-1228/-957 
f -822/-1031/-800 -1164/-1494/-1159 -1165/-1491/-1156 -823/-1030/-799 
f -823/-1030/-799 -1165/-1491/-1156 -1162/-1489/-1154 -821/-1029/-798 
f -1162/-1488/-1154 -1160/-1485/-1152 -820/-1027/-797 -821/-1028/-798 
f -1160/-1485/-1152 -1158/-1484/-1151 -819/-1026/-796 -820/-1027/-797 
f -1158/-1484/-1151 -1156/-1481/-1148 -818/-1025/-795 -819/-1026/-796 
f -818/-1025/-795 -1156/-1481/-1148 -1154/-1479/-1146 -817/-1024/-794 
f -1154/-1477/-1146 -1152/-1478/-1145 -816/-1022/-793 -817/-1023/-794 
f -822/-1031/-800 -816/-1022/-793 -1152/-1478/-1145 -1164/-1494/-1159 
f -863/-1089/-841 -862/-1087/-839 -910/-1142/-888 
f -862/-1087/-839 -915/-1148/-894 -910/-1142/-888 
f -911/-1146/-892 -912/-1143/-889 -910/-1142/-888 
f -910/-1142/-888 -915/-1148/-894 -916/-1147/-893 
f -803/-924/-779 -763/-923/-738 -765/-922/-737 -764/-921/-736 
f -799/-920/-774 -760/-919/-735 -762/-918/-734 -761/-917/-733 
f -757/-916/-732 -756/-915/-731 -759/-914/-730 -758/-913/-729 
f -753/-912/-728 -752/-911/-727 -755/-910/-726 -754/-909/-725 
f -749/-908/-724 -748/-907/-723 -751/-906/-722 -750/-905/-721 
f -758/-913/-729 -759/-914/-730 -747/-904/-720 -746/-903/-719 
f -761/-917/-733 -762/-918/-734 -745/-902/-718 -744/-901/-717 
f -742/-900/-716 -755/-910/-726 -752/-911/-727 -743/-899/-715 
f -740/-898/-714 -762/-918/-734 -760/-919/-735 -741/-897/-713 
f -765/-922/-737 -751/-906/-722 -739/-896/-712 
f -759/-914/-730 -738/-895/-711 -747/-904/-720 
f -736/-894/-710 -754/-909/-725 -755/-910/-726 -737/-893/-709 
f -732/-892/-708 -735/-891/-707 -734/-890/-706 -733/-889/-705 
f -728/-888/-704 -731/-887/-703 -730/-886/-702 -729/-885/-701 
f -221/-884/-773 -799/-920/-774 -761/-917/-733 -727/-883/-700 
f -726/-882/-699 -757/-916/-732 -758/-913/-729 -149/-881/-698 
f -753/-912/-728 -725/-880/-697 -724/-879/-696 -147/-878/-695 
f -145/-877/-694 -749/-908/-724 -750/-905/-721 -146/-876/-693 
f -758/-913/-729 -746/-903/-719 -144/-875/-692 -149/-881/-698 
f -143/-874/-691 -744/-901/-717 -732/-892/-708 -723/-873/-690 
f -743/-899/-715 -752/-911/-727 -722/-872/-689 -721/-871/-688 
f -719/-870/-687 -746/-903/-719 -747/-904/-720 -720/-869/-686 
f -140/-868/-685 -733/-889/-705 -743/-899/-715 -721/-871/-688 
f -755/-910/-726 -742/-900/-716 -737/-893/-709 
f -734/-890/-706 -718/-867/-684 -737/-893/-709 -742/-900/-716 
f -745/-902/-718 -740/-898/-714 -717/-866/-683 -735/-891/-707 
f -716/-865/-682 -738/-895/-711 -759/-914/-730 -756/-915/-731 
f -715/-864/-681 -714/-863/-680 -738/-895/-711 -716/-865/-682 
f -711/-862/-679 -713/-861/-678 -712/-860/-677 -739/-896/-712 
f -719/-870/-687 -131/-859/-676 -144/-875/-692 -746/-903/-719 
f -733/-889/-705 -734/-890/-706 -742/-900/-716 -743/-899/-715 
f -730/-886/-702 -731/-887/-703 -710/-858/-675 -736/-894/-710 
f -714/-863/-680 -720/-869/-686 -747/-904/-720 -738/-895/-711 
f -733/-889/-705 -140/-868/-685 -723/-873/-690 -732/-892/-708 
f -718/-867/-684 -734/-890/-706 -735/-891/-707 -717/-866/-683 
f -748/-907/-723 -749/-908/-724 -708/-857/-674 -707/-856/-673 
f -744/-901/-717 -745/-902/-718 -735/-891/-707 -732/-892/-708 
f -729/-885/-701 -741/-897/-713 -706/-855/-672 -728/-888/-704 
f -739/-896/-712 -748/-907/-723 -707/-856/-673 -711/-862/-679 
f -749/-908/-724 -145/-877/-694 -705/-854/-671 -708/-857/-674 
f -744/-901/-717 -143/-874/-691 -727/-883/-700 -761/-917/-733 
f -745/-902/-718 -762/-918/-734 -740/-898/-714 
f -712/-860/-677 -706/-855/-672 -704/-853/-670 -764/-921/-736 
f -764/-921/-736 -704/-853/-670 -800/-852/-776 -803/-924/-779 
f -756/-915/-731 -757/-916/-732 -725/-880/-697 -703/-851/-669 
f -763/-923/-738 -803/-924/-779 -804/-850/-780 -702/-849/-668 
f -757/-916/-732 -726/-882/-699 -724/-879/-696 -725/-880/-697 
f -716/-865/-682 -756/-915/-731 -703/-851/-669 -709/-848/-667 
f -701/-847/-666 -715/-864/-681 -716/-865/-682 -709/-848/-667 
f -713/-861/-678 -728/-888/-704 -706/-855/-672 -712/-860/-677 
f -739/-896/-712 -712/-860/-677 -764/-921/-736 -765/-922/-737 
f -760/-919/-735 -799/-920/-774 -800/-852/-776 -704/-853/-670 
f -725/-880/-697 -753/-912/-728 -754/-909/-725 -703/-851/-669 
f -706/-855/-672 -741/-897/-713 -760/-919/-735 -704/-853/-670 
f -703/-851/-669 -754/-909/-725 -736/-894/-710 -709/-848/-667 
f -729/-885/-701 -730/-886/-702 -718/-867/-684 -717/-866/-683 
f -752/-911/-727 -753/-912/-728 -147/-878/-695 -722/-872/-689 
f -730/-886/-702 -736/-894/-710 -737/-893/-709 -718/-867/-684 
f -741/-897/-713 -729/-885/-701 -717/-866/-683 -740/-898/-714 
f -709/-848/-667 -710/-858/-675 -701/-847/-666 
f -750/-905/-721 -763/-923/-738 -702/-849/-668 -146/-876/-693 
f -765/-922/-737 -763/-923/-738 -750/-905/-721 -751/-906/-722 
f -751/-906/-722 -748/-907/-723 -739/-896/-712 
f -697/-846/-665 -700/-845/-664 -699/-844/-663 -698/-843/-662 
f -698/-843/-662 -699/-844/-663 -696/-842/-661 -695/-841/-660 
f -694/-840/-659 -693/-839/-658 -700/-845/-664 -697/-846/-665 
f -700/-845/-664 -693/-839/-658 -692/-838/-657 
f -695/-841/-660 -691/-837/-656 -698/-843/-662 
f -697/-846/-665 -698/-843/-662 -691/-837/-656 -690/-836/-655 
f -688/-835/-654 -697/-846/-665 -690/-836/-655 -689/-834/-653 
f -697/-846/-665 -688/-835/-654 -694/-840/-659 
f -685/-833/-652 -684/-832/-651 -687/-831/-650 -686/-830/-649 
f -686/-830/-649 -682/-829/-648 -683/-828/-647 -685/-833/-652 
f -683/-828/-647 -682/-829/-648 -681/-827/-646 -680/-826/-645 
f -679/-825/-644 -678/-824/-643 -680/-826/-645 -681/-827/-646 
f -676/-823/-642 -677/-822/-641 -678/-824/-643 -679/-825/-644 
f -677/-822/-641 -676/-823/-642 -675/-821/-640 -674/-820/-639 
f -674/-820/-639 -675/-821/-640 -673/-819/-638 -672/-818/-637 
f -673/-819/-638 -687/-831/-650 -684/-832/-651 -672/-818/-637 
f -671/-817/-636 -692/-816/-657 -679/-825/-644 -681/-827/-646 
f -670/-815/-635 -675/-821/-640 -676/-823/-642 -694/-814/-659 
f -668/-813/-634 -687/-831/-650 -673/-819/-638 -669/-812/-633 
f -687/-831/-650 -667/-811/-632 -666/-810/-631 -686/-830/-649 
f -665/-809/-630 -671/-817/-636 -681/-827/-646 -682/-829/-648 
f -692/-816/-657 -694/-814/-659 -676/-823/-642 -679/-825/-644 
f -675/-821/-640 -670/-815/-635 -669/-812/-633 -673/-819/-638 
f -664/-808/-629 -667/-811/-632 -687/-831/-650 
f -671/-817/-636 -665/-809/-630 -85/-807/-628 
f -83/-806/-627 -666/-810/-631 -667/-811/-632 -84/-805/-626 
f -669/-812/-633 -663/-804/-625 -662/-803/-624 
f -669/-812/-633 -670/-815/-635 -661/-802/-623 -663/-804/-625 
f -660/-801/-622 -78/-800/-621 -84/-805/-626 -667/-811/-632 
f -658/-799/-620 -664/-808/-629 -668/-813/-634 -659/-798/-619 
f -662/-803/-624 -659/-798/-619 -668/-813/-634 -669/-812/-633 
f -664/-808/-629 -687/-831/-650 -668/-813/-634 
f -660/-801/-622 -667/-811/-632 -664/-808/-629 -658/-799/-620 
f -656/-797/-618 -72/-796/-617 -75/-795/-616 -657/-794/-615 
f -654/-793/-614 -656/-797/-618 -657/-794/-615 -655/-792/-613 
f -652/-791/-612 -654/-793/-614 -655/-792/-613 -653/-790/-611 
f -652/-791/-612 -653/-790/-611 -651/-789/-610 -650/-788/-609 
f -650/-788/-609 -651/-789/-610 -662/-803/-624 -649/-787/-608 
f -662/-803/-624 -663/-804/-625 -649/-787/-608 
f -78/-800/-621 -657/-794/-615 -75/-795/-616 
f -657/-794/-615 -78/-800/-621 -660/-801/-622 -655/-792/-613 
f -660/-801/-622 -658/-799/-620 -653/-790/-611 -655/-792/-613 
f -653/-790/-611 -658/-799/-620 -659/-798/-619 -651/-789/-610 
f -651/-789/-610 -659/-798/-619 -662/-803/-624 
f -670/-815/-635 -688/-786/-654 -689/-785/-653 -661/-802/-623 
f -670/-815/-635 -694/-814/-659 -688/-786/-654 
f -694/-814/-659 -692/-816/-657 -693/-784/-658 
f -656/-797/-618 -648/-783/-607 -64/-782/-606 -72/-796/-617 
f -648/-783/-607 -647/-781/-605 -61/-780/-604 -64/-782/-606 
f -647/-781/-605 -646/-779/-603 -60/-778/-602 -61/-780/-604 
f -648/-783/-607 -656/-797/-618 -654/-793/-614 -645/-777/-601 
f -645/-777/-601 -654/-793/-614 -652/-791/-612 -644/-776/-600 
f -643/-775/-599 -644/-776/-600 -652/-791/-612 -650/-788/-609 
f -650/-788/-609 -60/-778/-602 -646/-779/-603 -643/-775/-599 
f -55/-774/-598 -60/-778/-602 -650/-788/-609 -649/-787/-608 
f -54/-773/-597 -671/-772/-636 -85/-773/-628 
f -641/-771/-596 -646/-779/-603 -647/-781/-605 -642/-770/-595 
f -648/-783/-607 -642/-770/-595 -647/-781/-605 
f -645/-777/-601 -642/-770/-595 -648/-783/-607 
f -642/-770/-595 -645/-777/-601 -644/-776/-600 -641/-771/-596 
f -643/-775/-599 -641/-771/-596 -644/-776/-600 
f -646/-779/-603 -641/-771/-596 -643/-775/-599 
f -666/-810/-631 -665/-809/-630 -682/-829/-648 -686/-830/-649 
f -83/-806/-627 -85/-807/-628 -665/-809/-630 -666/-810/-631 
f -685/-833/-652 -683/-828/-647 -640/-769/-594 
f -683/-828/-647 -680/-826/-645 -639/-768/-593 -640/-769/-594 
f -680/-826/-645 -678/-824/-643 -638/-767/-592 -639/-768/-593 
f -678/-824/-643 -677/-822/-641 -637/-766/-591 -638/-767/-592 
f -637/-766/-591 -677/-822/-641 -674/-820/-639 -636/-765/-590 
f -636/-765/-590 -674/-820/-639 -672/-818/-637 -635/-764/-589 
f -672/-818/-637 -684/-832/-651 -634/-763/-588 -635/-764/-589 
f -684/-832/-651 -633/-762/-587 -634/-763/-588 
f -633/-762/-587 -684/-832/-651 -685/-833/-652 -640/-769/-594 
f -55/-761/-598 -649/-760/-608 -708/-857/-674 -705/-854/-671 
f -649/-760/-608 -663/-759/-625 -707/-856/-673 -708/-857/-674 
f -661/-758/-623 -711/-862/-679 -707/-856/-673 -663/-759/-625 
f -691/-837/-656 -728/-888/-704 -713/-861/-678 -690/-836/-655 
f -54/-773/-597 -131/-859/-676 -719/-870/-687 -671/-772/-636 
f -671/-772/-636 -719/-870/-687 -720/-869/-686 -692/-838/-657 
f -692/-838/-657 -720/-869/-686 -714/-863/-680 -700/-845/-664 
f -700/-845/-664 -714/-863/-680 -715/-864/-681 -699/-844/-663 
f -696/-842/-661 -699/-844/-663 -715/-864/-681 -701/-847/-666 
f -696/-842/-661 -701/-847/-666 -710/-858/-675 -695/-841/-660 
f -691/-837/-656 -695/-841/-660 -731/-887/-703 -728/-888/-704 
f -731/-887/-703 -695/-841/-660 -710/-858/-675 
f -690/-836/-655 -713/-861/-678 -711/-862/-679 
f -689/-834/-653 -690/-836/-655 -711/-862/-679 -661/-758/-623 
f -638/-767/-592 -636/-765/-590 -635/-764/-589 -639/-768/-593 
f -639/-768/-593 -635/-764/-589 -634/-763/-588 -640/-769/-594 
f -633/-762/-587 -640/-769/-594 -634/-763/-588 
f -637/-766/-591 -636/-765/-590 -638/-767/-592 
f -630/-757/-586 -631/-756/-585 -632/-755/-584 -629/-754/-583 
f -627/-753/-582 -628/-1521/-1184 -625/-1522/-1185 -626/-752/-581 
f -3/-751/-580 -2/-1517/-1180 -621/-1518/-1181 -622/-750/-579 
f -6/-749/-578 -619/-748/-577 -620/-747/-576 -7/-746/-575 
f -631/-756/-585 -7/-746/-575 -620/-747/-576 -632/-755/-584 
f -616/-745/-574 -617/-744/-573 -618/-1509/-1172 -615/-1510/-1173 
f -615/-1510/-1173 -628/-1521/-1184 -627/-753/-582 -616/-745/-574 
f -612/-743/-572 -613/-742/-571 -614/-741/-570 -611/-740/-569 
f -609/-739/-568 -610/-738/-567 -607/-737/-566 -608/-736/-565 
f -629/-754/-583 -632/-755/-584 -605/-735/-564 -606/-734/-563 
f -613/-742/-571 -610/-733/-567 -606/-732/-563 -604/-731/-562 
f -602/-730/-561 -603/-729/-560 -600/-728/-559 -601/-727/-558 
f -599/-726/-557 -602/-730/-561 -601/-727/-558 -598/-725/-556 
f -597/-724/-555 -599/-723/-557 -598/-722/-556 -596/-721/-554 
f -594/-720/-553 -595/-719/-552 -597/-724/-555 -596/-721/-554 
f -593/-718/-551 -595/-719/-552 -594/-720/-553 -592/-717/-550 
f -590/-716/-549 -591/-715/-548 -593/-718/-551 -592/-717/-550 
f -588/-714/-547 -589/-713/-546 -591/-712/-548 -590/-711/-549 
f -603/-729/-560 -589/-713/-546 -588/-714/-547 -600/-728/-559 
f -585/-710/-545 -586/-709/-544 -587/-708/-543 -584/-707/-542 
f -582/-706/-541 -583/-705/-540 -587/-708/-543 -586/-709/-544 
f -580/-704/-539 -581/-703/-538 -583/-702/-540 -582/-701/-541 
f -578/-700/-537 -579/-699/-536 -581/-703/-538 -580/-704/-539 
f -576/-698/-535 -577/-697/-534 -579/-699/-536 -578/-700/-537 
f -576/-698/-535 -574/-696/-533 -575/-695/-532 -577/-697/-534 
f -573/-694/-531 -575/-693/-532 -574/-692/-533 -572/-691/-530 
f -584/-707/-542 -573/-694/-531 -572/-691/-530 -585/-710/-545 
f -569/-690/-529 -570/-689/-528 -571/-688/-527 -568/-687/-526 
f -566/-686/-525 -567/-685/-524 -571/-688/-527 -570/-689/-528 
f -564/-684/-523 -565/-683/-522 -567/-682/-524 -566/-681/-525 
f -562/-680/-521 -563/-679/-520 -565/-683/-522 -564/-684/-523 
f -562/-680/-521 -560/-678/-519 -561/-677/-518 -563/-679/-520 
f -560/-678/-519 -558/-676/-517 -559/-675/-516 -561/-677/-518 
f -558/-674/-517 -556/-673/-515 -557/-672/-514 -559/-671/-516 
f -568/-687/-526 -557/-672/-514 -556/-673/-515 -569/-690/-529 
f -554/-670/-513 -555/-669/-512 -570/-689/-528 -569/-690/-529 
f -570/-689/-528 -555/-669/-512 -553/-668/-511 -566/-686/-525 
f -566/-681/-525 -553/-667/-511 -552/-666/-510 -564/-684/-523 
f -551/-665/-509 -562/-680/-521 -564/-684/-523 -552/-666/-510 
f -551/-665/-509 -550/-664/-508 -560/-678/-519 -562/-680/-521 
f -550/-664/-508 -549/-663/-507 -558/-676/-517 -560/-678/-519 
f -549/-662/-507 -548/-661/-506 -556/-673/-515 -558/-674/-517 
f -548/-661/-506 -554/-670/-513 -569/-690/-529 -556/-673/-515 
f -622/-750/-579 -546/-660/-505 -547/-659/-504 -619/-748/-577 
f -545/-658/-503 -547/-657/-504 -546/-656/-505 -544/-655/-502 
f -617/-744/-573 -545/-658/-503 -544/-655/-502 -543/-654/-501 
f -542/-1416/-1097 -631/-756/-585 -630/-757/-586 -541/-1415/-1096 
f -540/-1413/-1094 -624/-1414/-1095 -623/-653/-500 -7/-746/-575 
f -629/-754/-583 -609/-739/-568 -539/-652/-499 -630/-757/-586 
f -538/-651/-498 -545/-658/-503 -617/-744/-573 -616/-745/-574 
f -537/-650/-497 -538/-651/-498 -616/-745/-574 -627/-753/-582 
f -536/-1409/-1090 -618/-1509/-1172 -617/-744/-573 -543/-654/-501 
f -533/-649/-496 -534/-648/-495 -535/-647/-494 -532/-646/-493 
f -530/-645/-492 -531/-644/-491 -534/-648/-495 -533/-649/-496 
f -530/-645/-492 -528/-643/-490 -529/-642/-489 -531/-644/-491 
f -526/-641/-488 -527/-640/-487 -529/-642/-489 -528/-643/-490 
f -525/-639/-486 -527/-640/-487 -526/-641/-488 -524/-638/-485 
f -521/-637/-484 -522/-636/-483 -523/-635/-482 -520/-634/-481 
f -517/-633/-480 -518/-632/-479 -519/-631/-478 -516/-630/-477 
f -513/-629/-476 -514/-628/-475 -515/-627/-474 -512/-626/-473 
f -515/-627/-474 -510/-625/-472 -511/-624/-471 -512/-626/-473 
f -510/-625/-472 -508/-623/-470 -509/-622/-469 -511/-624/-471 
f -508/-623/-470 -506/-621/-468 -507/-620/-467 -509/-622/-469 
f -504/-619/-466 -505/-618/-465 -502/-617/-464 -503/-616/-463 
f -501/-615/-462 -523/-635/-482 -522/-636/-483 -500/-614/-461 
f -498/-613/-460 -499/-612/-459 -521/-637/-484 -520/-634/-481 
f -512/-626/-473 -528/-643/-490 -530/-645/-492 -513/-629/-476 
f -511/-624/-471 -526/-641/-488 -528/-643/-490 -512/-626/-473 
f -524/-638/-485 -526/-641/-488 -511/-624/-471 -509/-622/-469 
f -495/-611/-458 -496/-610/-457 -497/-609/-456 -494/-608/-455 
f -516/-630/-477 -519/-631/-478 -514/-628/-475 -513/-629/-476 
f -533/-649/-496 -516/-630/-477 -513/-629/-476 -530/-645/-492 
f -532/-646/-493 -517/-633/-480 -516/-630/-477 -533/-649/-496 
f -493/-607/-454 -518/-632/-479 -517/-633/-480 -492/-606/-453 
f -490/-605/-452 -491/-604/-451 -488/-603/-450 -489/-602/-449 
f -485/-601/-448 -486/-600/-447 -487/-599/-446 -484/-598/-445 
f -483/-597/-444 -519/-631/-478 -518/-632/-479 -482/-596/-443 
f -481/-595/-442 -506/-621/-468 -519/-594/-478 -483/-593/-444 
f -480/-592/-441 -506/-621/-468 -481/-595/-442 -479/-591/-440 
f -482/-590/-443 -518/-589/-479 -480/-592/-441 -479/-591/-440 
f -506/-621/-468 -508/-623/-470 -477/-588/-439 -478/-587/-438 
f -519/-594/-478 -506/-621/-468 -478/-587/-438 -476/-586/-437 
f -475/-585/-436 -514/-628/-475 -519/-631/-478 -476/-584/-437 
f -477/-588/-439 -508/-623/-470 -514/-583/-475 -475/-582/-436 
f -474/-581/-435 -518/-632/-479 -493/-607/-454 -473/-580/-434 
f -472/-579/-433 -480/-592/-441 -518/-589/-479 -474/-578/-435 
f -471/-577/-432 -480/-592/-441 -472/-579/-433 -470/-576/-431 
f -493/-607/-454 -471/-575/-432 -470/-574/-431 -473/-580/-434 
f -510/-625/-472 -515/-627/-474 -468/-573/-430 -469/-572/-429 
f -508/-623/-470 -510/-625/-472 -469/-572/-429 -467/-571/-428 
f -466/-570/-427 -514/-583/-475 -508/-623/-470 -467/-571/-428 
f -468/-573/-430 -515/-627/-474 -514/-628/-475 -466/-569/-427 
f -464/-568/-426 -465/-567/-425 -462/-566/-424 -463/-565/-423 
f -460/-564/-422 -461/-563/-421 -465/-562/-425 -464/-561/-426 
f -459/-560/-420 -461/-563/-421 -460/-564/-422 -458/-559/-419 
f -463/-558/-423 -462/-557/-424 -459/-560/-420 -458/-559/-419 
f -456/-556/-418 -457/-555/-417 -454/-554/-416 -455/-553/-415 
f -453/-552/-414 -456/-556/-418 -455/-553/-415 -452/-551/-413 
f -450/-550/-412 -451/-549/-411 -453/-548/-414 -452/-547/-413 
f -454/-554/-416 -457/-555/-417 -451/-546/-411 -450/-545/-412 
f -447/-544/-410 -448/-543/-409 -449/-542/-408 -446/-541/-407 
f -489/-540/-449 -445/-539/-406 -444/-538/-405 -490/-537/-452 
f -489/-540/-449 -488/-536/-450 -443/-535/-404 -445/-539/-406 
f -442/-534/-403 -448/-543/-409 -447/-544/-410 -441/-533/-402 
f -439/-532/-401 -440/-531/-400 -437/-530/-399 -438/-529/-398 
f -438/-529/-398 -435/-528/-397 -436/-527/-396 -439/-532/-401 
f -433/-526/-395 -434/-525/-394 -436/-527/-396 -435/-528/-397 
f -437/-530/-399 -440/-531/-400 -434/-524/-394 -433/-523/-395 
f -504/-619/-466 -432/-522/-393 -431/-521/-392 -505/-618/-465 
f -503/-520/-463 -430/-519/-391 -432/-518/-393 -504/-517/-466 
f -503/-520/-463 -502/-516/-464 -429/-515/-390 -430/-519/-391 
f -429/-515/-390 -502/-516/-464 -505/-514/-465 -431/-513/-392 
f -494/-512/-455 -497/-511/-456 -427/-510/-389 -428/-509/-388 
f -497/-511/-456 -496/-508/-457 -426/-507/-387 -427/-510/-389 
f -495/-611/-458 -425/-506/-386 -426/-505/-387 -496/-610/-457 
f -494/-512/-455 -428/-509/-388 -425/-504/-386 -495/-503/-458 
f -487/-599/-446 -486/-502/-447 -423/-501/-385 -424/-500/-384 
f -486/-502/-447 -485/-499/-448 -422/-498/-383 -423/-501/-385 
f -422/-498/-383 -485/-499/-448 -484/-497/-445 -421/-496/-382 
f -487/-599/-446 -424/-500/-384 -421/-495/-382 -484/-598/-445 
f -420/-494/-381 -523/-635/-482 -535/-647/-494 -419/-493/-380 
f -419/-493/-380 -535/-647/-494 -534/-648/-495 -418/-492/-379 
f -418/-492/-379 -534/-648/-495 -531/-644/-491 -417/-491/-378 
f -529/-642/-489 -416/-490/-377 -417/-491/-378 -531/-644/-491 
f -527/-640/-487 -415/-489/-376 -416/-490/-377 -529/-642/-489 
f -527/-640/-487 -525/-639/-486 -414/-488/-375 -415/-489/-376 
f -414/-488/-375 -525/-639/-486 -520/-487/-481 -413/-486/-374 
f -520/-634/-481 -523/-635/-482 -420/-494/-381 -413/-485/-374 
f -499/-484/-459 -500/-483/-461 -412/-482/-373 -411/-481/-372 
f -521/-637/-484 -499/-612/-459 -411/-480/-372 -410/-479/-371 
f -522/-636/-483 -521/-637/-484 -410/-479/-371 -409/-478/-370 
f -500/-614/-461 -522/-636/-483 -409/-478/-370 -412/-477/-373 
f -406/-476/-369 -407/-475/-368 -408/-474/-367 -405/-473/-366 
f -404/-472/-365 -407/-471/-368 -406/-470/-369 -403/-469/-364 
f -401/-468/-363 -402/-467/-362 -404/-472/-365 -403/-469/-364 
f -405/-466/-366 -408/-465/-367 -402/-467/-362 -401/-468/-363 
f -532/-646/-493 -535/-647/-494 -523/-635/-482 -501/-615/-462 
f -501/-615/-462 -492/-606/-453 -517/-633/-480 -532/-646/-493 
f -500/-614/-461 -400/-464/-361 -492/-606/-453 -501/-615/-462 
f -399/-463/-360 -400/-462/-361 -500/-483/-461 -499/-484/-459 
f -471/-575/-432 -493/-607/-454 -492/-606/-453 -400/-464/-361 
f -399/-463/-360 -480/-592/-441 -471/-577/-432 -400/-462/-361 
f -506/-621/-468 -480/-592/-441 -399/-463/-360 -507/-620/-467 
f -507/-620/-467 -399/-463/-360 -499/-484/-459 -498/-461/-460 
f -498/-461/-460 -524/-638/-485 -509/-622/-469 -507/-620/-467 
f -520/-487/-481 -525/-639/-486 -524/-638/-485 -498/-461/-460 
f -397/-460/-359 -398/-459/-358 -586/-709/-544 -585/-710/-545 
f -398/-459/-358 -396/-458/-357 -582/-706/-541 -586/-709/-544 
f -582/-701/-541 -396/-457/-357 -395/-456/-356 -580/-704/-539 
f -394/-455/-355 -578/-700/-537 -580/-704/-539 -395/-456/-356 
f -394/-455/-355 -393/-454/-354 -576/-698/-535 -578/-700/-537 
f -393/-454/-354 -392/-453/-353 -574/-696/-533 -576/-698/-535 
f -574/-692/-533 -392/-452/-353 -391/-451/-352 -572/-691/-530 
f -391/-451/-352 -397/-460/-359 -585/-710/-545 -572/-691/-530 
f -390/-450/-351 -551/-665/-509 -552/-666/-510 -389/-449/-350 
f -388/-448/-349 -550/-664/-508 -551/-665/-509 -390/-450/-351 
f -602/-730/-561 -545/-658/-503 -538/-651/-498 -603/-729/-560 
f -602/-730/-561 -599/-726/-557 -547/-657/-504 -545/-658/-503 
f -599/-723/-557 -597/-724/-555 -619/-748/-577 -547/-659/-504 
f -597/-724/-555 -595/-719/-552 -620/-747/-576 -619/-748/-577 
f -595/-719/-552 -593/-718/-551 -632/-755/-584 -620/-747/-576 
f -593/-718/-551 -591/-715/-548 -605/-735/-564 -632/-755/-584 
f -605/-447/-564 -591/-712/-548 -589/-713/-546 -537/-650/-497 
f -603/-729/-560 -538/-651/-498 -537/-650/-497 -589/-713/-546 
f -627/-753/-582 -626/-752/-581 -604/-731/-562 -537/-650/-497 
f -386/-1202/-938 -387/-446/-348 -384/-445/-347 -385/-1201/-937 
f -611/-740/-569 -382/-444/-346 -383/-443/-345 -612/-743/-572 
f -612/-743/-572 -383/-443/-345 -381/-442/-344 -607/-441/-566 
f -608/-736/-565 -607/-737/-566 -381/-440/-344 -380/-439/-343 
f -387/-446/-348 -608/-736/-565 -380/-439/-343 -384/-445/-347 
f -378/-438/-342 -382/-444/-346 -379/-437/-341 -377/-436/-340 
f -374/-1191/-929 -375/-435/-339 -376/-1189/-338 -373/-1190/-928 
f -373/-1187/-928 -376/-434/-338 -379/-437/-341 -372/-1186/-925 
f -371/-433/-337 -383/-443/-345 -382/-444/-346 -378/-438/-342 
f -371/-433/-337 -370/-432/-336 -381/-442/-344 -383/-443/-345 
f -370/-431/-336 -369/-430/-335 -380/-439/-343 -381/-440/-344 
f -375/-435/-339 -384/-445/-347 -380/-439/-343 -369/-430/-335 
f -366/-429/-334 -367/-1179/-333 -376/-1189/-338 -375/-435/-339 
f -367/-428/-333 -377/-436/-340 -379/-437/-341 -376/-434/-338 
f -606/-732/-563 -605/-447/-564 -537/-650/-497 -604/-731/-562 
f -222/-427/-332 -622/-750/-579 -621/-1518/-1181 -365/-1176/-918 
f -364/-1175/-917 -539/-652/-499 -387/-446/-348 -386/-1202/-938 
f -613/-742/-571 -604/-731/-562 -626/-752/-581 -614/-741/-570 
f -629/-754/-583 -606/-734/-563 -610/-738/-567 -609/-739/-568 
f -612/-743/-572 -607/-441/-566 -610/-733/-567 -613/-742/-571 
f -608/-736/-565 -387/-446/-348 -539/-652/-499 -609/-739/-568 
f -363/-1174/-916 -611/-740/-569 -614/-741/-570 -362/-1173/-915 
f -360/-426/-331 -361/-425/-330 -358/-424/-329 -359/-423/-328 
f -359/-423/-328 -356/-422/-327 -357/-421/-326 -360/-426/-331 
f -356/-420/-327 -354/-419/-325 -355/-418/-324 -357/-417/-326 
f -354/-419/-325 -352/-416/-323 -353/-415/-322 -355/-418/-324 
f -358/-424/-329 -361/-425/-330 -351/-414/-321 -350/-413/-320 
f -348/-412/-319 -349/-411/-318 -346/-410/-317 -347/-409/-316 
f -346/-410/-317 -349/-411/-318 -353/-415/-322 -352/-416/-323 
f -350/-413/-320 -351/-414/-321 -348/-408/-319 -347/-407/-316 
f -344/-406/-315 -345/-405/-314 -342/-404/-313 -343/-403/-312 
f -340/-402/-311 -341/-401/-310 -345/-405/-314 -344/-406/-315 
f -338/-400/-309 -339/-399/-308 -336/-398/-307 -337/-397/-306 
f -336/-398/-307 -341/-401/-310 -335/-396/-305 
f -333/-395/-304 -334/-394/-303 -339/-393/-308 -338/-392/-309 
f -330/-391/-302 -331/-390/-301 -332/-389/-300 -329/-388/-299 
f -331/-390/-301 -327/-387/-298 -328/-386/-297 -332/-389/-300 
f -325/-385/-296 -326/-384/-295 -328/-386/-297 -327/-387/-298 
f -326/-384/-295 -325/-385/-296 -324/-383/-294 -323/-382/-293 
f -321/-381/-292 -322/-380/-291 -330/-391/-302 -329/-388/-299 
f -318/-379/-290 -319/-378/-289 -320/-377/-288 -317/-376/-287 
f -323/-382/-293 -324/-383/-294 -318/-379/-290 -317/-376/-287 
f -320/-375/-288 -319/-374/-289 -322/-380/-291 -321/-381/-292 
f -314/-373/-286 -315/-372/-285 -316/-371/-284 -313/-370/-283 
f -342/-404/-313 -316/-371/-284 -315/-372/-285 -343/-403/-312 
f -314/-373/-286 -313/-370/-283 -334/-394/-303 -333/-395/-304 
f -360/-426/-331 -357/-421/-326 -312/-369/-282 -311/-368/-281 
f -310/-367/-280 -312/-366/-282 -357/-417/-326 -355/-418/-324 
f -355/-418/-324 -353/-415/-322 -309/-365/-279 -310/-367/-280 
f -349/-411/-318 -308/-364/-278 -309/-365/-279 -353/-415/-322 
f -358/-424/-329 -307/-363/-277 -359/-423/-328 
f -306/-362/-276 -304/-361/-275 -305/-360/-274 
f -306/-362/-276 -303/-359/-273 -352/-416/-323 -354/-419/-325 
f -350/-413/-320 -301/-358/-272 -302/-357/-271 -358/-424/-329 
f -299/-356/-270 -300/-355/-269 -347/-409/-316 -346/-410/-317 
f -303/-359/-273 -299/-356/-270 -346/-410/-317 -352/-416/-323 
f -347/-407/-316 -300/-354/-269 -301/-358/-272 -350/-413/-320 
f -297/-353/-268 -298/-352/-267 -295/-351/-266 -296/-350/-265 
f -293/-349/-264 -294/-348/-263 -291/-347/-262 -292/-346/-261 
f -294/-348/-263 -289/-345/-260 -290/-344/-259 -291/-347/-262 
f -288/-343/-258 -337/-397/-306 -335/-396/-305 
f -287/-342/-257 -340/-402/-311 -344/-406/-315 -286/-341/-256 
f -344/-406/-315 -285/-340/-255 -286/-341/-256 
f -284/-339/-254 -338/-392/-309 -283/-338/-253 
f -288/-343/-258 -283/-337/-253 -338/-400/-309 -337/-397/-306 
f -324/-383/-294 -341/-401/-310 -336/-398/-307 -318/-379/-290 
f -282/-336/-252 -311/-368/-281 -280/-335/-251 -281/-334/-250 
f -278/-333/-249 -279/-332/-248 -281/-334/-250 -280/-335/-251 
f -311/-368/-281 -312/-369/-282 -277/-331/-247 -280/-335/-251 
f -276/-330/-246 -278/-333/-249 -280/-335/-251 -277/-331/-247 
f -312/-366/-282 -310/-367/-280 -275/-329/-245 -277/-328/-247 
f -274/-327/-244 -276/-326/-246 -277/-328/-247 -275/-329/-245 
f -310/-367/-280 -309/-365/-279 -273/-325/-243 -275/-329/-245 
f -272/-324/-242 -274/-327/-244 -275/-329/-245 -273/-325/-243 
f -270/-323/-241 -271/-322/-240 -282/-336/-252 -281/-334/-250 
f -281/-334/-250 -279/-332/-248 -269/-321/-239 -270/-323/-241 
f -267/-320/-238 -308/-364/-278 -268/-319/-237 -266/-318/-236 
f -266/-318/-236 -264/-317/-235 -265/-316/-234 -267/-320/-238 
f -308/-364/-278 -267/-320/-238 -273/-325/-243 -309/-365/-279 
f -265/-316/-234 -272/-324/-242 -273/-325/-243 -267/-320/-238 
f -266/-315/-236 -268/-314/-237 -271/-322/-240 -270/-323/-241 
f -270/-323/-241 -269/-321/-239 -264/-313/-235 -266/-315/-236 
f -378/-438/-342 -279/-332/-248 -278/-333/-249 -371/-433/-337 
f -371/-433/-337 -278/-333/-249 -276/-330/-246 -370/-432/-336 
f -276/-326/-246 -274/-327/-244 -369/-430/-335 -370/-431/-336 
f -274/-327/-244 -272/-324/-242 -368/-312/-233 -369/-430/-335 
f -377/-436/-340 -269/-321/-239 -279/-332/-248 -378/-438/-342 
f -265/-316/-234 -264/-317/-235 -367/-1179/-333 -366/-429/-334 
f -368/-312/-233 -272/-324/-242 -265/-316/-234 -366/-429/-334 
f -269/-321/-239 -377/-436/-340 -367/-428/-333 -264/-313/-235 
f -283/-311/-253 -288/-310/-258 -287/-309/-257 -286/-308/-256 
f -284/-307/-254 -283/-311/-253 -286/-308/-256 -285/-306/-255 
f -262/-305/-232 -263/-304/-231 -298/-303/-267 -292/-302/-261 
f -290/-344/-259 -289/-345/-260 -260/-301/-230 -261/-300/-229 
f -296/-350/-265 -295/-351/-266 -261/-300/-229 -260/-301/-230 
f -297/-299/-268 -259/-298/-228 -298/-303/-267 
f -292/-302/-261 -298/-303/-267 -259/-298/-228 -258/-297/-227 
f -292/-302/-261 -258/-297/-227 -293/-296/-264 
f -255/-295/-226 -256/-294/-225 -257/-293/-224 -302/-357/-271 
f -253/-292/-223 -254/-291/-222 -306/-362/-276 -305/-360/-274 
f -254/-291/-222 -252/-290/-221 -303/-359/-273 -306/-362/-276 
f -255/-295/-226 -302/-357/-271 -301/-358/-272 -251/-289/-220 
f -250/-288/-219 -300/-355/-269 -299/-356/-270 -249/-287/-218 
f -249/-287/-218 -299/-356/-270 -303/-359/-273 -252/-290/-221 
f -251/-289/-220 -301/-358/-272 -300/-354/-269 -250/-286/-219 
f -584/-707/-542 -587/-708/-543 -248/-285/-217 -247/-284/-216 
f -587/-708/-543 -583/-705/-540 -246/-283/-215 -248/-285/-217 
f -581/-703/-538 -245/-282/-214 -246/-281/-215 -583/-702/-540 
f -579/-699/-536 -244/-280/-213 -245/-282/-214 -581/-703/-538 
f -577/-697/-534 -243/-279/-212 -244/-280/-213 -579/-699/-536 
f -575/-695/-532 -242/-278/-211 -243/-279/-212 -577/-697/-534 
f -575/-693/-532 -573/-694/-531 -241/-277/-210 -242/-276/-211 
f -573/-694/-531 -584/-707/-542 -247/-284/-216 -241/-277/-210 
f -397/-460/-359 -568/-687/-526 -571/-688/-527 -398/-459/-358 
f -398/-459/-358 -571/-688/-527 -567/-685/-524 -396/-458/-357 
f -396/-457/-357 -567/-682/-524 -565/-683/-522 -395/-456/-356 
f -395/-456/-356 -565/-683/-522 -563/-679/-520 -394/-455/-355 
f -393/-454/-354 -394/-455/-355 -563/-679/-520 -561/-677/-518 
f -392/-453/-353 -393/-454/-354 -561/-677/-518 -559/-675/-516 
f -391/-451/-352 -392/-452/-353 -559/-671/-516 -557/-672/-514 
f -397/-460/-359 -391/-451/-352 -557/-672/-514 -568/-687/-526 
f -240/-1021/-792 -372/-1186/-925 -379/-437/-341 -382/-444/-346 
f -488/-603/-450 -491/-604/-451 -239/-275/-209 -443/-274/-404 
f -441/-273/-402 -237/-272/-208 -238/-271/-207 -442/-270/-403 
f -446/-269/-407 -449/-268/-408 -238/-271/-207 -237/-272/-208 
f -239/-275/-209 -491/-604/-451 -490/-605/-452 -444/-267/-405 
f -236/-266/-206 -297/-353/-268 -296/-350/-265 -235/-265/-205 
f -294/-348/-263 -293/-349/-264 -233/-264/-204 -234/-263/-203 
f -289/-345/-260 -294/-348/-263 -234/-263/-203 -232/-262/-202 
f -231/-261/-201 -260/-301/-230 -289/-345/-260 -232/-262/-202 
f -235/-265/-205 -296/-350/-265 -260/-301/-230 -231/-261/-201 
f -230/-260/-200 -232/-262/-202 -234/-263/-203 -233/-264/-204 
f -231/-261/-201 -232/-262/-202 -230/-260/-200 -229/-259/-199 
f -235/-265/-205 -231/-261/-201 -229/-259/-199 -236/-266/-206 
f -258/-297/-227 -230/-258/-200 -233/-257/-204 -293/-296/-264 
f -229/-256/-199 -230/-258/-200 -258/-297/-227 -259/-298/-228 
f -236/-255/-206 -229/-256/-199 -259/-298/-228 -297/-299/-268 
f -804/-999/-780 -227/-996/-777 -228/-254/-198 -226/-253/-197 
f -228/-254/-198 -225/-252/-196 -224/-251/-195 -226/-253/-197 
f -222/-427/-332 -223/-250/-194 -224/-249/-195 -225/-248/-196 
f -365/-1176/-918 -221/-990/-773 -223/-250/-194 -222/-427/-332 
f -225/-248/-196 -546/-660/-505 -622/-750/-579 -222/-427/-332 
f -544/-655/-502 -546/-656/-505 -225/-252/-196 -228/-254/-198 
f -228/-254/-198 -543/-654/-501 -544/-655/-502 
f -227/-996/-777 -536/-1409/-1090 -543/-654/-501 -228/-254/-198 
f -465/-567/-425 -483/-597/-444 -482/-596/-443 -462/-566/-424 
f -461/-563/-421 -481/-595/-442 -483/-593/-444 -465/-562/-425 
f -479/-591/-440 -481/-595/-442 -461/-563/-421 -459/-560/-420 
f -462/-557/-424 -482/-590/-443 -479/-591/-440 -459/-560/-420 
f -457/-555/-417 -456/-556/-418 -478/-587/-438 -477/-588/-439 
f -476/-586/-437 -478/-587/-438 -456/-556/-418 -453/-552/-414 
f -451/-549/-411 -475/-585/-436 -476/-584/-437 -453/-548/-414 
f -475/-582/-436 -451/-546/-411 -457/-555/-417 -477/-588/-439 
f -446/-541/-407 -474/-581/-435 -473/-580/-434 -447/-544/-410 
f -237/-272/-208 -472/-579/-433 -474/-578/-435 -446/-269/-407 
f -470/-576/-431 -472/-579/-433 -237/-272/-208 -441/-273/-402 
f -473/-580/-434 -470/-574/-431 -441/-533/-402 -447/-544/-410 
f -469/-572/-429 -468/-573/-430 -440/-531/-400 -439/-532/-401 
f -467/-571/-428 -469/-572/-429 -439/-532/-401 -436/-527/-396 
f -434/-525/-394 -466/-570/-427 -467/-571/-428 -436/-527/-396 
f -468/-573/-430 -466/-569/-427 -434/-524/-394 -440/-531/-400 
f -432/-522/-393 -464/-568/-426 -463/-565/-423 -431/-521/-392 
f -430/-519/-391 -460/-564/-422 -464/-561/-426 -432/-518/-393 
f -458/-559/-419 -460/-564/-422 -430/-519/-391 -429/-515/-390 
f -431/-513/-392 -463/-558/-423 -458/-559/-419 -429/-515/-390 
f -455/-553/-415 -454/-554/-416 -428/-509/-388 -427/-510/-389 
f -452/-551/-413 -455/-553/-415 -427/-510/-389 -426/-507/-387 
f -425/-506/-386 -450/-550/-412 -452/-547/-413 -426/-505/-387 
f -428/-509/-388 -454/-554/-416 -450/-545/-412 -425/-504/-386 
f -444/-267/-405 -449/-542/-408 -448/-543/-409 -239/-275/-209 
f -449/-268/-408 -444/-538/-405 -445/-539/-406 -238/-271/-207 
f -445/-539/-406 -443/-535/-404 -442/-270/-403 -238/-271/-207 
f -448/-543/-409 -442/-534/-403 -443/-274/-404 -239/-275/-209 
f -438/-529/-398 -437/-530/-399 -424/-500/-384 -423/-501/-385 
f -435/-528/-397 -438/-529/-398 -423/-501/-385 -422/-498/-383 
f -421/-496/-382 -433/-526/-395 -435/-528/-397 -422/-498/-383 
f -424/-500/-384 -437/-530/-399 -433/-523/-395 -421/-495/-382 
f -407/-475/-368 -411/-481/-372 -412/-482/-373 -408/-474/-367 
f -410/-479/-371 -411/-480/-372 -407/-471/-368 -404/-472/-365 
f -402/-467/-362 -409/-478/-370 -410/-479/-371 -404/-472/-365 
f -408/-465/-367 -412/-477/-373 -409/-478/-370 -402/-467/-362 
f -630/-757/-586 -539/-652/-499 -364/-1175/-917 -541/-1415/-1096 
f -8/-989/-772 -7/-746/-575 -631/-756/-585 -542/-1416/-1097 
f -625/-1522/-1185 -362/-1173/-915 -614/-741/-570 -626/-752/-581 
f -363/-1174/-916 -240/-1021/-792 -382/-444/-346 -611/-740/-569 
f -375/-435/-339 -374/-1191/-929 -385/-1201/-937 -384/-445/-347 
f -220/-247/-193 -256/-246/-225 -255/-245/-226 -219/-244/-192 
f -218/-243/-191 -253/-242/-223 -256/-246/-225 -220/-247/-193 
f -218/-243/-191 -217/-241/-190 -254/-240/-222 -253/-242/-223 
f -217/-241/-190 -216/-239/-189 -252/-238/-221 -254/-240/-222 
f -215/-237/-188 -219/-244/-192 -255/-245/-226 -251/-236/-220 
f -214/-235/-187 -250/-234/-219 -249/-233/-218 -213/-232/-186 
f -213/-232/-186 -249/-233/-218 -252/-238/-221 -216/-239/-189 
f -214/-231/-187 -215/-237/-188 -251/-236/-220 -250/-230/-219 
f -262/-229/-232 -333/-395/-304 -338/-392/-309 -284/-339/-254 
f -263/-304/-231 -262/-305/-232 -284/-307/-254 -285/-306/-255 
f -263/-228/-231 -285/-340/-255 -344/-406/-315 -343/-403/-312 
f -325/-385/-296 -345/-405/-314 -341/-401/-310 -324/-383/-294 
f -336/-398/-307 -339/-399/-308 -319/-378/-289 -318/-379/-290 
f -313/-370/-283 -316/-371/-284 -331/-390/-301 -330/-391/-302 
f -316/-371/-284 -342/-404/-313 -327/-387/-298 -331/-390/-301 
f -322/-380/-291 -334/-394/-303 -313/-370/-283 -330/-391/-302 
f -334/-394/-303 -322/-380/-291 -319/-374/-289 -339/-393/-308 
f -325/-385/-296 -327/-387/-298 -342/-404/-313 -345/-405/-314 
f -291/-347/-262 -290/-344/-259 -314/-373/-286 -333/-395/-304 
f -291/-347/-262 -333/-395/-304 -262/-229/-232 -292/-346/-261 
f -343/-403/-312 -295/-351/-266 -298/-352/-267 -263/-228/-231 
f -315/-372/-285 -314/-373/-286 -290/-344/-259 -261/-300/-229 
f -315/-372/-285 -261/-300/-229 -295/-351/-266 -343/-403/-312 
f -217/-241/-190 -218/-243/-191 -328/-386/-297 -326/-384/-295 
f -218/-243/-191 -220/-247/-193 -332/-389/-300 -328/-386/-297 
f -220/-247/-193 -219/-244/-192 -329/-388/-299 -332/-389/-300 
f -215/-237/-188 -214/-231/-187 -320/-375/-288 -321/-381/-292 
f -323/-382/-293 -216/-239/-189 -217/-241/-190 -326/-384/-295 
f -317/-376/-287 -213/-232/-186 -216/-239/-189 -323/-382/-293 
f -214/-235/-187 -213/-232/-186 -317/-376/-287 -320/-377/-288 
f -219/-244/-192 -215/-237/-188 -321/-381/-292 -329/-388/-299 
f -311/-368/-281 -282/-336/-252 -361/-425/-330 -360/-426/-331 
f -271/-322/-240 -351/-414/-321 -361/-425/-330 -282/-336/-252 
f -308/-364/-278 -349/-411/-318 -348/-412/-319 -268/-319/-237 
f -268/-314/-237 -348/-408/-319 -351/-414/-321 -271/-322/-240 
f -212/-227/-185 -354/-419/-325 -356/-420/-327 
f -304/-361/-275 -306/-362/-276 -211/-226/-184 
f -305/-225/-274 -257/-293/-224 -256/-294/-225 -253/-224/-223 
f -210/-223/-183 -302/-357/-271 -257/-293/-224 
f -307/-363/-277 -358/-424/-329 -209/-222/-182 
f -211/-226/-184 -212/-227/-185 -207/-221/-181 -208/-220/-180 
f -356/-420/-327 -359/-219/-328 -205/-218/-179 -206/-217/-178 
f -207/-221/-181 -212/-227/-185 -356/-420/-327 -206/-217/-178 
f -204/-216/-177 -209/-215/-182 -210/-214/-183 -203/-213/-176 
f -359/-219/-328 -307/-212/-277 -202/-211/-175 -205/-218/-179 
f -203/-213/-176 -210/-214/-183 -257/-210/-224 -201/-209/-174 
f -201/-209/-174 -257/-210/-224 -305/-360/-274 -200/-208/-173 
f -305/-360/-274 -304/-361/-275 -199/-207/-172 -200/-208/-173 
f -205/-218/-179 -198/-206/-171 -197/-205/-170 -206/-217/-178 
f -202/-211/-175 -198/-206/-171 -205/-218/-179 
f -197/-205/-170 -207/-221/-181 -206/-217/-178 
f -199/-207/-172 -196/-204/-169 -200/-208/-173 
f -201/-209/-174 -200/-208/-173 -196/-204/-169 -195/-203/-168 
f -195/-203/-168 -203/-213/-176 -201/-209/-174 
f -194/-202/-167 -208/-220/-180 -207/-221/-181 -197/-205/-170 
f -193/-201/-166 -194/-202/-167 -197/-205/-170 -198/-206/-171 
f -193/-201/-166 -198/-206/-171 -202/-211/-175 -204/-216/-177 
f -304/-361/-275 -211/-226/-184 -208/-220/-180 -199/-207/-172 
f -202/-211/-175 -307/-212/-277 -209/-215/-182 -204/-216/-177 
f -196/-204/-169 -199/-207/-172 -208/-220/-180 -194/-202/-167 
f -195/-203/-168 -196/-204/-169 -194/-202/-167 -193/-201/-166 
f -203/-213/-176 -195/-203/-168 -193/-201/-166 -204/-216/-177 
f -191/-200/-165 -192/-199/-164 -420/-494/-381 -419/-493/-380 
f -190/-198/-163 -191/-200/-165 -419/-493/-380 -418/-492/-379 
f -190/-198/-163 -418/-492/-379 -417/-491/-378 -389/-197/-350 
f -189/-196/-162 -388/-195/-349 -415/-489/-376 -414/-488/-375 
f -189/-196/-162 -414/-488/-375 -413/-486/-374 -188/-194/-161 
f -188/-193/-161 -413/-485/-374 -420/-494/-381 -192/-192/-164 
f -416/-490/-377 -390/-191/-351 -389/-197/-350 -417/-491/-378 
f -416/-490/-377 -415/-489/-376 -388/-195/-349 -390/-191/-351 
f -554/-670/-513 -192/-190/-164 -191/-189/-165 -555/-669/-512 
f -555/-669/-512 -191/-189/-165 -190/-188/-163 -553/-668/-511 
f -553/-667/-511 -190/-187/-163 -389/-449/-350 -552/-666/-510 
f -549/-663/-507 -550/-664/-508 -388/-448/-349 -189/-186/-162 
f -548/-661/-506 -549/-662/-507 -189/-185/-162 -188/-184/-161 
f -554/-670/-513 -548/-661/-506 -188/-184/-161 -192/-190/-164 
f -209/-222/-182 -302/-357/-271 -210/-223/-183 
f -209/-222/-182 -358/-424/-329 -302/-357/-271 
f -211/-226/-184 -306/-362/-276 -354/-419/-325 
f -211/-226/-184 -354/-419/-325 -212/-227/-185 
f -406/-470/-369 -405/-466/-366 -401/-468/-363 -403/-469/-364 
f -247/-284/-216 -248/-285/-217 -601/-727/-558 -600/-728/-559 
f -248/-285/-217 -246/-283/-215 -598/-725/-556 -601/-727/-558 
f -245/-282/-214 -596/-721/-554 -598/-722/-556 -246/-281/-215 
f -244/-280/-213 -594/-720/-553 -596/-721/-554 -245/-282/-214 
f -243/-279/-212 -592/-717/-550 -594/-720/-553 -244/-280/-213 
f -243/-279/-212 -242/-278/-211 -590/-716/-549 -592/-717/-550 
f -588/-714/-547 -590/-711/-549 -242/-276/-211 -241/-277/-210 
f -241/-277/-210 -247/-284/-216 -600/-728/-559 -588/-714/-547 
f -288/-343/-258 -335/-396/-305 -287/-342/-257 
f -287/-342/-257 -335/-396/-305 -340/-402/-311 
f -336/-398/-307 -335/-396/-305 -337/-397/-306 
f -335/-396/-305 -341/-401/-310 -340/-402/-311 
f -226/-183/-197 -186/-182/-160 -187/-181/-159 -185/-180/-158 
f -223/-179/-194 -183/-178/-157 -184/-177/-156 -182/-176/-155 
f -179/-175/-154 -180/-174/-153 -181/-173/-152 -178/-172/-151 
f -175/-171/-150 -176/-170/-149 -177/-169/-148 -174/-168/-147 
f -171/-167/-146 -172/-166/-145 -173/-165/-144 -170/-164/-143 
f -169/-163/-142 -181/-173/-152 -180/-174/-153 -168/-162/-141 
f -167/-161/-140 -184/-177/-156 -183/-178/-157 -166/-160/-139 
f -174/-168/-147 -177/-169/-148 -164/-159/-138 -165/-158/-137 
f -182/-176/-155 -184/-177/-156 -162/-157/-136 -163/-156/-135 
f -187/-181/-159 -161/-155/-134 -173/-165/-144 
f -181/-173/-152 -169/-163/-142 -160/-154/-133 
f -158/-153/-132 -159/-152/-131 -177/-169/-148 -176/-170/-149 
f -156/-151/-130 -157/-150/-129 -154/-149/-128 -155/-148/-127 
f -152/-147/-126 -153/-146/-125 -150/-145/-124 -151/-144/-123 
f -221/-143/-773 -727/-142/-700 -183/-178/-157 -223/-179/-194 
f -726/-882/-699 -149/-881/-698 -180/-174/-153 -179/-175/-154 
f -724/-141/-696 -148/-140/-122 -175/-171/-150 -147/-139/-695 
f -145/-877/-694 -146/-876/-693 -172/-166/-145 -171/-167/-146 
f -144/-875/-692 -168/-162/-141 -180/-174/-153 -149/-881/-698 
f -143/-138/-691 -723/-137/-690 -154/-149/-128 -166/-160/-139 
f -722/-136/-689 -174/-168/-147 -165/-158/-137 -721/-135/-688 
f -169/-163/-142 -168/-162/-141 -141/-134/-121 -142/-133/-120 
f -140/-132/-685 -721/-135/-688 -165/-158/-137 -155/-148/-127 
f -177/-169/-148 -159/-152/-131 -164/-159/-138 
f -156/-151/-130 -164/-159/-138 -159/-152/-131 -139/-131/-119 
f -167/-161/-140 -157/-150/-129 -138/-130/-118 -162/-157/-136 
f -137/-129/-117 -178/-172/-151 -181/-173/-152 -160/-154/-133 
f -136/-128/-116 -137/-129/-117 -160/-154/-133 -135/-127/-115 
f -133/-126/-114 -134/-125/-113 -132/-124/-112 -161/-155/-134 
f -144/-875/-692 -131/-859/-676 -141/-134/-121 -168/-162/-141 
f -164/-159/-138 -156/-151/-130 -155/-148/-127 -165/-158/-137 
f -130/-123/-111 -158/-153/-132 -129/-122/-110 
f -169/-163/-142 -142/-133/-120 -135/-127/-115 -160/-154/-133 
f -723/-137/-690 -140/-132/-685 -155/-148/-127 -154/-149/-128 
f -157/-150/-129 -156/-151/-130 -139/-131/-119 -138/-130/-118 
f -128/-121/-109 -171/-167/-146 -170/-164/-143 -127/-120/-108 
f -157/-150/-129 -167/-161/-140 -166/-160/-139 -154/-149/-128 
f -151/-144/-123 -150/-145/-124 -126/-119/-107 -163/-156/-135 
f -127/-120/-108 -170/-164/-143 -161/-155/-134 -132/-124/-112 
f -705/-854/-671 -145/-877/-694 -171/-167/-146 -128/-121/-109 
f -727/-142/-700 -143/-138/-691 -166/-160/-139 -183/-178/-157 
f -167/-161/-140 -162/-157/-136 -184/-177/-156 
f -125/-118/-106 -126/-119/-107 -133/-126/-114 -186/-182/-160 
f -224/-117/-195 -125/-118/-106 -186/-182/-160 -226/-183/-197 
f -148/-140/-122 -179/-175/-154 -178/-172/-151 -124/-116/-105 
f -185/-180/-158 -702/-115/-668 -804/-114/-780 -226/-183/-197 
f -724/-141/-696 -726/-882/-699 -179/-175/-154 -148/-140/-122 
f -124/-116/-105 -178/-172/-151 -137/-129/-117 -129/-122/-110 
f -123/-113/-104 -129/-122/-110 -137/-129/-117 -136/-128/-116 
f -126/-119/-107 -150/-145/-124 -134/-125/-113 -133/-126/-114 
f -161/-155/-134 -187/-181/-159 -186/-182/-160 -133/-126/-114 
f -224/-117/-195 -223/-179/-194 -182/-176/-155 -125/-118/-106 
f -148/-140/-122 -124/-116/-105 -176/-170/-149 -175/-171/-150 
f -126/-119/-107 -125/-118/-106 -182/-176/-155 -163/-156/-135 
f -124/-116/-105 -129/-122/-110 -158/-153/-132 -176/-170/-149 
f -139/-131/-119 -152/-147/-126 -151/-144/-123 -138/-130/-118 
f -174/-168/-147 -722/-136/-689 -147/-139/-695 -175/-171/-150 
f -159/-152/-131 -158/-153/-132 -152/-147/-126 -139/-131/-119 
f -138/-130/-118 -151/-144/-123 -163/-156/-135 -162/-157/-136 
f -129/-122/-110 -123/-113/-104 -130/-123/-111 
f -172/-166/-145 -146/-876/-693 -702/-115/-668 -185/-180/-158 
f -172/-166/-145 -185/-180/-158 -187/-181/-159 -173/-165/-144 
f -173/-165/-144 -161/-155/-134 -170/-164/-143 
f -121/-112/-103 -122/-111/-102 -119/-110/-101 -120/-109/-100 
f -118/-108/-99 -121/-112/-103 -120/-109/-100 -117/-107/-98 
f -116/-106/-97 -119/-110/-101 -122/-111/-102 -115/-105/-96 
f -122/-111/-102 -114/-104/-95 -115/-105/-96 
f -117/-107/-98 -120/-109/-100 -113/-103/-94 
f -113/-103/-94 -120/-109/-100 -119/-110/-101 -112/-102/-93 
f -112/-102/-93 -119/-110/-101 -110/-101/-92 -111/-100/-91 
f -119/-110/-101 -116/-106/-97 -110/-101/-92 
f -107/-99/-90 -108/-98/-89 -109/-97/-88 -106/-96/-87 
f -108/-98/-89 -107/-99/-90 -105/-95/-86 -104/-94/-85 
f -105/-95/-86 -102/-93/-84 -103/-92/-83 -104/-94/-85 
f -101/-91/-82 -103/-92/-83 -102/-93/-84 -100/-90/-81 
f -100/-90/-81 -99/-89/-80 -98/-88/-79 -101/-91/-82 
f -99/-89/-80 -96/-87/-78 -97/-86/-77 -98/-88/-79 
f -96/-87/-78 -94/-85/-76 -95/-84/-75 -97/-86/-77 
f -95/-84/-75 -94/-85/-76 -106/-96/-87 -109/-97/-88 
f -93/-83/-74 -103/-92/-83 -101/-91/-82 -114/-82/-95 
f -92/-81/-73 -116/-80/-97 -98/-88/-79 -97/-86/-77 
f -90/-79/-72 -91/-78/-71 -95/-84/-75 -109/-97/-88 
f -88/-77/-70 -89/-76/-69 -109/-97/-88 -108/-98/-89 
f -87/-75/-68 -104/-94/-85 -103/-92/-83 -93/-83/-74 
f -114/-82/-95 -101/-91/-82 -98/-88/-79 -116/-80/-97 
f -97/-86/-77 -95/-84/-75 -91/-78/-71 -92/-81/-73 
f -86/-74/-67 -109/-97/-88 -89/-76/-69 
f -93/-83/-74 -85/-807/-628 -87/-75/-68 
f -89/-76/-69 -88/-77/-70 -83/-806/-627 -84/-805/-626 
f -91/-78/-71 -81/-73/-66 -82/-72/-65 
f -80/-71/-64 -92/-81/-73 -91/-78/-71 -82/-72/-65 
f -79/-70/-63 -89/-76/-69 -84/-805/-626 -78/-800/-621 
f -76/-69/-62 -77/-68/-61 -90/-79/-72 -86/-74/-67 
f -81/-73/-66 -91/-78/-71 -90/-79/-72 -77/-68/-61 
f -86/-74/-67 -90/-79/-72 -109/-97/-88 
f -79/-70/-63 -76/-69/-62 -86/-74/-67 -89/-76/-69 
f -73/-67/-60 -74/-66/-59 -75/-795/-616 -72/-796/-617 
f -70/-65/-58 -71/-64/-57 -74/-66/-59 -73/-67/-60 
f -68/-63/-56 -69/-62/-55 -71/-64/-57 -70/-65/-58 
f -67/-61/-54 -69/-62/-55 -68/-63/-56 -66/-60/-53 
f -81/-73/-66 -67/-61/-54 -66/-60/-53 -65/-59/-52 
f -81/-73/-66 -65/-59/-52 -82/-72/-65 
f -78/-800/-621 -75/-795/-616 -74/-66/-59 
f -79/-70/-63 -78/-800/-621 -74/-66/-59 -71/-64/-57 
f -79/-70/-63 -71/-64/-57 -69/-62/-55 -76/-69/-62 
f -69/-62/-55 -67/-61/-54 -77/-68/-61 -76/-69/-62 
f -67/-61/-54 -81/-73/-66 -77/-68/-61 
f -111/-58/-91 -110/-57/-92 -92/-81/-73 -80/-71/-64 
f -92/-81/-73 -110/-57/-92 -116/-80/-97 
f -116/-80/-97 -115/-56/-96 -114/-82/-95 
f -73/-67/-60 -72/-796/-617 -64/-782/-606 -63/-55/-51 
f -61/-780/-604 -62/-54/-50 -63/-55/-51 -64/-782/-606 
f -62/-54/-50 -61/-780/-604 -60/-778/-602 -59/-53/-49 
f -70/-65/-58 -73/-67/-60 -63/-55/-51 -58/-52/-48 
f -68/-63/-56 -70/-65/-58 -58/-52/-48 -57/-51/-47 
f -56/-50/-46 -66/-60/-53 -68/-63/-56 -57/-51/-47 
f -59/-53/-49 -60/-778/-602 -66/-60/-53 -56/-50/-46 
f -66/-60/-53 -60/-778/-602 -55/-774/-598 -65/-59/-52 
f -54/-773/-597 -85/-773/-628 -93/-49/-74 
f -52/-48/-45 -53/-47/-44 -62/-54/-50 -59/-53/-49 
f -63/-55/-51 -62/-54/-50 -53/-47/-44 
f -58/-52/-48 -63/-55/-51 -53/-47/-44 
f -53/-47/-44 -52/-48/-45 -57/-51/-47 -58/-52/-48 
f -56/-50/-46 -57/-51/-47 -52/-48/-45 
f -59/-53/-49 -56/-50/-46 -52/-48/-45 
f -88/-77/-70 -108/-98/-89 -104/-94/-85 -87/-75/-68 
f -83/-806/-627 -88/-77/-70 -87/-75/-68 -85/-807/-628 
f -107/-99/-90 -51/-46/-43 -105/-95/-86 
f -105/-95/-86 -51/-46/-43 -50/-45/-42 -102/-93/-84 
f -49/-44/-41 -100/-90/-81 -102/-93/-84 -50/-45/-42 
f -100/-90/-81 -49/-44/-41 -48/-43/-40 -99/-89/-80 
f -48/-43/-40 -47/-42/-39 -96/-87/-78 -99/-89/-80 
f -47/-42/-39 -46/-41/-38 -94/-85/-76 -96/-87/-78 
f -94/-85/-76 -46/-41/-38 -45/-40/-37 -106/-96/-87 
f -106/-96/-87 -45/-40/-37 -44/-39/-36 
f -44/-39/-36 -51/-46/-43 -107/-99/-90 -106/-96/-87 
f -55/-761/-598 -705/-854/-671 -128/-121/-109 -65/-38/-52 
f -65/-38/-52 -128/-121/-109 -127/-120/-108 -82/-37/-65 
f -127/-120/-108 -132/-124/-112 -80/-36/-64 -82/-37/-65 
f -134/-125/-113 -150/-145/-124 -113/-103/-94 -112/-102/-93 
f -141/-134/-121 -131/-859/-676 -54/-773/-597 -93/-49/-74 
f -142/-133/-120 -141/-134/-121 -93/-49/-74 -114/-104/-95 
f -135/-127/-115 -142/-133/-120 -114/-104/-95 -122/-111/-102 
f -136/-128/-116 -135/-127/-115 -122/-111/-102 -121/-112/-103 
f -118/-108/-99 -123/-113/-104 -136/-128/-116 -121/-112/-103 
f -130/-123/-111 -123/-113/-104 -118/-108/-99 -117/-107/-98 
f -113/-103/-94 -150/-145/-124 -153/-146/-125 -117/-107/-98 
f -153/-146/-125 -130/-123/-111 -117/-107/-98 
f -112/-102/-93 -132/-124/-112 -134/-125/-113 
f -132/-124/-112 -112/-102/-93 -111/-100/-91 -80/-36/-64 
f -46/-41/-38 -47/-42/-39 -49/-44/-41 -50/-45/-42 
f -45/-40/-37 -46/-41/-38 -50/-45/-42 -51/-46/-43 
f -44/-39/-36 -45/-40/-37 -51/-46/-43 
f -48/-43/-40 -49/-44/-41 -47/-42/-39 
f -40/-35/-35 -43/-34/-34 -42/-33/-33 -41/-32/-32 
f -38/-31/-31 -42/-33/-33 -43/-34/-34 -39/-30/-30 
f -34/-29/-29 -37/-28/-28 -36/-27/-27 -35/-26/-26 
f -41/-32/-32 -34/-29/-29 -35/-26/-26 -40/-35/-35 
f -32/-25/-25 -33/-24/-24 -34/-29/-29 -41/-32/-32 
f -31/-23/-23 -32/-25/-25 -41/-32/-32 -42/-33/-33 
f -30/-22/-22 -31/-23/-23 -42/-33/-33 -38/-31/-31 
f -12/-21/-21 -30/-22/-22 -38/-31/-31 -13/-20/-20 
f -37/-28/-28 -34/-29/-29 -28/-19/-19 
f -39/-30/-30 -9/-18/-18 -13/-20/-20 -38/-31/-31 
f -26/-17/-17 -27/-16/-16 -24/-15/-15 -25/-14/-14 
f -27/-16/-16 -26/-17/-17 -22/-13/-13 -23/-12/-12 
f -20/-11/-11 -21/-10/-10 -18/-9/-9 -19/-8/-8 
f -25/-14/-14 -24/-15/-15 -19/-8/-8 -18/-9/-9 
f -18/-9/-9 -17/-7/-7 -16/-6/-6 -25/-14/-14 
f -25/-14/-14 -16/-6/-6 -15/-5/-5 -26/-17/-17 
f -26/-17/-17 -15/-5/-5 -14/-4/-4 -22/-13/-13 
f -22/-13/-13 -14/-4/-4 -12/-21/-21 -13/-20/-20 
f -21/-10/-10 -10/-3/-3 -18/-9/-9 
f -23/-12/-12 -22/-13/-13 -13/-20/-20 -9/-18/-18 
f -710/-858/-675 -709/-848/-667 -736/-894/-710 
f -152/-147/-126 -158/-153/-132 -130/-123/-111 -153/-146/-125 
f -8/-989/-772 -540/-1413/-1094 -7/-746/-575 
f -622/-750/-579 -619/-748/-577 -6/-749/-578 
f -1188/-1523/-1186 -5/-1512/-1175 -8/-989/-772 -542/-1416/-1097 
f -1182/-1206/-941 -5/-1512/-1175 -1188/-1523/-1186 -1189/-1524/-1187 
f -4/-1514/-1177 -5/-1512/-1175 -1182/-1206/-941 -1181/-1424/-1103 
f -6/-749/-578 -3/-751/-580 -622/-750/-579 
f -4/-1514/-1177 -1181/-1424/-1103 -1109/-1515/-1178 
f -4/-1514/-1177 -1109/-1515/-1178 -1/-1516/-1179 
f -6/-749/-578 -7/-746/-575 -623/-653/-500 
f -6/-749/-578 -623/-653/-500 -3/-751/-580 
f -624/-1414/-1095 -2/-1517/-1180 -3/-751/-580 -623/-653/-500 
f -1/-1516/-1179 -2/-1517/-1180 -624/-1414/-1095 -1183/-1513/-1176 
f -1/-1516/-1179 -1183/-1513/-1176 -4/-1514/-1177 
f -28/-19/-19 -34/-29/-29 -33/-24/-24 -29/-2/-2 
f -17/-7/-7 -18/-9/-9 -10/-3/-3 -11/-1/-1 
f -941/-1181/-922 -944/-1188/-926 -938/-1180/-921 -940/-1058/-816 
f -375/-435/-339 -369/-430/-335 -368/-312/-233 -366/-429/-334 
# 1112 polygons - 122 triangles

